Klatka,Biodro_X,Biodro_Y,Kolano_X,Kolano_Y,Kostka_X,Kostka_Y
0,301.2160339355469,783.6884765625,303.3973388671875,1088.8751220703125,348.9635925292969,1355.0128173828125
1,300.3289794921875,785.6444091796875,301.95391845703125,1088.205322265625,349.8072509765625,1353.480224609375
2,298.6630554199219,786.099853515625,301.1750183105469,1088.4107666015625,350.1344909667969,1352.5225830078125
3,299.458984375,788.0593872070312,300.97113037109375,1091.2794189453125,348.94024658203125,1355.399169921875
4,299.3437805175781,789.5250244140625,300.4992980957031,1092.56494140625,345.0909118652344,1354.7296142578125
5,298.236083984375,789.2760009765625,298.13031005859375,1092.4815673828125,345.1636047363281,1356.1029052734375
6,299.4171447753906,788.4688720703125,298.0235595703125,1092.107666015625,344.6018371582031,1356.9918212890625
7,299.4664306640625,787.41650390625,296.7980651855469,1090.872802734375,344.3698425292969,1356.6954345703125
8,297.214599609375,786.1615600585938,297.9645080566406,1090.8050537109375,349.2889099121094,1359.1116943359375
9,296.3458557128906,784.4222412109375,297.6788024902344,1090.673828125,350.5036926269531,1359.2991943359375
10,295.3554382324219,785.7376098632812,296.37469482421875,1090.963623046875,351.25701904296875,1359.310546875
11,295.8317565917969,785.0958862304688,296.4249572753906,1090.6124267578125,352.7423400878906,1360.1990966796875
12,296.8942565917969,786.128173828125,298.20465087890625,1091.75,355.4383850097656,1360.8922119140625
13,297.9513244628906,783.8038330078125,299.0343933105469,1091.60302734375,357.32623291015625,1361.062255859375
14,298.80413818359375,783.8471069335938,300.31365966796875,1091.6337890625,354.5351257324219,1360.6168212890625
15,300.0968017578125,785.0584716796875,300.7695007324219,1092.541015625,356.04833984375,1361.017578125
16,299.94708251953125,783.55810546875,299.5637512207031,1092.0047607421875,355.1781311035156,1359.9595947265625
17,303.7740478515625,785.50927734375,302.6229248046875,1093.408203125,357.14886474609375,1359.8594970703125
18,303.56768798828125,783.241943359375,303.0621032714844,1092.0838623046875,359.76141357421875,1358.783203125
19,302.6043395996094,783.6326293945312,303.910400390625,1091.884033203125,361.2016296386719,1358.611083984375
20,304.5276794433594,785.0714721679688,305.1807861328125,1091.8978271484375,363.55474853515625,1359.4073486328125
21,308.2387390136719,786.8329467773438,306.8615417480469,1093.433349609375,364.8122863769531,1361.36572265625
22,309.7838134765625,786.23828125,308.67828369140625,1093.7501220703125,366.6955261230469,1362.9276123046875
23,309.0005798339844,783.9730224609375,308.1056213378906,1091.890625,366.78607177734375,1361.157958984375
24,311.3263854980469,784.116943359375,311.09130859375,1091.7320556640625,367.5317687988281,1361.80029296875
25,313.7983703613281,786.5227661132812,312.6075134277344,1092.940185546875,367.0972595214844,1360.1416015625
26,313.8937072753906,785.2238159179688,313.5853271484375,1093.4093017578125,370.9611511230469,1361.117919921875
27,314.54461669921875,784.3143920898438,313.6874694824219,1092.4884033203125,373.40325927734375,1359.122802734375
28,315.6495666503906,784.7366333007812,313.8006896972656,1093.285400390625,370.71185302734375,1360.915771484375
29,314.961181640625,784.5797119140625,314.70928955078125,1093.32275390625,374.0378723144531,1362.2000732421875
30,314.24481201171875,784.6143188476562,314.58160400390625,1092.9259033203125,378.89044189453125,1363.169189453125
31,314.30035400390625,784.0863647460938,315.40142822265625,1093.400390625,380.2119140625,1363.043701171875
32,318.3689880371094,783.33935546875,318.26953125,1093.5511474609375,382.9837646484375,1365.780029296875
33,319.1368408203125,782.3587646484375,317.1090087890625,1092.76513671875,381.0426025390625,1363.8597412109375
34,321.3758239746094,781.0802001953125,317.9041442871094,1091.414794921875,379.51422119140625,1364.81591796875
35,323.46270751953125,779.8980102539062,318.8427734375,1091.251708984375,376.7022705078125,1366.3524169921875
36,324.1086730957031,780.346435546875,318.59161376953125,1090.0635986328125,381.5433044433594,1365.421142578125
37,325.1272888183594,782.0234985351562,319.2498779296875,1090.46337890625,380.527587890625,1365.50048828125
38,325.7327575683594,782.2172241210938,319.6698303222656,1090.7677001953125,382.3924255371094,1364.76123046875
39,325.33782958984375,782.2685546875,319.4333801269531,1091.1827392578125,379.80413818359375,1367.6419677734375
40,328.54083251953125,780.185546875,321.08526611328125,1089.7384033203125,384.2991943359375,1369.0452880859375
41,328.8580017089844,779.4937133789062,320.656494140625,1089.613525390625,388.0581970214844,1368.0421142578125
42,330.84515380859375,776.8624877929688,317.5478210449219,1088.9857177734375,387.3819580078125,1366.2354736328125
43,331.1878967285156,777.5831909179688,317.96429443359375,1089.9678955078125,392.7395324707031,1366.915283203125
44,330.8183288574219,777.4153442382812,317.8531799316406,1090.2186279296875,395.23382568359375,1367.826416015625
45,330.646728515625,777.64013671875,317.7096862792969,1089.64990234375,396.4271240234375,1365.8017578125
46,330.8237609863281,780.5480346679688,318.2399597167969,1090.0338134765625,399.14593505859375,1364.42041015625
47,330.6416015625,781.9595947265625,318.9074401855469,1090.4498291015625,399.7389221191406,1365.23876953125
48,330.6431884765625,784.0005493164062,319.8058166503906,1093.521240234375,398.5754699707031,1369.724609375
49,328.8655090332031,783.7966918945312,324.18896484375,1094.3031005859375,406.8180847167969,1371.3160400390625
50,331.4769287109375,783.1357421875,326.3841857910156,1093.935791015625,411.1337585449219,1370.87451171875
51,331.1673889160156,783.5972900390625,327.1541748046875,1094.781005859375,414.11700439453125,1370.4881591796875
52,330.7797546386719,782.9273071289062,327.98199462890625,1093.9581298828125,419.15618896484375,1369.3388671875
53,331.1933288574219,784.112548828125,328.0191955566406,1093.506591796875,418.25714111328125,1368.2908935546875
54,332.4472961425781,784.58056640625,328.49627685546875,1093.599609375,420.91644287109375,1368.65673828125
55,333.2774963378906,783.6538696289062,329.2408447265625,1092.39208984375,424.0450134277344,1368.111328125
56,334.3044738769531,782.6627807617188,330.2528076171875,1091.8883056640625,426.37591552734375,1368.428466796875
57,332.92742919921875,782.3373413085938,328.958984375,1091.1513671875,429.0780029296875,1367.4932861328125
58,333.33856201171875,780.9312744140625,327.7837219238281,1089.96923828125,433.1296691894531,1365.096435546875
59,338.5535888671875,777.4647216796875,327.39251708984375,1089.1029052734375,436.1720886230469,1365.202880859375
60,337.65985107421875,777.0755004882812,329.00262451171875,1086.783203125,443.88848876953125,1357.1060791015625
61,342.0838317871094,778.5831298828125,327.18292236328125,1083.4578857421875,446.0870361328125,1351.3287353515625
62,341.2391052246094,777.3614501953125,329.21551513671875,1076.127685546875,452.543701171875,1342.3778076171875
63,345.0793762207031,779.7105102539062,334.72381591796875,1078.3818359375,441.9705505371094,1349.867919921875
64,343.0968933105469,778.8480834960938,338.88665771484375,1084.9527587890625,416.4136962890625,1365.880615234375
65,342.8467712402344,780.2943115234375,338.3100891113281,1092.9544677734375,399.39837646484375,1379.5126953125
66,346.3377380371094,779.6729736328125,340.163818359375,1093.5697021484375,389.671875,1387.6109619140625
67,330.2210693359375,770.0543212890625,323.1658630371094,1087.91748046875,359.7831115722656,1387.78857421875
68,327.6592712402344,765.1758422851562,304.70654296875,1090.0712890625,320.19635009765625,1392.212158203125
69,338.0739440917969,767.0004272460938,306.21087646484375,1092.69921875,319.08184814453125,1397.7955322265625
70,339.76788330078125,767.160888671875,307.13958740234375,1091.877685546875,302.27801513671875,1397.5458984375
71,345.86138916015625,763.7173461914062,300.8404846191406,1091.76904296875,276.4280090332031,1403.4647216796875
72,341.9970703125,766.30615234375,293.6521911621094,1095.8682861328125,258.18658447265625,1411.435546875
73,337.12579345703125,769.9235229492188,297.1365661621094,1093.4681396484375,257.3895568847656,1406.0438232421875
74,363.90142822265625,771.8995971679688,392.8807373046875,1087.672119140625,417.58282470703125,1390.5286865234375
75,360.963134765625,774.773681640625,388.4315185546875,1089.3251953125,413.0162658691406,1390.9178466796875
76,373.8010559082031,775.9070434570312,404.4527282714844,1089.465087890625,435.7977294921875,1384.6435546875
77,363.4317626953125,776.2451171875,398.50836181640625,1089.6387939453125,436.137939453125,1384.5068359375
78,365.0834655761719,773.6456909179688,401.2967834472656,1086.6614990234375,443.5328063964844,1379.0291748046875
79,366.164794921875,776.1256713867188,401.6114501953125,1086.33642578125,446.8370361328125,1378.2510986328125
80,355.8261413574219,768.4402465820312,377.34814453125,1093.634521484375,408.3995361328125,1391.758544921875
81,363.4266662597656,764.297607421875,391.45458984375,1088.208740234375,439.06329345703125,1381.29638671875
82,363.28912353515625,759.9468994140625,391.3108825683594,1082.2265625,447.2220153808594,1374.4676513671875
83,361.52490234375,757.2960205078125,386.3155517578125,1074.9222412109375,448.5637512207031,1369.26611328125
84,360.1971435546875,763.14794921875,382.3909912109375,1078.327880859375,452.39825439453125,1368.3612060546875
85,365.1410827636719,762.8536987304688,377.904052734375,1074.2447509765625,454.9305725097656,1366.4766845703125
86,362.1461181640625,763.0213623046875,370.1920471191406,1074.3231201171875,454.3861083984375,1363.5316162109375
87,360.2635803222656,759.8501586914062,361.0699157714844,1073.92236328125,447.216064453125,1362.17529296875
88,351.2026062011719,758.9423217773438,346.4202575683594,1069.2337646484375,435.6795959472656,1359.2864990234375
89,350.0115051269531,755.5075073242188,340.4980773925781,1068.932373046875,430.31561279296875,1357.94482421875
90,344.46142578125,753.6796875,332.3465881347656,1066.04248046875,424.5769958496094,1355.467529296875
91,341.7693786621094,749.2582397460938,329.2370910644531,1061.8055419921875,421.5619812011719,1349.2835693359375
92,341.9008483886719,747.8668212890625,325.1505126953125,1061.0765380859375,415.85174560546875,1349.0013427734375
93,345.04510498046875,746.4577026367188,326.0190124511719,1063.4161376953125,409.70098876953125,1355.9007568359375
94,343.7745361328125,746.6209716796875,322.0927429199219,1071.229736328125,398.27081298828125,1365.35009765625
95,344.8415832519531,746.7406005859375,316.00177001953125,1079.8751220703125,385.3905029296875,1383.615478515625
96,346.6394348144531,745.2730712890625,314.2679443359375,1086.31396484375,367.9294128417969,1397.7530517578125
97,350.3349914550781,749.7923583984375,312.3554992675781,1091.4840087890625,345.3438720703125,1404.913818359375
98,343.9388732910156,745.4998168945312,303.7772216796875,1081.77294921875,331.0122375488281,1393.657470703125
99,346.6290588378906,749.9010009765625,302.865234375,1084.623779296875,318.3359375,1384.295654296875
100,339.46319580078125,747.3756103515625,288.3740234375,1079.4083251953125,294.9988708496094,1376.4466552734375
101,341.05059814453125,751.177001953125,283.9471435546875,1079.361328125,273.3195495605469,1377.2052001953125
102,329.46728515625,751.06396484375,270.25830078125,1073.9635009765625,252.01492309570312,1369.5257568359375
103,327.04229736328125,751.9017944335938,265.2003479003906,1073.155029296875,236.79940795898438,1372.376953125
104,332.5957336425781,751.6285400390625,258.54779052734375,1069.670654296875,235.95501708984375,1374.169677734375
105,319.40301513671875,752.405517578125,256.03765869140625,1071.3592529296875,233.03302001953125,1374.806396484375
106,319.4048156738281,754.1295166015625,258.9126281738281,1075.80908203125,233.66827392578125,1376.709228515625
107,313.5511169433594,756.0300903320312,259.7998352050781,1072.1812744140625,250.2901611328125,1374.5572509765625
108,306.447021484375,754.6683349609375,259.720458984375,1075.527587890625,249.36758422851562,1378.932373046875
109,300.7975769042969,752.5828857421875,260.593017578125,1074.438720703125,256.9396057128906,1377.47021484375
110,306.01165771484375,764.9222412109375,272.4978332519531,1067.7835693359375,276.3778381347656,1368.0509033203125
111,290.7556457519531,755.564453125,264.63885498046875,1072.529052734375,281.7920227050781,1368.324462890625
112,292.5360412597656,756.3845825195312,267.0819396972656,1073.6634521484375,287.27642822265625,1369.4705810546875
113,309.5126037597656,768.0732421875,275.6673889160156,1076.1031494140625,295.9910888671875,1371.9990234375
114,307.54425048828125,765.2382202148438,276.1262512207031,1075.20556640625,303.65008544921875,1371.8712158203125
115,295.1319885253906,749.7828369140625,272.3503723144531,1077.3426513671875,307.9770812988281,1382.673583984375
116,310.15936279296875,764.3818969726562,278.2615661621094,1080.746337890625,317.9227600097656,1377.3216552734375
117,313.3729553222656,761.4296264648438,281.9404602050781,1082.05517578125,328.90081787109375,1379.2774658203125
118,298.0121154785156,749.3948364257812,272.8429870605469,1085.87451171875,329.38458251953125,1381.162841796875
119,293.35968017578125,752.7554321289062,270.9996032714844,1093.7823486328125,332.2515869140625,1381.3048095703125
120,298.0697937011719,752.42578125,275.7459411621094,1096.04736328125,340.2402648925781,1383.8013916015625
121,311.480712890625,763.92919921875,283.63507080078125,1094.9375,356.3702392578125,1378.6578369140625
122,309.70953369140625,766.0081176757812,276.7752990722656,1094.041015625,370.7779541015625,1370.284912109375
123,309.3853454589844,768.47900390625,267.3897399902344,1085.2510986328125,381.1770935058594,1354.395751953125
124,315.4693298339844,762.8051147460938,268.8374328613281,1081.3323974609375,391.85516357421875,1336.7532958984375
125,324.0533752441406,763.2134399414062,266.6931457519531,1078.3839111328125,398.9129638671875,1329.320068359375
126,325.7862854003906,759.5615844726562,263.99212646484375,1070.4169921875,399.8810119628906,1331.7012939453125
127,317.34490966796875,763.1417236328125,259.7803649902344,1072.297607421875,382.88885498046875,1334.9708251953125
128,323.46240234375,762.842529296875,269.664306640625,1074.5537109375,372.4955749511719,1343.1163330078125
129,314.3994140625,768.7756958007812,266.4100341796875,1079.24267578125,354.103271484375,1351.314453125
130,319.08709716796875,771.2142333984375,268.03179931640625,1082.5418701171875,321.6586608886719,1360.63037109375
131,319.95001220703125,784.4528198242188,269.1444091796875,1086.382568359375,294.57989501953125,1380.0146484375
132,327.1219787597656,782.08740234375,270.5240783691406,1086.476806640625,258.5387878417969,1386.0985107421875
133,332.9499206542969,779.5805053710938,275.1995849609375,1088.0989990234375,231.26739501953125,1389.6710205078125
134,343.4975891113281,780.7490844726562,278.73651123046875,1095.094482421875,209.8528289794922,1401.0872802734375
135,344.2374572753906,776.0552368164062,277.61090087890625,1089.8115234375,197.87673950195312,1393.638916015625
136,352.5387268066406,778.866455078125,278.2552490234375,1093.870849609375,198.3651123046875,1398.7769775390625
137,349.8444519042969,787.0009155273438,280.69110107421875,1098.198486328125,220.8968505859375,1400.33837890625
138,355.7186584472656,783.3674926757812,294.3148193359375,1093.15771484375,257.742919921875,1395.3988037109375
139,384.0202331542969,780.7761840820312,423.05328369140625,1089.0653076171875,486.816650390625,1379.134521484375
140,376.3876037597656,780.1133422851562,395.1838073730469,1091.1536865234375,446.3414001464844,1383.083251953125
141,358.0876770019531,776.1302490234375,302.4329833984375,1100.26904296875,288.2605895996094,1400.7025146484375
142,349.48931884765625,775.787353515625,285.057861328125,1103.0755615234375,275.65594482421875,1400.2996826171875
143,367.8413391113281,777.9343872070312,381.7028503417969,1094.866455078125,451.9027404785156,1378.4337158203125
144,377.0629577636719,773.366455078125,409.953369140625,1079.677734375,520.9779052734375,1349.1485595703125
145,380.7532043457031,771.140625,401.081298828125,1078.77294921875,520.8944702148438,1342.936279296875
146,388.42584228515625,765.1527709960938,390.8066101074219,1070.968994140625,511.5912780761719,1337.4207763671875
147,394.4895935058594,756.3780517578125,382.7733154296875,1068.64208984375,489.87359619140625,1337.889404296875
148,399.7445983886719,755.7918090820312,371.66839599609375,1071.3284912109375,472.070068359375,1332.44091796875
149,401.28021240234375,752.7020263671875,354.6714782714844,1064.4732666015625,443.8532409667969,1332.2513427734375
150,401.2283020019531,751.5474853515625,362.4280700683594,1068.91650390625,441.90484619140625,1343.0699462890625
151,398.328369140625,754.413818359375,360.4128112792969,1071.4945068359375,437.00823974609375,1343.3079833984375
152,401.133544921875,746.436767578125,356.0950012207031,1074.9483642578125,401.42010498046875,1363.5257568359375
153,403.5838623046875,748.4027099609375,352.8501281738281,1083.8558349609375,373.09442138671875,1380.1739501953125
154,399.8454284667969,744.9708251953125,351.53369140625,1077.4703369140625,363.3050842285156,1369.28662109375
155,407.6539611816406,742.9282836914062,340.7745666503906,1066.9481201171875,329.4212341308594,1351.3602294921875
156,408.2030944824219,740.3631591796875,333.14215087890625,1064.15478515625,317.16558837890625,1353.7181396484375
157,409.50091552734375,738.749267578125,328.5755920410156,1061.4642333984375,303.69049072265625,1353.669677734375
158,416.5496826171875,739.5671997070312,327.6946716308594,1061.7081298828125,282.6606750488281,1357.174560546875
159,400.6380615234375,746.8240966796875,319.12249755859375,1063.0440673828125,267.6512145996094,1341.78955078125
160,399.1105041503906,743.71728515625,312.3724670410156,1052.2005615234375,266.3964538574219,1338.0328369140625
161,403.76055908203125,745.1453247070312,306.3285827636719,1051.025146484375,251.13502502441406,1335.4710693359375
162,405.4466857910156,747.3230590820312,306.9490661621094,1050.656982421875,248.42921447753906,1334.921142578125
163,410.3375244140625,747.4523315429688,308.9090576171875,1054.1422119140625,247.03436279296875,1344.5782470703125
164,413.6201477050781,751.2011108398438,311.6761169433594,1063.7603759765625,242.5868682861328,1355.176025390625
165,412.6370544433594,754.8560791015625,314.25250244140625,1067.2633056640625,247.67930603027344,1354.1326904296875
166,414.497314453125,767.9271240234375,324.916259765625,1062.9866943359375,255.22732543945312,1346.96044921875
167,414.8954162597656,769.05615234375,326.73919677734375,1063.8956298828125,259.90777587890625,1354.626708984375
168,416.4798278808594,772.8685913085938,327.3590087890625,1069.112548828125,274.1381530761719,1361.5167236328125
169,412.7718505859375,776.8375854492188,328.33575439453125,1078.4527587890625,280.836181640625,1368.3985595703125
170,415.53863525390625,777.5637817382812,328.71136474609375,1081.5477294921875,286.91986083984375,1375.0731201171875
171,408.884521484375,776.021484375,325.9272766113281,1081.0828857421875,298.5042724609375,1373.4100341796875
172,401.4306335449219,772.31689453125,326.76361083984375,1079.063720703125,308.6425476074219,1372.0374755859375
173,397.76165771484375,759.0781860351562,320.4299011230469,1091.8309326171875,308.06591796875,1382.390380859375
174,399.6463623046875,757.4583129882812,323.2052001953125,1095.2841796875,322.44964599609375,1382.2335205078125
175,397.26727294921875,758.2470092773438,326.3816833496094,1091.2742919921875,334.74737548828125,1385.4124755859375
176,398.88153076171875,754.419677734375,328.30902099609375,1092.473388671875,346.505859375,1376.7034912109375
177,395.5829162597656,755.7012329101562,324.41082763671875,1094.1103515625,364.7639465332031,1382.5616455078125
178,404.1615905761719,751.6443481445312,328.65545654296875,1097.099609375,379.5399475097656,1383.1429443359375
179,411.71978759765625,750.1819458007812,333.6116943359375,1101.116455078125,390.6099548339844,1381.742431640625
180,407.6282958984375,746.3369750976562,327.55517578125,1105.8577880859375,403.5494689941406,1381.431640625
181,411.1620788574219,764.2733154296875,334.4332580566406,1097.6273193359375,438.2924499511719,1363.1414794921875
182,401.4721374511719,749.0193481445312,330.5736999511719,1077.7576904296875,441.44305419921875,1343.3006591796875
183,399.5694885253906,751.5335693359375,328.0614929199219,1065.3843994140625,454.6332092285156,1329.212646484375
184,406.29229736328125,754.7487182617188,344.9158630371094,1076.983154296875,448.64263916015625,1352.2734375
185,382.7347717285156,759.3344116210938,323.31683349609375,1078.98486328125,394.7121276855469,1367.6500244140625
186,379.215576171875,763.292236328125,313.902099609375,1080.4588623046875,344.2017517089844,1374.618408203125
187,376.3172607421875,766.6717529296875,306.8189697265625,1082.694091796875,295.99017333984375,1384.315185546875
188,422.9253234863281,775.1510009765625,444.8616943359375,1073.731201171875,494.0663757324219,1373.2559814453125
189,423.1489562988281,779.4285888671875,460.8838195800781,1075.487548828125,495.6848449707031,1376.63623046875
190,391.2095947265625,778.6871337890625,313.6566467285156,1081.93408203125,228.41514587402344,1389.96875
191,385.300537109375,784.431396484375,302.945556640625,1090.8363037109375,221.23751831054688,1395.8873291015625
192,376.4024353027344,788.486572265625,299.39849853515625,1098.9456787109375,231.89295959472656,1403.2734375
193,410.4959411621094,789.4979248046875,480.7956237792969,1087.0006103515625,571.7289428710938,1374.453125
194,397.81561279296875,777.3484497070312,425.0459289550781,1098.1517333984375,492.5030212402344,1390.6322021484375
195,412.3329162597656,771.0313720703125,474.5707702636719,1085.64453125,597.6454467773438,1366.9852294921875
196,404.7070617675781,772.436279296875,464.9136047363281,1082.77099609375,602.4720458984375,1361.207763671875
197,361.5897521972656,770.7731323242188,280.79168701171875,1099.7850341796875,298.5611267089844,1386.678955078125
198,370.43170166015625,771.3909301757812,359.60113525390625,1091.871826171875,456.821044921875,1364.8740234375
199,378.7602844238281,767.2589721679688,428.47772216796875,1072.189208984375,587.794189453125,1331.724609375
200,371.8352355957031,767.7127685546875,405.3963623046875,1068.030517578125,563.435302734375,1321.810546875
201,369.6646728515625,765.5159912109375,390.34552001953125,1066.45166015625,540.8016967773438,1321.45458984375
202,365.02276611328125,758.8905639648438,371.79217529296875,1059.125244140625,511.326904296875,1327.413330078125
203,364.2847900390625,757.6980590820312,357.46978759765625,1062.5994873046875,495.52532958984375,1312.5684814453125
204,363.0720520019531,757.6195678710938,337.32293701171875,1067.7725830078125,464.9333801269531,1327.45166015625
205,361.36334228515625,757.3037109375,317.4992980957031,1071.3817138671875,432.6717529296875,1359.0029296875
206,361.53460693359375,755.9896240234375,301.1778564453125,1067.7086181640625,374.37030029296875,1344.728759765625
207,339.58831787109375,753.6768188476562,276.8338928222656,1052.958984375,323.54425048828125,1324.1644287109375
208,348.7381896972656,750.1775512695312,275.57208251953125,1063.3326416015625,280.43878173828125,1345.1395263671875
209,361.0254211425781,744.7559204101562,271.0935974121094,1071.2142333984375,233.27865600585938,1360.9871826171875
210,372.7574462890625,747.8468627929688,271.4607849121094,1065.810302734375,208.8733673095703,1346.5546875
211,383.5360412597656,759.4189453125,269.8780212402344,1066.6072998046875,196.63934326171875,1359.302490234375
212,379.03375244140625,763.086181640625,272.59222412109375,1068.2764892578125,205.65069580078125,1369.28466796875
213,377.2108459472656,764.5272827148438,267.44171142578125,1074.2955322265625,202.0139617919922,1373.9473876953125
214,367.9361877441406,767.6658325195312,263.6650085449219,1081.2327880859375,206.2169647216797,1376.5086669921875
215,353.9197998046875,766.6510009765625,257.38604736328125,1092.2733154296875,206.66949462890625,1381.405029296875
216,345.4323425292969,766.2896118164062,259.4487609863281,1095.3328857421875,231.41351318359375,1383.36865234375
217,336.6454772949219,757.4910888671875,256.4432373046875,1090.4664306640625,260.4754638671875,1374.7552490234375
218,345.5788269042969,754.0532836914062,258.1707763671875,1094.4874267578125,270.2597351074219,1375.0364990234375
219,354.2783203125,753.9891357421875,263.04986572265625,1101.558349609375,288.4991455078125,1374.564453125
220,318.70654296875,768.7498168945312,257.3816223144531,1107.869384765625,308.4360656738281,1373.67333984375
221,318.2164306640625,766.7179565429688,274.1285095214844,1092.918701171875,351.79541015625,1353.65771484375
222,322.8636474609375,765.696044921875,276.376220703125,1084.7021484375,376.87493896484375,1341.9876708984375
223,314.6924133300781,773.394287109375,277.4781188964844,1072.00048828125,395.8232116699219,1320.2081298828125
224,326.7094421386719,767.23486328125,301.0469665527344,1076.2457275390625,415.6365966796875,1335.50244140625
225,342.5624084472656,762.488525390625,316.50396728515625,1080.853515625,402.9505310058594,1358.228759765625
226,322.8375549316406,766.0377807617188,295.06768798828125,1085.488037109375,363.7189636230469,1363.5146484375
227,340.98626708984375,766.3152465820312,329.1101989746094,1088.3026123046875,381.3659362792969,1375.3720703125
228,332.17218017578125,768.9635620117188,292.6231689453125,1092.191162109375,296.87164306640625,1380.296875
229,328.53131103515625,769.5503540039062,272.4874267578125,1097.028076171875,235.04493713378906,1389.4493408203125
230,346.2531433105469,775.9306640625,278.4879455566406,1099.9998779296875,217.91259765625,1400.606201171875
231,351.2618713378906,776.2340698242188,280.37078857421875,1101.63916015625,192.38229370117188,1397.3583984375
232,353.7843933105469,779.0072021484375,281.54608154296875,1105.9840087890625,183.94972229003906,1401.9287109375
233,348.4595031738281,784.4580688476562,274.40191650390625,1107.318603515625,187.70733642578125,1400.6070556640625
234,350.0522766113281,784.6005859375,305.9861145019531,1093.230712890625,272.61639404296875,1390.714599609375
235,383.84320068359375,788.1923828125,472.0993957519531,1085.392822265625,571.6318359375,1365.2601318359375
236,388.359375,786.7943725585938,468.6148681640625,1087.9117431640625,591.2479248046875,1363.2733154296875
237,353.88739013671875,776.5508422851562,339.76171875,1101.7371826171875,371.87493896484375,1386.2471923828125
238,361.7783508300781,775.573974609375,402.8299255371094,1098.0604248046875,497.4721984863281,1369.70361328125
239,379.2206115722656,767.1082153320312,444.11993408203125,1077.334716796875,604.065673828125,1336.48779296875
240,364.0521545410156,762.6492309570312,426.0641174316406,1070.36279296875,594.9047241210938,1322.900146484375
241,364.36297607421875,766.4094848632812,412.38226318359375,1068.3321533203125,574.5774536132812,1292.78857421875
242,363.26324462890625,766.8677368164062,397.00048828125,1066.388916015625,551.2203979492188,1295.8359375
243,367.0740051269531,758.089599609375,377.2613830566406,1057.89599609375,528.1807861328125,1291.622802734375
244,382.0569763183594,746.984619140625,375.45758056640625,1061.65576171875,504.40625,1307.8289794921875
245,401.0479431152344,742.04736328125,368.53851318359375,1065.6153564453125,486.8295593261719,1335.4541015625
246,364.1795654296875,744.1854858398438,356.0395202636719,1077.4068603515625,398.6965026855469,1379.980712890625
247,370.7375183105469,745.943115234375,339.39263916015625,1071.3013916015625,367.0107727050781,1371.6180419921875
248,376.1827087402344,742.7691040039062,332.1873779296875,1062.5548095703125,338.4957580566406,1377.4193115234375
249,380.4617004394531,739.4696655273438,316.2986755371094,1069.3197021484375,322.0582580566406,1353.732177734375
250,418.677734375,750.148681640625,332.2626647949219,1047.5604248046875,296.22772216796875,1333.7149658203125
251,427.69061279296875,748.056884765625,337.6603088378906,1042.6253662109375,261.83770751953125,1340.9532470703125
252,430.3779602050781,752.0233764648438,331.9396667480469,1043.5367431640625,248.52806091308594,1335.2418212890625
253,439.29815673828125,760.6629028320312,323.6595458984375,1050.657958984375,242.01727294921875,1340.3226318359375
254,438.56719970703125,767.8815307617188,318.3977966308594,1068.3304443359375,242.0400848388672,1363.02392578125
255,433.1285095214844,776.5201416015625,318.4301452636719,1078.9580078125,252.83058166503906,1370.213134765625
256,430.1409606933594,773.9389038085938,318.3353576660156,1083.5391845703125,271.9569396972656,1373.2855224609375
257,420.8664855957031,763.0006713867188,317.3394775390625,1102.41845703125,270.7222595214844,1385.9580078125
258,419.6492614746094,774.1851806640625,313.2219543457031,1095.79541015625,304.7040100097656,1367.320068359375
259,394.4857482910156,765.6015625,305.3821105957031,1102.37890625,301.39642333984375,1378.93408203125
260,386.879638671875,765.6410522460938,327.2330017089844,1105.597900390625,331.05743408203125,1372.986328125
261,388.6344909667969,771.0267944335938,331.8498229980469,1108.0191650390625,358.48052978515625,1373.3682861328125
262,379.4627685546875,774.88623046875,329.3412780761719,1107.96630859375,396.58404541015625,1367.7330322265625
263,375.9599304199219,774.794677734375,333.7398681640625,1096.7314453125,429.38909912109375,1350.6944580078125
264,365.16119384765625,773.7297973632812,330.40380859375,1070.5953369140625,446.5367736816406,1313.9022216796875
265,373.6153564453125,777.6348266601562,326.9950866699219,1079.2115478515625,454.83172607421875,1325.8670654296875
266,357.1558532714844,773.7081909179688,317.02264404296875,1075.1829833984375,412.2103576660156,1342.8741455078125
267,356.4020690917969,774.3193969726562,308.15771484375,1081.3232421875,361.40826416015625,1356.55029296875
268,362.8399658203125,779.94091796875,301.4710998535156,1094.8255615234375,311.7008972167969,1365.7152099609375
269,372.986572265625,780.8536987304688,302.8558044433594,1092.248779296875,274.5124816894531,1384.880615234375
270,373.0931701660156,785.0761108398438,305.0148010253906,1102.2169189453125,229.95626831054688,1398.855712890625
271,372.2303466796875,788.2843017578125,297.0953063964844,1111.3699951171875,193.51116943359375,1398.253662109375
272,368.1929931640625,791.6259155273438,284.1521911621094,1122.4124755859375,183.46153259277344,1408.937255859375
273,388.735107421875,798.2960815429688,409.6055908203125,1104.55859375,430.03216552734375,1386.48193359375
274,405.4584045410156,804.0811157226562,499.1889953613281,1107.78369140625,608.91796875,1369.8465576171875
275,399.7701721191406,801.6282348632812,446.93035888671875,1104.0911865234375,533.2437744140625,1369.305908203125
276,367.5207214355469,790.6494140625,278.86212158203125,1122.05126953125,249.45155334472656,1395.3046875
277,374.38037109375,788.6281127929688,353.1423645019531,1107.6583251953125,418.2439270019531,1364.3800048828125
278,363.9298095703125,783.4088745117188,292.51153564453125,1119.193603515625,325.2700500488281,1372.5565185546875
279,392.01116943359375,788.0965576171875,443.4884033203125,1079.4356689453125,606.4022827148438,1290.2918701171875
280,388.6294860839844,781.8961181640625,416.88739013671875,1067.33642578125,571.3828125,1280.056640625
281,388.84454345703125,765.7115478515625,399.46197509765625,1058.5089111328125,537.4597778320312,1286.211181640625
282,403.0201110839844,763.5833129882812,383.16412353515625,1060.4256591796875,512.8133544921875,1308.993408203125
283,392.5283203125,767.2139282226562,356.80059814453125,1067.076904296875,500.0905456542969,1328.965576171875
284,396.034912109375,754.0177001953125,340.7776184082031,1070.1925048828125,415.4645080566406,1357.862548828125
285,396.8036804199219,743.4099731445312,323.31292724609375,1049.5975341796875,362.6684875488281,1332.065673828125
286,396.3423156738281,747.6743774414062,315.2091979980469,1059.4525146484375,315.58404541015625,1350.3961181640625
287,411.4592590332031,757.3829956054688,319.9273681640625,1057.35205078125,286.8549499511719,1360.620849609375
288,419.6968078613281,764.3976440429688,314.439697265625,1058.0496826171875,241.53439331054688,1354.625732421875
289,428.655517578125,767.3675537109375,314.4503479003906,1052.5263671875,222.76370239257812,1334.55078125
290,427.57232666015625,774.180908203125,309.7330627441406,1068.6925048828125,222.57179260253906,1357.5194091796875
291,426.48724365234375,781.7611694335938,309.65985107421875,1077.16748046875,242.14720153808594,1366.08251953125
292,416.16815185546875,774.2261352539062,300.60382080078125,1091.558349609375,231.0111846923828,1376.9459228515625
293,411.7479248046875,771.9225463867188,298.7242126464844,1099.142333984375,250.0823974609375,1379.5107421875
294,406.458984375,768.0531005859375,291.7868957519531,1103.003173828125,278.6332092285156,1378.0738525390625
295,396.8204040527344,760.04736328125,276.11053466796875,1104.1927490234375,276.6826477050781,1377.3260498046875
296,407.0793762207031,759.5206298828125,287.16778564453125,1103.2762451171875,304.89935302734375,1372.5162353515625
297,414.2467346191406,762.67529296875,300.9649963378906,1103.751220703125,343.3363037109375,1368.3466796875
298,409.00921630859375,766.0169677734375,297.9130859375,1092.54443359375,376.7120361328125,1348.3828125
299,414.8018493652344,765.0140991210938,318.95489501953125,1091.0526123046875,409.87481689453125,1344.136962890625
300,421.902099609375,771.2606201171875,344.9837646484375,1077.4176025390625,465.8150329589844,1334.1328125
301,399.6952819824219,769.651611328125,327.591796875,1073.4814453125,427.4112243652344,1330.622802734375
302,391.92218017578125,772.5997924804688,327.59765625,1078.9881591796875,381.5006408691406,1354.44580078125
303,401.7523498535156,774.19482421875,325.2890625,1079.3125,331.4532165527344,1359.712158203125
304,419.8495788574219,776.92822265625,346.13763427734375,1087.6656494140625,316.7405090332031,1378.5484619140625
305,413.2618103027344,787.0697631835938,327.45709228515625,1097.71044921875,257.36846923828125,1386.9520263671875
306,421.2778015136719,791.1151123046875,334.67156982421875,1098.21337890625,242.06068420410156,1384.516845703125
307,425.5804443359375,800.8663330078125,327.6689147949219,1109.1383056640625,219.55499267578125,1389.3194580078125
308,429.4844970703125,804.6456298828125,330.1106872558594,1110.4493408203125,238.66421508789062,1393.0052490234375
309,478.5443420410156,807.8007202148438,557.1040649414062,1100.7279052734375,657.6270751953125,1362.6815185546875
310,461.9006042480469,797.7493286132812,486.2070007324219,1102.9564208984375,533.593017578125,1376.1484375
311,434.14208984375,786.6353759765625,315.54095458984375,1113.8111572265625,265.15032958984375,1393.3271484375
312,438.1432800292969,784.1265258789062,323.8835144042969,1123.115478515625,273.7787780761719,1396.927001953125
313,449.46087646484375,797.0242919921875,508.84991455078125,1095.287109375,675.5176391601562,1323.659912109375
314,453.36566162109375,785.7833862304688,492.3798522949219,1080.9171142578125,642.2518310546875,1304.1448974609375
315,442.4432678222656,784.5126953125,470.134765625,1068.9345703125,632.6923217773438,1293.615478515625
316,444.86846923828125,772.8475952148438,455.533935546875,1057.705810546875,602.8071899414062,1289.9891357421875
317,452.4249572753906,769.7645874023438,443.6629333496094,1056.8353271484375,573.8716430664062,1292.4033203125
318,451.16217041015625,777.8675537109375,416.90179443359375,1066.7569580078125,545.9445190429688,1312.81787109375
319,438.1234436035156,758.5790405273438,392.0586853027344,1069.6136474609375,446.1812744140625,1354.302978515625
320,445.35931396484375,752.65966796875,376.7452087402344,1051.3348388671875,413.97052001953125,1324.375
321,454.30389404296875,757.2793579101562,366.9590148925781,1044.7733154296875,399.7012939453125,1317.9627685546875
322,454.9512023925781,755.4148559570312,373.41156005859375,1058.4610595703125,336.5230407714844,1347.2047119140625
323,477.4793701171875,757.83935546875,379.723876953125,1057.4974365234375,304.0274658203125,1352.7177734375
324,483.2738342285156,765.5548095703125,375.72198486328125,1070.217529296875,279.12957763671875,1363.616455078125
325,490.06982421875,771.7824096679688,372.0634460449219,1075.171630859375,279.3855285644531,1362.19091796875
326,494.193603515625,780.1355590820312,373.0661315917969,1079.6298828125,296.493896484375,1364.8026123046875
327,493.470458984375,787.1107788085938,374.1720886230469,1090.6619873046875,317.1849365234375,1372.003173828125
328,487.4747314453125,783.191162109375,371.39752197265625,1106.953369140625,319.7591552734375,1386.119384765625
329,486.0674133300781,782.429443359375,371.70062255859375,1112.8778076171875,342.4969482421875,1384.717529296875
330,484.2040100097656,776.7431030273438,370.6802062988281,1117.1121826171875,372.92718505859375,1387.4051513671875
331,486.157470703125,775.6441040039062,374.3956604003906,1117.0745849609375,401.1625671386719,1379.3497314453125
332,484.068603515625,767.451416015625,374.5148620605469,1110.1417236328125,411.0727844238281,1374.79541015625
333,484.79144287109375,769.1978759765625,398.42388916015625,1110.4945068359375,458.1042785644531,1370.5367431640625
334,495.41070556640625,768.7081298828125,410.1615905761719,1108.1934814453125,485.7518310546875,1364.1456298828125
335,492.1242370605469,764.058837890625,426.65313720703125,1075.717529296875,535.6497802734375,1326.787109375
336,483.5301818847656,771.9717407226562,425.10125732421875,1078.985595703125,516.014892578125,1342.745849609375
337,482.72442626953125,770.412109375,424.39849853515625,1075.3927001953125,462.561767578125,1356.9810791015625
338,514.5089721679688,780.7181396484375,496.54595947265625,1095.8056640625,541.3665161132812,1373.0648193359375
339,532.1768188476562,783.7318725585938,563.739990234375,1099.20263671875,607.84521484375,1379.06689453125
340,544.1283569335938,786.7988891601562,597.1045532226562,1101.85400390625,635.791748046875,1377.2813720703125
341,506.49932861328125,788.731201171875,411.349365234375,1106.58447265625,314.9063415527344,1391.16650390625
342,560.8385009765625,806.258056640625,637.1607666015625,1103.222900390625,707.6854248046875,1373.5235595703125
343,555.2627563476562,801.8142700195312,626.094482421875,1106.583984375,707.6468505859375,1373.3572998046875
344,562.6766967773438,796.401123046875,643.4005737304688,1105.0450439453125,751.2322998046875,1364.512939453125
345,555.29296875,801.113525390625,635.354736328125,1107.974853515625,761.4683227539062,1361.8590087890625
346,544.3931884765625,799.6009521484375,615.9158325195312,1105.6063232421875,759.443115234375,1343.7528076171875
347,500.5201721191406,790.978271484375,393.4075012207031,1131.78662109375,377.1719055175781,1385.3983154296875
348,523.5225219726562,782.3331298828125,555.189208984375,1084.0601806640625,718.2709350585938,1307.6683349609375
349,519.0872192382812,777.6436157226562,530.79443359375,1070.6766357421875,690.3876342773438,1302.2109375
350,512.7384643554688,780.36474609375,512.9425659179688,1071.097412109375,650.5164184570312,1289.4107666015625
351,513.1768798828125,769.4653930664062,484.3312683105469,1068.393310546875,615.276611328125,1312.5574951171875
352,500.63482666015625,763.9021606445312,465.5147399902344,1079.1136474609375,572.77294921875,1352.7269287109375
353,491.7541809082031,767.0980834960938,430.61260986328125,1063.5340576171875,470.5081787109375,1332.9349365234375
354,507.7583312988281,756.3878173828125,420.73956298828125,1058.7564697265625,441.49163818359375,1334.0303955078125
355,519.970458984375,760.6701049804688,419.6067810058594,1063.6435546875,405.07464599609375,1352.2244873046875
356,527.8214721679688,766.1612548828125,416.07220458984375,1069.020263671875,358.5804138183594,1357.7896728515625
357,523.7391357421875,771.1019897460938,414.3229064941406,1061.9901123046875,348.41986083984375,1340.73486328125
358,532.7991943359375,785.481689453125,407.7472229003906,1079.9141845703125,315.69403076171875,1352.9593505859375
359,524.3609619140625,787.5833129882812,400.0882873535156,1097.584716796875,323.9669494628906,1383.975830078125
360,524.4466552734375,791.4270629882812,392.5111999511719,1100.4400634765625,334.8957824707031,1382.538818359375
361,520.8397216796875,797.5806884765625,394.0829772949219,1115.551025390625,344.75335693359375,1377.83642578125
362,520.3494873046875,794.0344848632812,396.77874755859375,1122.867431640625,371.9901123046875,1381.9482421875
363,512.9379272460938,789.358154296875,390.5054016113281,1125.598388671875,403.16015625,1382.0772705078125
364,497.5074768066406,786.9551391601562,384.8460693359375,1119.000732421875,406.4422607421875,1375.6536865234375
365,513.8377075195312,774.8946533203125,401.3319396972656,1112.374267578125,447.1445007324219,1375.6968994140625
366,540.314697265625,774.7179565429688,430.17132568359375,1123.233642578125,509.373779296875,1390.2789306640625
367,533.6322631835938,777.0059204101562,450.2366943359375,1085.710205078125,559.9692993164062,1340.32666015625
368,521.0553588867188,773.576171875,444.9041748046875,1074.0294189453125,552.8026123046875,1326.9581298828125
369,512.7425537109375,779.669677734375,442.5256652832031,1086.44970703125,512.2171020507812,1361.425048828125
370,520.0721435546875,784.4638061523438,440.76507568359375,1084.5673828125,463.6381530761719,1372.2679443359375
371,529.5753173828125,785.5361938476562,448.4081115722656,1094.863037109375,419.9079895019531,1382.48486328125
372,523.8495483398438,784.8013916015625,427.0957946777344,1104.9052734375,340.7904052734375,1394.1641845703125
373,538.2478637695312,804.4376220703125,484.27215576171875,1105.8131103515625,408.3229064941406,1394.64990234375
374,534.2301025390625,812.6845703125,435.0863342285156,1114.827392578125,329.59320068359375,1394.5621337890625
375,590.9365234375,821.656005859375,675.1192016601562,1107.7283935546875,781.9779052734375,1370.1778564453125
376,589.02197265625,806.8535766601562,682.7314453125,1105.7435302734375,809.5932006835938,1381.313720703125
377,581.1674194335938,817.6245727539062,659.995849609375,1108.1414794921875,821.142333984375,1354.95703125
378,573.0004272460938,815.3653564453125,633.2826538085938,1103.986572265625,806.9906616210938,1342.869873046875
379,558.1262817382812,798.0692138671875,614.2395629882812,1102.9822998046875,774.550048828125,1335.7083740234375
380,559.21142578125,782.3851318359375,592.212890625,1083.0860595703125,763.7957763671875,1302.2889404296875
381,553.4095458984375,785.8538818359375,567.76171875,1075.6368408203125,740.2447509765625,1297.354248046875
382,549.5640258789062,782.471435546875,552.817626953125,1065.4298095703125,711.5963745117188,1286.0723876953125
383,564.458740234375,768.734619140625,526.8869018554688,1072.573486328125,666.0006713867188,1320.4515380859375
384,547.9367065429688,770.0535278320312,503.715576171875,1074.00927734375,630.8045654296875,1340.79833984375
385,533.8991088867188,762.2749633789062,487.7820129394531,1066.30419921875,527.9156494140625,1356.20947265625
386,553.3792724609375,754.5452880859375,462.47052001953125,1056.8896484375,496.7113037109375,1334.789794921875
387,556.7915649414062,757.2740478515625,470.4394226074219,1060.199462890625,451.8635559082031,1374.254150390625
388,564.3101806640625,761.0564575195312,460.1976013183594,1062.0799560546875,399.00506591796875,1367.826416015625
389,576.6678466796875,774.937744140625,454.71697998046875,1076.678955078125,361.22406005859375,1371.1875
390,585.1763916015625,786.1551513671875,452.8591003417969,1083.74609375,350.229248046875,1373.23828125
391,583.9362182617188,794.9635620117188,444.7679443359375,1096.2264404296875,348.2608337402344,1379.2225341796875
392,584.3275756835938,800.7125854492188,437.4148864746094,1100.911376953125,361.4689636230469,1383.6099853515625
393,573.444580078125,806.152587890625,430.5579528808594,1109.9453125,384.16497802734375,1384.159423828125
394,562.103515625,806.9520874023438,428.35491943359375,1117.4814453125,410.4487609863281,1383.5140380859375
395,566.41845703125,798.014892578125,430.2908935546875,1126.05322265625,442.8973693847656,1384.8826904296875
396,560.773681640625,788.3739624023438,436.6585693359375,1135.0390625,467.5763244628906,1383.660400390625
397,569.779296875,779.4080200195312,466.8787841796875,1136.93994140625,523.1141357421875,1406.5635986328125
398,574.2573852539062,763.7440795898438,475.063232421875,1128.1448974609375,542.162841796875,1399.5531005859375
399,580.4171142578125,762.6599731445312,504.44549560546875,1094.7451171875,608.595703125,1364.1890869140625
400,571.1956787109375,757.2734985351562,511.82794189453125,1078.003662109375,607.0106811523438,1345.0645751953125
401,593.5668334960938,768.8212890625,560.2771606445312,1098.9718017578125,626.1952514648438,1396.3990478515625
402,617.8241577148438,781.4478149414062,610.4857177734375,1101.2755126953125,683.4017333984375,1402.2005615234375
403,623.2278442382812,787.7505493164062,658.5719604492188,1103.4364013671875,719.7678833007812,1395.837890625
404,624.5057983398438,795.593505859375,693.2899780273438,1108.1522216796875,752.1604614257812,1390.990234375
405,628.313232421875,812.05810546875,711.7919311523438,1122.8975830078125,787.78125,1387.4407958984375
406,633.2454833984375,816.1524047851562,726.613037109375,1117.879150390625,827.9981689453125,1381.0377197265625
407,638.635986328125,812.3131713867188,731.6679077148438,1115.6400146484375,839.3355102539062,1385.8472900390625
408,632.6536865234375,828.5533447265625,725.2193603515625,1114.310302734375,878.5198974609375,1377.2786865234375
409,620.75390625,830.0725708007812,704.463623046875,1117.188720703125,882.0364379882812,1366.7904052734375
410,608.8760375976562,810.631591796875,678.6876220703125,1112.0855712890625,852.687744140625,1346.21435546875
411,590.2950439453125,796.2843627929688,646.8956909179688,1104.1253662109375,824.7431030273438,1324.0484619140625
412,598.9500122070312,781.43994140625,624.093505859375,1085.255859375,793.95703125,1317.7950439453125
413,599.4400634765625,771.1920776367188,606.3524169921875,1075.9061279296875,743.889404296875,1321.336669921875
414,593.8628540039062,764.3681640625,577.0307006835938,1078.361572265625,687.134765625,1337.55224609375
415,590.1110229492188,755.9383544921875,549.7937622070312,1074.598388671875,649.646484375,1341.42529296875
416,583.3839111328125,759.0025634765625,519.7874145507812,1063.6063232421875,574.178466796875,1340.223388671875
417,588.2783203125,757.3780517578125,507.29107666015625,1060.07568359375,511.63751220703125,1347.699462890625
418,600.4425048828125,764.098388671875,499.605224609375,1060.69970703125,467.4989318847656,1354.90380859375
419,608.1224365234375,775.637939453125,492.4386291503906,1070.7158203125,423.8678283691406,1371.445068359375
420,614.5792846679688,785.310791015625,489.6622009277344,1076.9937744140625,392.6617431640625,1368.2235107421875
421,620.9937744140625,796.8116455078125,480.2241516113281,1087.498046875,379.5368957519531,1371.97265625
422,613.4517822265625,804.4713745117188,473.88458251953125,1092.58056640625,396.8668212890625,1374.3006591796875
423,616.4386596679688,810.2164306640625,470.25970458984375,1101.91552734375,409.7981262207031,1378.179931640625
424,604.4360961914062,809.8961791992188,455.37335205078125,1116.059326171875,436.1282958984375,1394.7645263671875
425,603.542236328125,805.5673828125,461.6076965332031,1123.3216552734375,474.4708557128906,1382.4844970703125
426,605.70361328125,798.9622802734375,473.8323669433594,1125.1458740234375,518.0404663085938,1377.0208740234375
427,601.8106689453125,776.876220703125,491.650634765625,1127.854736328125,545.1483764648438,1394.1551513671875
428,616.5784912109375,770.4116821289062,519.7381591796875,1126.384521484375,598.2548217773438,1395.5302734375
429,630.1004638671875,775.2050170898438,548.114990234375,1107.1356201171875,658.66357421875,1371.2215576171875
430,613.931396484375,761.9727172851562,547.7850341796875,1079.37548828125,665.6553955078125,1344.1114501953125
431,633.5206298828125,775.1057739257812,606.8578491210938,1104.311279296875,694.297607421875,1400.14013671875
432,652.601806640625,786.164306640625,656.5860595703125,1098.019775390625,731.4411010742188,1400.3873291015625
433,669.914794921875,772.63037109375,700.6411743164062,1101.8948974609375,768.35888671875,1403.279296875
434,664.8008422851562,800.0046997070312,741.548583984375,1103.7821044921875,817.5699462890625,1388.7720947265625
435,666.4591064453125,810.2250366210938,755.1354370117188,1100.8304443359375,847.4097290039062,1371.226318359375
436,673.741943359375,825.0650024414062,773.7857666015625,1109.9007568359375,884.6605224609375,1376.8031005859375
437,668.2059326171875,833.7815551757812,770.9952392578125,1100.1849365234375,913.8145751953125,1364.9796142578125
438,663.8524780273438,833.0821533203125,769.29345703125,1111.316162109375,938.6096801757812,1370.1875
439,654.4024047851562,829.0563354492188,740.5404052734375,1108.7528076171875,934.9810180664062,1345.3502197265625
440,644.2273559570312,821.5579833984375,703.52783203125,1102.2392578125,904.799560546875,1331.427001953125
441,630.2941284179688,790.8512573242188,677.0885009765625,1094.2803955078125,874.8110961914062,1315.3546142578125
442,626.0792236328125,776.061767578125,650.9611206054688,1077.849365234375,828.0457763671875,1304.5924072265625
443,634.6837158203125,772.7327270507812,628.0408325195312,1066.7655029296875,782.344482421875,1308.42138671875
444,628.52490234375,762.3682250976562,596.5542602539062,1061.1473388671875,732.2858276367188,1304.236572265625
445,626.748779296875,756.7903442382812,567.6574096679688,1067.0877685546875,661.05712890625,1342.025146484375
446,619.1240844726562,753.6865234375,540.7318725585938,1049.4573974609375,589.1678466796875,1321.7255859375
447,625.3306274414062,770.1819458007812,521.8063354492188,1067.244140625,526.5020751953125,1354.60546875
448,630.9812622070312,775.5725708007812,536.0026245117188,1061.8126220703125,481.6412048339844,1373.4827880859375
449,639.5257568359375,782.8790283203125,518.1478881835938,1076.5927734375,429.579833984375,1370.87890625
450,635.7932739257812,794.9821166992188,504.0078125,1085.139404296875,403.8040771484375,1377.350830078125
451,634.7772827148438,801.581787109375,495.52606201171875,1093.1279296875,409.6332092285156,1380.8111572265625
452,637.527099609375,808.2971801757812,493.2628173828125,1100.91845703125,429.1552734375,1380.53466796875
453,621.34033203125,813.7806396484375,483.48736572265625,1107.9937744140625,458.1849060058594,1379.32470703125
454,616.974853515625,802.0179443359375,480.23321533203125,1127.195556640625,484.26214599609375,1387.31982421875
455,615.2623291015625,792.1776123046875,491.2353515625,1136.6092529296875,527.5654907226562,1385.9156494140625
456,618.4429321289062,781.0720825195312,506.95477294921875,1130.1148681640625,576.4273681640625,1394.7689208984375
457,641.7019653320312,774.5775756835938,531.3366088867188,1129.7662353515625,615.064453125,1402.9991455078125
458,657.094482421875,771.6802368164062,561.5817260742188,1104.0426025390625,682.4869384765625,1376.4840087890625
459,646.4401245117188,757.5924682617188,575.1532592773438,1084.252197265625,705.0476684570312,1361.193603515625
460,651.5797119140625,768.2111206054688,612.204345703125,1097.5023193359375,702.5651245117188,1392.232666015625
461,675.8356323242188,769.4024658203125,688.8367309570312,1096.564453125,762.02783203125,1398.4713134765625
462,671.6552734375,781.5465698242188,712.7111206054688,1100.5157470703125,771.557373046875,1400.706787109375
463,695.5012817382812,802.1710205078125,777.202880859375,1101.5111083984375,854.533447265625,1390.4677734375
464,712.3978881835938,817.6090087890625,797.4771118164062,1110.885498046875,902.2848510742188,1390.9771728515625
465,708.7811279296875,821.3084716796875,805.6912231445312,1112.044921875,940.0397338867188,1384.60595703125
466,708.0060424804688,829.800537109375,809.0927124023438,1115.5048828125,975.6976928710938,1385.1258544921875
467,704.6436767578125,835.1499633789062,797.9462280273438,1112.84619140625,996.4407348632812,1379.901611328125
468,692.9461669921875,838.9268798828125,774.0201416015625,1115.278564453125,992.7061157226562,1365.798828125
469,691.65966796875,824.6913452148438,734.2182006835938,1113.5093994140625,951.509033203125,1353.30859375
470,663.06201171875,822.7802124023438,599.6744995117188,1147.2701416015625,729.8199462890625,1386.4541015625
471,677.7964477539062,821.3075561523438,665.1281127929688,1104.5704345703125,898.7479248046875,1319.7181396484375
472,673.7709350585938,828.1654052734375,640.6902465820312,1089.005859375,867.9703369140625,1299.0596923828125
473,665.9141845703125,797.4537963867188,626.1019287109375,1101.60400390625,799.1885375976562,1344.60107421875
474,661.1544799804688,774.4630737304688,601.3190307617188,1109.802978515625,768.0479736328125,1384.7520751953125
475,643.5670776367188,775.3826293945312,573.7044067382812,1085.79345703125,708.1543579101562,1349.543701171875
476,644.2128295898438,772.8184204101562,570.3369140625,1070.4422607421875,662.4008178710938,1348.4586181640625
477,671.5839233398438,764.3693237304688,567.2268676757812,1076.877685546875,597.309814453125,1357.134033203125
478,658.3667602539062,760.9000854492188,561.0985107421875,1071.2493896484375,549.057861328125,1353.763671875
479,662.0698852539062,756.506103515625,556.6203002929688,1075.0869140625,518.8751220703125,1376.9344482421875
480,667.599853515625,761.802734375,554.0278930664062,1087.98095703125,519.4541015625,1385.090087890625
481,656.4743041992188,785.7828979492188,537.8140258789062,1113.726318359375,546.2986450195312,1382.74072265625
482,639.3901977539062,795.5802612304688,524.4823608398438,1129.2310791015625,586.3247680664062,1372.2479248046875
483,623.3807373046875,818.276611328125,512.4371337890625,1140.92138671875,632.8800659179688,1369.8350830078125
484,618.6322631835938,836.7017211914062,512.8049926757812,1135.0103759765625,697.53515625,1361.88525390625
485,650.0958862304688,818.8116455078125,555.4334716796875,1149.759033203125,733.377685546875,1377.9794921875
486,659.728759765625,822.1947021484375,582.66796875,1129.759765625,792.8838500976562,1381.743896484375
487,651.4530639648438,794.625,584.7273559570312,1118.5792236328125,792.6060791015625,1401.55224609375
488,683.5526123046875,790.295166015625,658.0567626953125,1108.4586181640625,832.4866333007812,1389.519287109375
489,676.5391845703125,776.1220092773438,701.2650146484375,1091.9556884765625,870.6419677734375,1369.3231201171875
490,649.6185913085938,747.5736694335938,730.8551025390625,1071.767822265625,894.0941772460938,1346.0745849609375
491,643.3875122070312,743.4647827148438,753.9904174804688,1062.55810546875,918.040283203125,1332.637939453125
492,636.9896850585938,752.6669311523438,749.5948486328125,1055.816162109375,913.3956298828125,1328.51953125
493,629.8386840820312,766.0810546875,719.5237426757812,1059.88623046875,909.8935546875,1309.5626220703125
494,627.3966064453125,779.3558959960938,690.9812622070312,1075.37255859375,902.4684448242188,1312.135009765625
495,625.7349853515625,796.2262573242188,660.565673828125,1079.56103515625,890.0916137695312,1297.137451171875
496,622.0057983398438,806.9848022460938,631.1725463867188,1073.8155517578125,883.4890747070312,1270.0367431640625
497,630.7674560546875,813.0188598632812,597.8711547851562,1077.662841796875,829.9237060546875,1288.28466796875
498,629.5364379882812,795.8809204101562,584.1096801757812,1093.31396484375,785.8682250976562,1322.84814453125
499,611.4228515625,781.7789306640625,543.8798217773438,1088.4322509765625,740.3344116210938,1330.19091796875
500,601.6650390625,770.7838134765625,518.897216796875,1062.784912109375,653.8485717773438,1321.7730712890625
501,599.1567993164062,764.4821166992188,521.7953491210938,1060.9486083984375,589.2257080078125,1351.3682861328125
502,590.8403930664062,744.660888671875,531.8980102539062,1054.843017578125,536.9934692382812,1355.486328125
503,594.3836059570312,742.6663208007812,524.6664428710938,1063.3564453125,493.4696960449219,1373.287109375
504,603.6315307617188,748.91748046875,506.68133544921875,1079.5550537109375,475.8077087402344,1373.1258544921875
505,600.892578125,760.8548583984375,485.9192810058594,1105.2022705078125,482.4143371582031,1378.5125732421875
506,592.35791015625,780.1832885742188,471.0110778808594,1133.500244140625,498.8888854980469,1384.0997314453125
507,570.0571899414062,803.7579345703125,447.8187561035156,1141.6072998046875,530.7926025390625,1364.103515625
508,564.6826171875,814.9345092773438,441.42791748046875,1153.3406982421875,575.6187744140625,1364.16259765625
509,570.0137939453125,814.4037475585938,453.9018859863281,1146.2716064453125,630.4651489257812,1365.0904541015625
510,598.6018676757812,820.0115356445312,506.94268798828125,1138.534423828125,715.0765380859375,1375.5224609375
511,592.4951171875,794.9064331054688,521.0838623046875,1105.76513671875,731.7041015625,1345.42529296875
512,613.8876342773438,773.5426025390625,572.4882202148438,1105.5926513671875,753.4200439453125,1386.5838623046875
513,613.6845703125,757.6460571289062,628.8112182617188,1086.451904296875,803.0440063476562,1370.7008056640625
514,605.3140258789062,735.6890258789062,671.4086303710938,1064.1514892578125,847.1709594726562,1346.4842529296875
515,587.805908203125,724.5294799804688,689.6354370117188,1055.9107666015625,854.3861083984375,1339.2835693359375
516,581.1096801757812,735.8457641601562,691.97998046875,1043.1002197265625,863.4735717773438,1323.2410888671875
517,572.0057373046875,752.4984741210938,675.8779907226562,1045.17626953125,884.9813232421875,1300.02001953125
518,576.6666259765625,766.4885864257812,648.755859375,1054.563720703125,886.21875,1292.0362548828125
519,582.5994873046875,782.28515625,626.156494140625,1068.448974609375,881.2289428710938,1285.9180908203125
520,573.2725830078125,793.0944213867188,609.3951416015625,1081.646728515625,863.8701782226562,1272.852294921875
521,580.25390625,803.7352905273438,573.2264404296875,1090.1590576171875,818.8854370117188,1291.002197265625
522,597.5781860351562,804.9457397460938,557.7670288085938,1104.0980224609375,765.4345092773438,1335.0230712890625
523,573.3334350585938,799.6796875,524.6063232421875,1107.9251708984375,743.6759643554688,1349.256103515625
524,576.9114990234375,780.2380981445312,492.731689453125,1078.419921875,663.6732788085938,1325.835205078125
525,580.0572509765625,771.8135986328125,481.54315185546875,1070.2113037109375,597.709228515625,1332.35009765625
526,569.2266845703125,759.9251098632812,475.154296875,1069.05322265625,535.2709350585938,1356.331787109375
527,564.6358032226562,747.4676513671875,475.4141540527344,1072.4224853515625,486.2493896484375,1376.3037109375
528,577.748291015625,754.8367309570312,460.29144287109375,1086.63916015625,444.5603332519531,1384.7703857421875
529,574.9398193359375,770.1216430664062,449.4101257324219,1106.8994140625,445.28680419921875,1377.191162109375
530,565.248779296875,782.812744140625,434.8616638183594,1125.07470703125,473.8749694824219,1375.758544921875
531,543.3905639648438,814.7883911132812,416.69696044921875,1153.8919677734375,505.9843444824219,1365.0189208984375
532,540.4163818359375,836.260498046875,420.7934265136719,1154.661865234375,563.2886352539062,1365.0274658203125
533,553.3619995117188,838.6681518554688,433.143798828125,1153.59765625,598.2651977539062,1371.975341796875
534,566.8610229492188,830.0267944335938,487.5726318359375,1146.3277587890625,709.4588012695312,1372.1092529296875
535,563.9937133789062,797.8297119140625,494.7856750488281,1107.6409912109375,726.7080688476562,1336.0120849609375
536,582.64990234375,781.8160400390625,532.8129272460938,1097.752685546875,750.561767578125,1368.2177734375
537,583.1098022460938,756.5840454101562,607.1317749023438,1087.0308837890625,795.1580200195312,1368.7117919921875
538,579.986083984375,737.16064453125,640.4506225585938,1056.7032470703125,815.511474609375,1343.4888916015625
539,558.1776123046875,734.2384643554688,668.099853515625,1050.286865234375,839.6583251953125,1329.465087890625
540,555.7689819335938,740.3829345703125,677.414306640625,1047.1080322265625,859.4326171875,1313.484619140625
541,559.7286376953125,756.1939086914062,667.6563110351562,1048.213623046875,874.4121704101562,1299.856201171875
542,549.2444458007812,774.079345703125,636.1149291992188,1051.9599609375,877.3623657226562,1274.3515625
543,547.096923828125,790.519775390625,609.2974853515625,1068.287109375,856.6531372070312,1273.4404296875
544,544.5615234375,810.6417846679688,569.4376220703125,1077.752685546875,823.912353515625,1266.4190673828125
545,563.3030395507812,812.7240600585938,547.6257934570312,1067.6270751953125,801.4839477539062,1260.7386474609375
546,575.2048950195312,802.49072265625,527.1439819335938,1077.3515625,733.6088256835938,1294.2877197265625
547,565.298828125,779.1267700195312,501.4189453125,1094.126220703125,704.2261352539062,1349.4539794921875
548,549.421875,775.61865234375,467.10955810546875,1062.736328125,627.4017333984375,1307.473876953125
549,563.470458984375,761.2739868164062,469.1545104980469,1051.72412109375,563.3638305664062,1321.599853515625
550,541.06591796875,751.1627197265625,462.46356201171875,1062.6025390625,508.7352294921875,1356.0047607421875
551,550.1845703125,739.7860107421875,460.6147155761719,1065.559326171875,455.91204833984375,1372.5633544921875
552,566.9410400390625,740.954833984375,456.8426513671875,1066.5025634765625,432.201416015625,1365.376953125
553,564.7518310546875,756.4755249023438,443.92529296875,1099.2022705078125,442.885986328125,1377.7364501953125
554,559.8614501953125,770.526123046875,435.3164367675781,1117.8551025390625,465.5809020996094,1374.6884765625
555,542.1502685546875,800.9754638671875,411.2069091796875,1145.99267578125,496.43182373046875,1366.7557373046875
556,537.9345703125,823.2898559570312,420.1679382324219,1154.8648681640625,554.5125732421875,1351.3038330078125
557,568.2162475585938,834.911865234375,443.4471435546875,1150.02587890625,618.3971557617188,1382.1099853515625
558,570.275390625,825.1148681640625,482.20513916015625,1134.59033203125,694.3433227539062,1353.00048828125
559,575.0870971679688,796.9075927734375,490.39324951171875,1109.05712890625,702.3759155273438,1350.5875244140625
560,594.7058715820312,778.6085815429688,557.2322998046875,1104.4366455078125,748.9287109375,1382.9195556640625
561,586.940673828125,762.1477661132812,613.458251953125,1087.9886474609375,803.6707763671875,1365.807861328125
562,586.3851318359375,740.0332641601562,655.0865478515625,1064.5557861328125,841.3233642578125,1344.826904296875
563,579.7113647460938,732.38232421875,679.3140869140625,1054.2574462890625,836.6023559570312,1332.041748046875
564,572.19873046875,739.8960571289062,681.2506713867188,1051.130126953125,853.6085815429688,1318.1053466796875
565,566.5368041992188,755.1279296875,664.41064453125,1054.2330322265625,861.4075927734375,1300.47314453125
566,558.9292602539062,772.0806884765625,635.031005859375,1058.915283203125,857.2915649414062,1286.2034912109375
567,560.9038696289062,787.472412109375,603.425537109375,1069.9010009765625,832.9136962890625,1279.9959716796875
568,557.4056396484375,804.2255859375,566.0936889648438,1083.3336181640625,817.3716430664062,1267.7138671875
569,574.140625,811.6294555664062,550.7732543945312,1070.4453125,788.54150390625,1268.385009765625
570,588.5567016601562,804.7640991210938,522.0997924804688,1084.862548828125,730.1295776367188,1314.9140625
571,566.9318237304688,790.7741088867188,486.4213562011719,1083.8018798828125,693.0324096679688,1331.5045166015625
572,561.0924682617188,770.2491455078125,476.87860107421875,1071.834716796875,613.839111328125,1323.9024658203125
573,581.290283203125,772.802490234375,472.6516418457031,1063.346923828125,563.1521606445312,1325.503173828125
574,555.4962768554688,757.2667236328125,458.9607238769531,1073.3377685546875,509.6006774902344,1364.4393310546875
575,554.8743896484375,743.95751953125,462.98651123046875,1070.93017578125,467.1316223144531,1376.6781005859375
576,573.1522827148438,749.7169189453125,458.0201110839844,1086.67529296875,440.32342529296875,1385.5372314453125
577,570.9301147460938,760.0098876953125,448.2007141113281,1107.788818359375,448.37579345703125,1381.85888671875
578,566.1992797851562,777.8474731445312,436.0547790527344,1124.7509765625,483.5287170410156,1372.53955078125
579,548.717041015625,800.8526000976562,422.0508728027344,1147.7998046875,521.21337890625,1358.904052734375
580,543.7127075195312,830.7186279296875,437.8010559082031,1160.21728515625,583.586669921875,1370.022705078125
581,569.1300048828125,827.3713989257812,478.52777099609375,1153.66357421875,673.7780151367188,1384.973876953125
582,565.342529296875,813.2454223632812,490.3486633300781,1113.8426513671875,711.5905151367188,1340.1295166015625
583,590.146240234375,785.7200317382812,515.892578125,1110.14697265625,731.427978515625,1384.1500244140625
584,598.142333984375,781.662841796875,590.5745239257812,1099.79443359375,795.0789184570312,1379.08154296875
585,590.53125,750.4794311523438,630.0361938476562,1073.524658203125,821.1474609375,1370.33837890625
586,579.2977294921875,742.77490234375,667.4024047851562,1057.311767578125,841.018798828125,1344.74853515625
587,569.4525756835938,740.8963623046875,683.8933715820312,1049.0457763671875,866.4948120117188,1323.8056640625
588,564.943359375,784.8766479492188,666.8113403320312,1044.36962890625,874.2921752929688,1303.2393798828125
589,563.7323608398438,767.7953491210938,650.3137817382812,1058.5277099609375,877.0938720703125,1302.157470703125
590,558.2882080078125,781.6728515625,614.4759521484375,1065.303955078125,854.5723266601562,1289.89794921875
591,550.2865600585938,801.6663208007812,573.0318603515625,1084.4619140625,832.87353515625,1272.3489990234375
592,549.608642578125,801.5147094726562,537.3036499023438,1066.6673583984375,795.5405883789062,1256.0650634765625
593,572.4724731445312,806.707275390625,532.67431640625,1072.1795654296875,747.7337646484375,1282.9381103515625
594,565.5542602539062,784.9305419921875,499.3618469238281,1096.953369140625,701.4717407226562,1355.719970703125
595,549.1858520507812,781.2987670898438,461.4430847167969,1066.320068359375,627.8328247070312,1307.77294921875
596,560.49951171875,762.2774047851562,465.7469177246094,1055.2725830078125,568.2753295898438,1325.177490234375
597,544.8746948242188,750.4645385742188,455.9906005859375,1062.013916015625,510.8350830078125,1349.74560546875
598,549.9140625,736.0083618164062,457.0140380859375,1064.2144775390625,449.0010681152344,1367.8038330078125
599,560.926513671875,740.1497192382812,448.0240173339844,1068.9984130859375,417.6719970703125,1361.62646484375
600,566.41064453125,750.8244018554688,441.4332275390625,1093.494140625,434.8953857421875,1364.2626953125
601,561.2256469726562,763.3504028320312,430.06915283203125,1112.8861083984375,451.96380615234375,1366.231689453125
602,541.2371215820312,786.7809448242188,408.9121398925781,1137.9173583984375,484.1779479980469,1355.9981689453125
603,541.887939453125,827.7255249023438,424.301513671875,1159.9376220703125,548.7990112304688,1364.2564697265625
604,560.6449584960938,826.5361328125,453.0154113769531,1152.649658203125,624.6564331054688,1376.8302001953125
605,563.6163940429688,818.7564697265625,474.0092468261719,1128.769287109375,687.4183959960938,1354.9879150390625
606,575.1237182617188,791.5101928710938,500.3945007324219,1101.8848876953125,707.5841674804688,1352.2119140625
607,590.2993774414062,773.873291015625,560.6787109375,1102.673828125,754.8869018554688,1380.35009765625
608,591.3894653320312,748.2828979492188,610.8558959960938,1083.139892578125,797.5034790039062,1364.3438720703125
609,583.8902587890625,739.2008666992188,654.352294921875,1060.6551513671875,839.3480224609375,1333.4053955078125
610,571.8703002929688,735.88134765625,675.8414306640625,1053.3416748046875,840.6005859375,1326.5281982421875
611,561.4356689453125,743.638671875,674.9952392578125,1048.22021484375,862.7107543945312,1303.8472900390625
612,557.8487548828125,756.774658203125,655.1006469726562,1051.726806640625,866.882080078125,1291.2626953125
613,544.72705078125,785.962646484375,609.82568359375,1056.1490478515625,860.1128540039062,1269.229736328125
614,549.6348876953125,795.9598388671875,574.2322998046875,1077.728759765625,832.7517700195312,1272.2398681640625
615,555.6195678710938,801.070556640625,546.749267578125,1069.83837890625,807.2070922851562,1255.4276123046875
616,574.7424926757812,807.2413940429688,543.41748046875,1072.87939453125,762.0001831054688,1276.1875
617,573.8142700195312,785.3590087890625,508.4692687988281,1098.682861328125,717.2312622070312,1352.101806640625
618,562.5686645507812,779.8595581054688,474.91424560546875,1064.4693603515625,660.617431640625,1300.127197265625
619,576.831787109375,770.357666015625,470.3324890136719,1057.3211669921875,577.1534423828125,1310.292724609375
620,560.5303955078125,760.4451904296875,453.53594970703125,1054.9195556640625,525.9669799804688,1331.417236328125
621,556.254638671875,745.0354614257812,462.0328063964844,1067.8001708984375,474.0203552246094,1368.3504638671875
622,572.7638549804688,747.8919677734375,451.2122497558594,1072.29345703125,430.2336730957031,1362.901611328125
623,569.9470825195312,757.4990844726562,444.29388427734375,1097.8485107421875,435.13604736328125,1366.666259765625
624,569.2672119140625,772.2163696289062,438.7029724121094,1116.3643798828125,459.711181640625,1366.0068359375
625,554.3681640625,793.0369262695312,424.1630859375,1139.8319091796875,494.926025390625,1357.8123779296875
626,538.5185546875,825.4986572265625,418.0205383300781,1155.3385009765625,551.63134765625,1348.937255859375
627,548.3507080078125,823.2352294921875,438.2704772949219,1154.33740234375,607.9523315429688,1350.5020751953125
628,576.2630004882812,828.6436767578125,492.30206298828125,1138.420654296875,711.1343994140625,1357.2445068359375
629,575.46533203125,797.549560546875,507.2501220703125,1111.0625,725.072998046875,1344.0364990234375
630,592.1782836914062,773.7208251953125,572.5677490234375,1104.3963623046875,778.4925537109375,1374.4503173828125
631,590.6885375976562,755.0711669921875,628.9603271484375,1076.79638671875,839.5199584960938,1352.5870361328125
632,586.1964721679688,744.5160522460938,655.8748168945312,1057.1168212890625,846.7667236328125,1334.010986328125
633,569.8749389648438,743.5322265625,682.9576416015625,1047.26220703125,864.4163818359375,1316.2138671875
634,564.0137329101562,747.3403930664062,691.9553833007812,1039.7415771484375,898.4616088867188,1296.65087890625
635,558.1583251953125,760.78271484375,670.2713012695312,1045.693359375,899.3468627929688,1284.3587646484375
636,560.8077392578125,773.2586059570312,636.05908203125,1051.0780029296875,876.854736328125,1264.609619140625
637,546.1047973632812,793.7257690429688,605.0615844726562,1071.546875,865.9348754882812,1244.64404296875
638,551.5162353515625,800.2875366210938,576.328369140625,1078.517822265625,829.7546997070312,1244.4825439453125
639,572.7039794921875,805.597412109375,562.8699340820312,1065.8221435546875,800.840576171875,1252.9984130859375
640,568.6222534179688,786.0363159179688,512.3336791992188,1071.559814453125,733.586669921875,1290.1695556640625
641,566.8905029296875,768.483642578125,477.223876953125,1062.470947265625,691.2232666015625,1309.2440185546875
642,566.35986328125,750.3162841796875,477.9719543457031,1059.18701171875,612.1997680664062,1317.1285400390625
643,570.1444091796875,756.4844970703125,461.2841796875,1055.1676025390625,562.2815551757812,1326.55224609375
644,554.045654296875,746.255126953125,455.7669372558594,1066.13525390625,493.575927734375,1363.7196044921875
645,564.5968017578125,744.049560546875,459.26495361328125,1075.66943359375,445.9715270996094,1379.294189453125
646,580.6609497070312,749.4296264648438,451.6802673339844,1090.150634765625,436.60272216796875,1371.945556640625
647,570.281494140625,763.4559326171875,445.34619140625,1119.7017822265625,452.8605651855469,1373.88330078125
648,571.6246948242188,781.97265625,440.1837158203125,1141.7928466796875,491.13006591796875,1375.96875
649,548.5118408203125,815.6925659179688,423.4856262207031,1170.08447265625,542.4625854492188,1362.195556640625
650,548.7409057617188,821.845458984375,433.1699523925781,1161.5706787109375,600.2201538085938,1359.873046875
651,578.8067016601562,821.2827758789062,487.771484375,1144.9991455078125,706.4063110351562,1372.8623046875
652,577.3423461914062,801.6161499023438,500.7442321777344,1100.2437744140625,735.6158447265625,1324.4959716796875
653,602.92529296875,774.1494750976562,552.1553344726562,1102.8133544921875,767.1491088867188,1378.364990234375
654,607.9828491210938,756.0933837890625,630.581787109375,1090.749267578125,847.3427124023438,1380.5648193359375
655,598.892578125,733.3883056640625,666.1359252929688,1055.049560546875,877.3511352539062,1338.718505859375
656,579.6039428710938,730.9002685546875,685.6550903320312,1037.37646484375,870.5879516601562,1335.3837890625
657,575.4138793945312,739.2310791015625,700.6320190429688,1025.6881103515625,904.3405151367188,1300.705322265625
658,584.1639404296875,749.33935546875,694.8330078125,1037.6129150390625,913.54345703125,1286.2957763671875
659,573.5014038085938,768.3262939453125,665.1953735351562,1051.03271484375,899.3662719726562,1275.3519287109375
660,581.5379638671875,788.0020751953125,631.1914672851562,1063.235595703125,885.0654296875,1262.892333984375
661,577.9639892578125,794.7614135742188,605.6976928710938,1072.3897705078125,867.1286010742188,1246.7039794921875
662,588.328857421875,798.2045288085938,571.3400268554688,1074.8052978515625,817.5770874023438,1267.6104736328125
663,599.6708374023438,802.0859985351562,547.9611206054688,1084.698486328125,768.8148193359375,1305.7581787109375
664,590.4630737304688,788.0303344726562,507.6887512207031,1081.118408203125,725.8515014648438,1317.5272216796875
665,601.5614013671875,782.589111328125,495.2958984375,1067.484375,642.5358276367188,1310.2784423828125
666,591.817626953125,776.2062377929688,484.5524597167969,1062.1234130859375,586.8404541015625,1324.4326171875
667,585.30322265625,762.5839233398438,485.1244201660156,1069.6575927734375,518.7715454101562,1350.9649658203125
668,592.7747192382812,758.78125,492.6939697265625,1071.0135498046875,485.02508544921875,1369.2027587890625
669,601.7276611328125,760.37646484375,484.40142822265625,1083.99267578125,468.5012512207031,1369.2413330078125
670,607.2416381835938,768.4376831054688,478.2497253417969,1113.39404296875,480.4916687011719,1373.2989501953125
671,613.0181274414062,781.060546875,469.6000671386719,1141.979736328125,520.3033447265625,1372.4239501953125
672,586.9544677734375,819.9732666015625,462.2127685546875,1169.09326171875,574.0899047851562,1363.876708984375
673,580.2639770507812,831.3510131835938,468.4490661621094,1164.060791015625,639.7763671875,1357.9302978515625
674,610.4093017578125,820.6135864257812,508.7242126464844,1147.8521728515625,695.5932006835938,1370.5360107421875
675,606.9154052734375,812.4627685546875,530.6812133789062,1113.4068603515625,763.808349609375,1327.8958740234375
676,644.7540893554688,786.3853149414062,577.6997680664062,1099.45068359375,788.9187622070312,1374.49560546875
677,645.7001953125,760.580810546875,651.778564453125,1089.652587890625,850.0618286132812,1394.5826416015625
678,641.8446044921875,733.0126342773438,689.7603149414062,1058.92578125,879.6449584960938,1355.1888427734375
679,611.7315063476562,726.1014404296875,726.6856079101562,1044.6683349609375,919.528564453125,1326.45703125
680,603.2554321289062,738.9303588867188,725.4552612304688,1029.415283203125,921.0732421875,1298.5914306640625
681,609.7811279296875,746.8461303710938,714.6864624023438,1035.20654296875,939.8487548828125,1281.318603515625
682,605.6112670898438,759.9329833984375,690.6277465820312,1041.665771484375,924.4476928710938,1263.7083740234375
683,599.7669067382812,780.7601318359375,654.9681396484375,1062.5980224609375,905.4816284179688,1258.5780029296875
684,600.0494384765625,795.8131713867188,621.2977905273438,1059.64990234375,883.3943481445312,1229.578857421875
685,616.5991821289062,800.3219604492188,588.6253051757812,1063.156494140625,835.2903442382812,1258.187255859375
686,630.2232055664062,790.7911376953125,564.88427734375,1064.1103515625,781.88232421875,1282.578369140625
687,617.1825561523438,776.7845458984375,542.1095581054688,1079.71533203125,749.9664916992188,1334.547607421875
688,615.9854736328125,766.9557495117188,519.09130859375,1049.808837890625,657.3392944335938,1305.39892578125
689,607.656005859375,754.569580078125,520.77685546875,1051.3515625,599.2955932617188,1337.7308349609375
690,603.8058471679688,746.6859741210938,524.6994018554688,1052.4598388671875,538.1766967773438,1357.3447265625
691,613.2076416015625,742.12744140625,527.9172973632812,1063.8369140625,506.5216369628906,1368.6171875
692,620.382568359375,743.0629272460938,518.88427734375,1074.709228515625,497.4961853027344,1371.085205078125
693,627.4471435546875,753.9574584960938,507.8002624511719,1105.0887451171875,515.3672485351562,1376.2606201171875
694,624.0084228515625,776.0220947265625,504.9760437011719,1139.4776611328125,555.3789672851562,1379.097412109375
695,596.5470581054688,804.6123657226562,467.9901123046875,1157.8934326171875,587.2078857421875,1347.7252197265625
696,598.1012573242188,829.6389770507812,478.64703369140625,1160.2142333984375,660.7262573242188,1331.2454833984375
697,639.8856201171875,831.4368896484375,561.7437133789062,1153.399658203125,771.9135131835938,1363.3602294921875
698,632.2952270507812,818.5613403320312,563.879638671875,1112.112060546875,800.0634765625,1320.825439453125
699,671.0842895507812,792.1607666015625,592.2669677734375,1109.4962158203125,824.458251953125,1371.2738037109375
700,676.5639038085938,779.2396240234375,678.1945190429688,1106.9781494140625,893.9718017578125,1397.1387939453125
701,675.8164672851562,752.02734375,724.2306518554688,1073.6341552734375,938.851318359375,1362.66796875
702,666.7969360351562,739.0975952148438,749.770751953125,1050.7078857421875,940.0950317382812,1343.9881591796875
703,644.5475463867188,762.0521850585938,758.3596801757812,1038.0406494140625,957.5430908203125,1317.7510986328125
704,644.2254028320312,755.7257080078125,756.6839599609375,1040.147705078125,971.2161865234375,1290.2469482421875
705,639.4910278320312,765.1234130859375,729.9784545898438,1051.7384033203125,958.320068359375,1276.275146484375
706,637.0659790039062,785.5214233398438,692.5464477539062,1069.377685546875,937.198486328125,1271.0350341796875
707,637.3106689453125,805.3447265625,658.3143310546875,1074.1197509765625,909.3154907226562,1256.662353515625
708,652.7715454101562,798.9091796875,630.9343872070312,1071.2933349609375,872.35791015625,1260.029052734375
709,657.8358154296875,814.0686645507812,605.3369140625,1078.3890380859375,836.2929077148438,1283.5228271484375
710,639.1341552734375,797.5255737304688,549.586669921875,1075.9573974609375,765.3737182617188,1302.471435546875
711,617.3827514648438,771.4135131835938,554.029296875,1071.14404296875,685.9259033203125,1312.5252685546875
712,624.6211547851562,771.5343017578125,531.0313110351562,1059.013671875,631.4306030273438,1323.056884765625
713,616.128173828125,758.7112426757812,522.4540405273438,1064.5089111328125,566.4550170898438,1360.45458984375
714,622.7625732421875,749.28076171875,523.0762939453125,1060.12255859375,513.63818359375,1350.712158203125
715,641.2943725585938,755.107177734375,523.9066772460938,1078.671630859375,496.4163513183594,1367.595703125
716,637.68359375,764.5172119140625,512.879150390625,1106.1990966796875,514.2517700195312,1369.487060546875
717,639.5789794921875,777.5072631835938,513.9849853515625,1134.6160888671875,536.7951049804688,1374.307373046875
718,616.754638671875,804.9380493164062,481.04754638671875,1152.67529296875,585.6317138671875,1350.10400390625
719,623.9692993164062,832.1444702148438,508.6893615722656,1165.055908203125,665.07568359375,1370.7117919921875
720,657.1085205078125,824.3931884765625,547.3562622070312,1152.7369384765625,740.0607299804688,1378.5714111328125
721,652.393310546875,809.493408203125,568.9790649414062,1109.17529296875,805.4208984375,1322.4005126953125
722,677.575927734375,782.7802734375,595.4368896484375,1105.5223388671875,814.5670166015625,1385.0296630859375
723,685.5120849609375,765.4863891601562,682.2702026367188,1098.5615234375,876.5357666015625,1394.0321044921875
724,684.1825561523438,747.3755493164062,728.3195190429688,1070.8084716796875,921.96240234375,1359.368896484375
725,660.6349487304688,733.5364379882812,757.0358276367188,1048.0120849609375,929.016357421875,1339.36767578125
726,651.3706665039062,755.9752807617188,760.9581298828125,1035.3687744140625,938.8473510742188,1318.326416015625
727,653.263427734375,777.2949829101562,745.7003784179688,1039.6759033203125,958.794677734375,1295.1170654296875
728,645.9080810546875,785.1280517578125,720.5774536132812,1056.7686767578125,949.8655395507812,1284.4293212890625
729,643.087158203125,792.6967163085938,683.0698852539062,1071.7164306640625,942.8999633789062,1272.26708984375
730,632.7252807617188,799.9171142578125,649.1477661132812,1081.828857421875,920.4675903320312,1259.04931640625
731,651.6112060546875,811.37646484375,631.431640625,1064.55029296875,872.4884643554688,1256.6055908203125
732,659.4454345703125,810.775634765625,609.7263793945312,1078.7137451171875,833.1448974609375,1289.8809814453125
733,636.1650390625,793.0379028320312,554.4044799804688,1075.9263916015625,779.5548706054688,1308.998779296875
734,629.8009033203125,768.1307983398438,567.4591064453125,1066.488525390625,696.550048828125,1313.3839111328125
735,635.0696411132812,768.136474609375,539.7510986328125,1051.75,646.8189697265625,1316.7535400390625
736,631.857421875,744.849609375,541.209716796875,1052.47119140625,579.3997192382812,1350.5670166015625
737,634.3125,749.6343383789062,530.2706909179688,1062.7764892578125,524.9705200195312,1363.4459228515625
738,653.4680786132812,749.8480834960938,533.8656005859375,1074.9083251953125,507.7098083496094,1365.2552490234375
739,651.1839599609375,754.4041137695312,527.44287109375,1095.9974365234375,521.3540649414062,1361.014892578125
740,646.6455688476562,775.371337890625,524.8233642578125,1131.025146484375,547.541748046875,1369.60107421875
741,625.7471923828125,803.2998657226562,494.99774169921875,1162.6356201171875,597.5486450195312,1355.6829833984375
742,628.3106689453125,837.6910400390625,520.502685546875,1168.2099609375,674.7258911132812,1365.576171875
743,658.6702880859375,824.2544555664062,561.3660278320312,1160.6083984375,750.6392211914062,1372.274658203125
744,649.4744262695312,815.1815795898438,580.988525390625,1122.6427001953125,808.83056640625,1335.6395263671875
745,671.7938232421875,784.8576049804688,605.741943359375,1105.1412353515625,826.4124755859375,1369.73974609375
746,677.4232177734375,767.6416625976562,677.41552734375,1101.4984130859375,885.2752685546875,1385.3192138671875
747,679.111572265625,749.7109375,722.361328125,1078.1322021484375,925.030517578125,1364.034423828125
748,663.9998168945312,733.5228881835938,745.4315795898438,1046.8582763671875,927.7354125976562,1333.24658203125
749,652.4021606445312,736.0468139648438,765.608642578125,1038.7796630859375,960.3190307617188,1305.937744140625
750,646.3131713867188,747.0928344726562,752.1932373046875,1030.7454833984375,965.389892578125,1284.34228515625
751,639.5833740234375,762.3551025390625,728.3362426757812,1042.42578125,954.7086791992188,1266.94140625
752,636.399658203125,778.0908203125,688.9662475585938,1053.698486328125,935.1530151367188,1257.8262939453125
753,627.2424926757812,796.8836669921875,649.42431640625,1068.00341796875,900.6033325195312,1246.6190185546875
754,638.8248901367188,802.7472534179688,614.6698608398438,1057.3165283203125,867.4259033203125,1245.6278076171875
755,646.4269409179688,798.9710083007812,606.8931884765625,1067.8267822265625,834.6514892578125,1270.8314208984375
756,627.7734985351562,790.5136108398438,557.7936401367188,1089.4827880859375,773.8859252929688,1326.18017578125
757,619.191650390625,767.8685302734375,559.30908203125,1069.55712890625,710.1963500976562,1313.7198486328125
758,630.9912719726562,767.7882080078125,534.5787963867188,1052.1041259765625,652.4188232421875,1318.0057373046875
759,619.7589111328125,751.7362060546875,523.2387084960938,1050.525146484375,582.7241821289062,1336.1304931640625
760,619.3831176757812,747.2011108398438,521.6141967773438,1057.5325927734375,521.9320678710938,1358.3858642578125
761,632.2294921875,749.8333740234375,516.7144775390625,1071.2293701171875,489.51068115234375,1361.3983154296875
762,640.77001953125,758.6980590820312,504.123779296875,1095.6405029296875,495.69708251953125,1364.7293701171875
763,643.7011108398438,779.5660400390625,499.25384521484375,1131.3094482421875,528.8087768554688,1370.81689453125
764,636.1322021484375,798.2827758789062,488.652099609375,1156.145263671875,566.2222290039062,1367.703369140625
765,604.6099243164062,830.7079467773438,486.894775390625,1162.3404541015625,642.500732421875,1358.2344970703125
766,624.1741943359375,815.0612182617188,519.4304809570312,1148.7388916015625,706.0081176757812,1370.012451171875
767,635.105712890625,802.560791015625,550.4156494140625,1116.0509033203125,776.4834594726562,1333.8673095703125
768,642.822998046875,791.9064331054688,579.795654296875,1120.3311767578125,792.725830078125,1381.69189453125
769,654.5711059570312,767.1494750976562,644.6543579101562,1097.9268798828125,847.8519897460938,1387.3660888671875
770,648.5808715820312,740.9656982421875,690.3555908203125,1072.781982421875,881.1243896484375,1365.236572265625
771,627.0657958984375,728.635986328125,727.0010375976562,1052.0933837890625,911.4849243164062,1326.8372802734375
772,616.7915649414062,737.50048828125,737.4744873046875,1036.376708984375,919.4580688476562,1311.14697265625
773,621.7035522460938,749.2752685546875,730.2222290039062,1038.6917724609375,931.3912963867188,1291.21533203125
774,616.1546630859375,760.7495727539062,702.2118530273438,1045.5740966796875,928.6132202148438,1275.6234130859375
775,610.4925537109375,780.6229858398438,664.2889404296875,1058.0052490234375,905.3073120117188,1269.9539794921875
776,601.2837524414062,795.2285766601562,625.1007080078125,1064.701171875,885.400146484375,1244.2335205078125
777,615.3125,803.9022216796875,596.69189453125,1068.0546875,844.2882080078125,1261.91748046875
778,623.7493896484375,808.07666015625,581.7730712890625,1063.41552734375,810.4865112304688,1262.691650390625
779,611.9961547851562,798.3853149414062,540.5040283203125,1078.2847900390625,761.63818359375,1309.5682373046875
780,613.6904907226562,783.48046875,509.9408874511719,1062.53466796875,675.8242797851562,1300.232666015625
781,605.8088989257812,774.6362915039062,499.3138732910156,1058.5400390625,607.6909790039062,1318.389892578125
782,599.9539184570312,761.5189819335938,492.61700439453125,1052.767822265625,548.72705078125,1333.7296142578125
783,607.9622192382812,754.0327758789062,497.8017883300781,1056.958740234375,487.58477783203125,1358.4920654296875
784,610.3875732421875,754.2908935546875,490.99395751953125,1069.4954833984375,454.89984130859375,1360.135986328125
785,606.9500122070312,762.3484497070312,480.5204162597656,1096.5047607421875,462.6571044921875,1363.950439453125
786,615.8369750976562,775.2542724609375,472.8915710449219,1127.355224609375,486.6493835449219,1371.551025390625
787,595.4526977539062,803.5411376953125,459.9787292480469,1156.0693359375,533.77099609375,1367.3284912109375
788,577.4473266601562,826.7337036132812,457.3948974609375,1163.05859375,582.325927734375,1352.98779296875
789,599.8626708984375,821.8714599609375,484.0690612792969,1161.4669189453125,640.0783081054688,1373.41650390625
790,607.9271850585938,821.8945922851562,518.5674438476562,1129.921142578125,721.9796142578125,1351.5684814453125
791,624.0926513671875,793.0535888671875,539.82421875,1102.6549072265625,750.443115234375,1347.5189208984375
792,638.4288940429688,769.1394653320312,604.4393920898438,1093.3790283203125,791.79052734375,1366.130615234375
793,647.611083984375,743.9793090820312,663.6685180664062,1070.5902099609375,837.3435668945312,1358.9056396484375
794,627.2899169921875,727.0645751953125,699.2286987304688,1055.2689208984375,861.6028442382812,1338.8404541015625
795,602.2462158203125,726.6683959960938,703.7719116210938,1025.298095703125,877.1222534179688,1302.808837890625
796,600.0438842773438,738.7762451171875,705.7061767578125,1027.9876708984375,897.9622192382812,1289.4404296875
797,606.7470703125,749.5401000976562,689.7197265625,1028.006103515625,911.7958374023438,1261.9427490234375
798,598.5265502929688,768.0673828125,662.6954956054688,1042.460205078125,898.2098388671875,1252.68896484375
799,595.6452026367188,785.3172607421875,624.1705322265625,1054.7274169921875,884.221435546875,1239.76904296875
800,604.0999145507812,798.1166381835938,598.7206420898438,1064.51513671875,852.6529541015625,1251.465087890625
801,613.40478515625,798.1653442382812,583.6764526367188,1056.5419921875,816.1052856445312,1248.8717041015625
802,617.3037109375,796.5236206054688,548.3955688476562,1084.7801513671875,761.9898071289062,1313.035888671875
803,610.0641479492188,781.4489135742188,517.3312377929688,1056.7548828125,706.0133056640625,1280.25146484375
804,616.0922241210938,773.1822509765625,500.9282531738281,1045.059814453125,620.123291015625,1291.25830078125
805,604.6077270507812,762.1361083984375,499.35052490234375,1046.5634765625,565.6139526367188,1327.9090576171875
806,595.1450805664062,750.2276611328125,499.26336669921875,1053.90966796875,503.52520751953125,1349.80810546875
807,611.98974609375,752.7493896484375,505.363037109375,1067.300048828125,481.2507019042969,1359.8348388671875
808,620.688720703125,752.844970703125,499.11328125,1084.7686767578125,477.53082275390625,1366.7347412109375
809,620.6416015625,767.2059326171875,486.5713806152344,1109.1326904296875,503.4930725097656,1365.9334716796875
810,616.560302734375,787.8598022460938,479.6209716796875,1141.5938720703125,539.7013549804688,1366.083984375
811,591.1459350585938,823.7589111328125,474.5683898925781,1156.06201171875,593.8666381835938,1350.7340087890625
812,594.5977783203125,828.4641723632812,485.5859069824219,1156.2379150390625,653.8978271484375,1356.60498046875
813,617.033935546875,822.5609130859375,516.685791015625,1143.8704833984375,712.1183471679688,1359.828369140625
814,616.8499145507812,808.9136962890625,540.1448364257812,1107.2105712890625,772.328857421875,1334.1280517578125
815,634.7138671875,778.8486938476562,593.843505859375,1099.0235595703125,814.751220703125,1370.1097412109375
816,638.81201171875,756.1322021484375,655.1759033203125,1086.46728515625,864.3579711914062,1382.6199951171875
817,631.3181762695312,734.5865478515625,692.6195068359375,1059.5909423828125,883.3991088867188,1348.2454833984375
818,607.228515625,730.2703857421875,708.5494995117188,1030.203857421875,894.456298828125,1314.329345703125
819,596.2761840820312,742.1953735351562,717.488525390625,1029.6318359375,917.4819946289062,1291.5992431640625
820,607.97900390625,756.5993041992188,709.6437377929688,1036.651611328125,926.3611450195312,1279.4752197265625
821,593.2493286132812,769.2859497070312,674.827392578125,1048.5296630859375,909.5845336914062,1262.0062255859375
822,589.003662109375,791.8369140625,633.418212890625,1064.806884765625,887.5072631835938,1249.9586181640625
823,591.7509155273438,799.2888793945312,611.4295043945312,1068.919921875,864.7450561523438,1243.90234375
824,602.1976928710938,798.2822265625,569.4921875,1072.96435546875,800.0403442382812,1269.7930908203125
825,600.0662841796875,797.68603515625,529.0624389648438,1098.496337890625,740.054443359375,1335.781494140625
826,601.4227294921875,776.3739624023438,516.6974487304688,1071.780517578125,713.2006225585938,1311.6654052734375
827,602.7230834960938,772.341064453125,490.8818664550781,1052.1661376953125,625.6442260742188,1294.6378173828125
828,585.6030883789062,762.267822265625,484.12408447265625,1054.3692626953125,573.248046875,1327.709716796875
829,576.316162109375,752.4073486328125,482.48089599609375,1064.8636474609375,508.8382263183594,1361.757568359375
830,591.1289672851562,751.5543823242188,489.26953125,1063.0616455078125,476.18328857421875,1356.636474609375
831,601.8492431640625,753.8785400390625,481.1494445800781,1084.75341796875,459.481201171875,1363.50439453125
832,601.0043334960938,770.9925537109375,472.9342346191406,1122.035888671875,469.0733642578125,1379.965576171875
833,601.3438110351562,781.78857421875,463.7227478027344,1145.7447509765625,505.86212158203125,1382.3583984375
834,582.0214233398438,816.296875,450.4774475097656,1166.0743408203125,553.3738403320312,1364.5755615234375
835,556.3082885742188,828.9542236328125,446.41845703125,1158.482421875,620.6394653320312,1355.284423828125
836,603.9005126953125,830.5565185546875,525.1144409179688,1156.57958984375,733.9966430664062,1368.84228515625
837,595.6444702148438,811.8056030273438,521.7886352539062,1118.9906005859375,757.88916015625,1340.2747802734375
838,617.9946899414062,785.7169799804688,551.0546264648438,1109.3719482421875,770.9346313476562,1377.1163330078125
839,604.7294921875,765.4102172851562,631.4686279296875,1095.1822509765625,844.7750244140625,1379.337158203125
840,597.384521484375,747.7424926757812,663.0468139648438,1071.5257568359375,882.7406616210938,1353.3751220703125
841,579.681396484375,737.3645629882812,687.4649658203125,1046.3389892578125,881.9937744140625,1335.4522705078125
842,578.3204956054688,745.9751586914062,702.4410400390625,1031.57275390625,904.7515869140625,1304.3411865234375
843,583.2239990234375,755.7845458984375,697.6473999023438,1034.0877685546875,914.8702392578125,1282.0552978515625
844,571.5377807617188,771.7880859375,669.903564453125,1048.300048828125,905.3599243164062,1276.210205078125
845,571.4596557617188,785.8172607421875,633.0472412109375,1060.62451171875,887.8284301757812,1256.1241455078125
846,563.66455078125,799.4654541015625,601.9290771484375,1080.484130859375,860.020751953125,1252.89306640625
847,577.2359008789062,800.4336547851562,558.2573852539062,1074.2569580078125,810.8739624023438,1259.6478271484375
848,587.8108520507812,797.5669555664062,534.5454711914062,1076.4134521484375,756.0972290039062,1293.9310302734375
849,570.3455200195312,786.9309692382812,498.8887939453125,1084.490966796875,726.7963256835938,1332.34912109375
850,572.7295532226562,772.3807983398438,472.7174377441406,1057.3662109375,632.9266357421875,1299.260498046875
851,572.262451171875,766.3536987304688,468.6720886230469,1052.0679931640625,575.3408203125,1320.853759765625
852,551.7610473632812,752.8311767578125,458.4974060058594,1061.934814453125,509.9615783691406,1347.8118896484375
853,560.7861328125,746.7127685546875,463.28167724609375,1064.3133544921875,456.0425720214844,1364.963134765625
854,576.2440795898438,754.4046020507812,458.0918884277344,1082.9459228515625,435.66650390625,1366.521728515625
855,575.0806884765625,759.4268188476562,452.0111389160156,1107.962158203125,443.6051330566406,1366.306640625
856,576.2481689453125,778.275146484375,444.6916198730469,1131.3824462890625,481.8863830566406,1366.5150146484375
857,553.2386474609375,802.6260375976562,428.71673583984375,1153.04150390625,525.8929443359375,1348.9859619140625
858,542.69384765625,830.1681518554688,444.6763916015625,1161.380615234375,585.9977416992188,1361.6517333984375
859,583.9171142578125,822.1470947265625,493.1016540527344,1146.3309326171875,690.7529296875,1364.081298828125
860,581.0179443359375,810.0038452148438,496.10650634765625,1111.0418701171875,738.7388916015625,1326.4326171875
861,602.1245727539062,791.7880249023438,523.8696899414062,1109.580078125,740.841796875,1369.4095458984375
862,607.5015258789062,760.9187622070312,605.80859375,1093.3092041015625,815.3582153320312,1376.7884521484375
863,604.2249755859375,750.1616821289062,652.4551391601562,1073.2694091796875,859.9878540039062,1356.9884033203125
864,578.9339599609375,736.5945434570312,677.3683471679688,1047.885498046875,881.4131469726562,1320.5706787109375
865,575.4908447265625,742.5748901367188,685.8292236328125,1033.629150390625,878.4041748046875,1312.2762451171875
866,585.2302856445312,758.6981201171875,685.7230834960938,1038.996826171875,894.2420654296875,1294.7523193359375
867,573.0524291992188,770.3280639648438,655.0645751953125,1050.984130859375,887.9791259765625,1288.16162109375
868,573.6729736328125,783.7930908203125,622.855712890625,1063.7601318359375,872.0033569335938,1272.4521484375
869,566.3075561523438,795.5747680664062,593.3197021484375,1088.5206298828125,845.6219482421875,1271.3309326171875
870,573.8472290039062,801.7885131835938,554.9671630859375,1080.2608642578125,799.3961791992188,1272.34033203125
871,587.2428588867188,800.2212524414062,521.432373046875,1082.955810546875,742.3555908203125,1304.9547119140625
872,560.2657470703125,804.3865966796875,489.62420654296875,1082.781005859375,715.779296875,1299.4937744140625
873,567.0238037109375,782.6331176757812,467.7404479980469,1066.2454833984375,617.798095703125,1305.1527099609375
874,570.5260620117188,774.6908569335938,460.6234130859375,1054.185546875,561.9398803710938,1317.9609375
875,554.6385498046875,757.4702758789062,455.33563232421875,1059.499267578125,496.3472900390625,1351.3447265625
876,567.7157592773438,748.2156372070312,456.47747802734375,1060.4981689453125,438.01702880859375,1358.802734375
877,573.9742431640625,754.1846923828125,444.7532958984375,1078.576904296875,423.57421875,1356.7232666015625
878,581.0348510742188,759.2715454101562,439.4778747558594,1101.7467041015625,435.6522216796875,1358.7799072265625
879,573.1622314453125,777.8427124023438,438.07562255859375,1132.3792724609375,469.31134033203125,1360.63671875
880,546.5271606445312,807.7239990234375,411.5456848144531,1158.9525146484375,504.5772399902344,1350.419677734375
881,543.5215454101562,832.6122436523438,434.36895751953125,1164.6998291015625,573.6271362304688,1358.344482421875
882,571.5599365234375,825.8721313476562,481.5545654296875,1155.683837890625,679.2515258789062,1370.0001220703125
883,568.0791625976562,814.0338134765625,490.3194885253906,1116.780517578125,721.399658203125,1335.6005859375
884,594.5773315429688,782.7140502929688,515.099609375,1099.6087646484375,725.91015625,1367.83544921875
885,601.4686889648438,766.1806640625,589.141357421875,1094.3529052734375,786.9791259765625,1377.9649658203125
886,603.6941528320312,737.7652587890625,637.9063720703125,1070.3724365234375,818.635498046875,1367.5162353515625
887,578.406494140625,731.658447265625,665.5880126953125,1054.822998046875,848.7213134765625,1337.146728515625
888,558.8052978515625,747.8091430664062,671.6859130859375,1035.739990234375,856.1043701171875,1315.131103515625
889,572.889404296875,766.1448974609375,674.9890747070312,1031.395751953125,882.7532958984375,1295.4742431640625
890,569.4157104492188,775.9010620117188,644.257080078125,1041.0465087890625,879.4553833007812,1273.2030029296875
891,562.4124755859375,775.1515502929688,627.5308837890625,1051.1544189453125,870.592041015625,1259.6046142578125
892,551.7964477539062,799.3978271484375,579.2151489257812,1078.2703857421875,845.3193969726562,1254.7498779296875
893,551.96044921875,801.2904052734375,545.1715087890625,1066.0716552734375,809.9463500976562,1238.937744140625
894,573.7866821289062,799.9680786132812,536.3606567382812,1069.99072265625,762.8413696289062,1278.73681640625
895,574.1287231445312,781.7763061523438,507.91546630859375,1090.0113525390625,727.6240844726562,1341.52587890625
896,581.8046875,775.8724365234375,480.1703796386719,1067.901123046875,651.502685546875,1309.177001953125
897,583.0675048828125,764.4512329101562,468.5486145019531,1050.527587890625,580.2879638671875,1316.4210205078125
898,563.0533447265625,752.9880981445312,460.2104187011719,1055.2972412109375,521.7138671875,1344.1697998046875
899,568.0270385742188,739.8801879882812,465.3565368652344,1056.8642578125,469.06695556640625,1358.9556884765625
900,582.414794921875,743.9546508789062,459.4613342285156,1075.38623046875,438.5089416503906,1374.306640625
901,587.4327392578125,754.0867309570312,448.871337890625,1105.382568359375,439.5186767578125,1377.65625
902,581.7990112304688,774.7525634765625,444.0133972167969,1133.525390625,480.837890625,1385.1109619140625
903,571.0501098632812,797.218505859375,432.6102294921875,1161.25390625,507.7879943847656,1369.69189453125
904,542.6405029296875,825.9329833984375,418.388427734375,1164.33935546875,570.2236938476562,1346.95751953125
905,568.1625366210938,823.0130004882812,469.5661926269531,1152.786376953125,647.891845703125,1379.1988525390625
906,577.2408447265625,818.7236938476562,499.5989074707031,1132.39013671875,735.2635498046875,1350.16943359375
907,595.20263671875,784.0452270507812,516.3355102539062,1105.5792236328125,738.1939697265625,1369.030029296875
908,598.0205688476562,774.6871948242188,585.8831787109375,1101.00341796875,809.21923828125,1378.735107421875
909,597.1427001953125,750.1721801757812,640.8306884765625,1078.1319580078125,847.9251708984375,1375.453125
910,585.0332641601562,738.22119140625,667.0634765625,1054.55810546875,868.7847290039062,1341.853271484375
911,560.996337890625,741.9959106445312,686.1487426757812,1045.3487548828125,896.6463012695312,1305.1405029296875
912,564.107421875,765.9664306640625,666.14208984375,1029.48486328125,888.183837890625,1287.52734375
913,564.3651733398438,764.4035034179688,651.9725341796875,1047.1741943359375,888.0767822265625,1275.75146484375
914,557.0134887695312,783.7415771484375,621.9063110351562,1057.62744140625,868.783447265625,1259.5843505859375
915,546.5640869140625,807.986572265625,572.9443359375,1080.2056884765625,840.7568359375,1246.46337890625
916,543.0438842773438,805.3132934570312,539.0526123046875,1063.1788330078125,799.3753051757812,1228.7783203125
917,566.838134765625,800.8445434570312,525.623291015625,1076.15380859375,753.7595825195312,1283.4093017578125
918,557.9335327148438,784.6088256835938,487.9444274902344,1081.637451171875,711.1038208007812,1327.3543701171875
919,562.1167602539062,774.9364013671875,462.8089904785156,1058.870361328125,628.1450805664062,1291.9815673828125
920,559.4067993164062,766.3368530273438,457.6451416015625,1048.4913330078125,569.503662109375,1311.7222900390625
921,550.780029296875,762.1157836914062,449.7468566894531,1054.8189697265625,511.4359130859375,1343.3848876953125
922,557.030517578125,754.5846557617188,450.3471984863281,1068.2216796875,451.6511535644531,1366.15673828125
923,572.5599365234375,756.2133178710938,446.1430969238281,1075.7340087890625,424.8833312988281,1354.3389892578125
924,571.828369140625,764.5993041992188,433.46923828125,1102.14111328125,430.8992004394531,1358.2305908203125
925,561.8291015625,778.9153442382812,422.94866943359375,1137.872314453125,455.4113464355469,1354.7430419921875
926,538.6077270507812,805.8277587890625,399.9125061035156,1160.8670654296875,497.56292724609375,1340.1810302734375
927,533.8494262695312,832.0109252929688,426.08184814453125,1167.699462890625,567.8536376953125,1352.5421142578125
928,562.412353515625,828.402099609375,474.41485595703125,1158.400390625,673.5811157226562,1366.842041015625
929,562.6448364257812,810.3532104492188,490.6702880859375,1115.772216796875,719.14404296875,1328.2242431640625
930,583.1854248046875,778.760986328125,517.09130859375,1095.234375,729.7479858398438,1354.68115234375
931,576.7137451171875,754.4262084960938,582.5859985351562,1088.560302734375,786.0580444335938,1368.4932861328125
932,573.3668212890625,735.5120239257812,627.8875122070312,1060.8197021484375,832.3628540039062,1340.3492431640625
933,561.5880126953125,730.8711547851562,656.810791015625,1045.934326171875,832.54541015625,1328.7198486328125
934,546.263671875,743.007080078125,675.454833984375,1042.0623779296875,858.1241455078125,1305.6507568359375
935,553.2942504882812,766.3379516601562,652.5247192382812,1033.0521240234375,877.9235229492188,1284.1640625
936,547.963134765625,761.91064453125,643.4977416992188,1045.482421875,873.6375732421875,1265.798583984375
937,545.286376953125,779.5512084960938,612.3788452148438,1056.8734130859375,855.425537109375,1257.9078369140625
938,539.1590576171875,803.1236572265625,576.950927734375,1071.88037109375,822.8596801757812,1247.223388671875
939,544.765869140625,815.9146728515625,536.4153442382812,1058.6876220703125,801.2649536132812,1236.74072265625
940,562.639892578125,804.7491455078125,537.6829223632812,1068.9180908203125,757.030517578125,1260.89208984375
941,551.8167724609375,786.5176391601562,493.5619812011719,1091.9697265625,702.719970703125,1330.97900390625
942,547.0744018554688,776.4498291015625,465.4443359375,1055.3492431640625,652.6206665039062,1279.6934814453125
943,547.4410400390625,763.7755737304688,459.3185119628906,1054.0299072265625,582.8435668945312,1315.0716552734375
944,534.0270385742188,751.7420654296875,445.38861083984375,1050.9873046875,528.37255859375,1329.9940185546875
945,531.2533569335938,744.1401977539062,447.8169250488281,1067.7257080078125,472.5375671386719,1366.0040283203125
946,551.255615234375,741.5004272460938,445.05743408203125,1071.0216064453125,435.50299072265625,1357.7900390625
947,565.6887817382812,746.7484741210938,436.1866149902344,1091.8284912109375,437.9371032714844,1359.4664306640625
948,564.9166259765625,769.2520751953125,428.877685546875,1127.9241943359375,459.6336669921875,1368.4366455078125
949,548.4664916992188,795.6132202148438,401.1390686035156,1150.7701416015625,491.8942565917969,1343.41748046875
950,535.8342895507812,838.72998046875,423.62603759765625,1170.2366943359375,561.3103637695312,1351.40185546875
951,567.9395751953125,837.2801513671875,473.3001708984375,1154.7081298828125,670.2740478515625,1361.54345703125
952,560.8331909179688,827.8555297851562,478.6950988769531,1131.2381591796875,707.6854858398438,1342.41943359375
953,574.3267822265625,794.2937622070312,503.9197082519531,1102.7633056640625,732.3327026367188,1343.6044921875
954,583.8052978515625,778.3837890625,561.8990478515625,1099.079345703125,788.7667846679688,1365.607421875
955,582.7265625,756.66650390625,619.7926025390625,1086.9107666015625,838.1187744140625,1365.71435546875
956,582.5445556640625,741.7105102539062,646.1143798828125,1057.927978515625,837.7987670898438,1335.7265625
957,561.0468139648438,738.09716796875,668.507080078125,1049.2784423828125,858.4212036132812,1317.88525390625
958,554.9293212890625,768.1356811523438,667.4745483398438,1032.2911376953125,886.98779296875,1284.8333740234375
959,550.6759643554688,783.2195434570312,644.195068359375,1037.077880859375,887.879150390625,1269.1776123046875
960,552.9148559570312,777.3057861328125,625.9158325195312,1050.7249755859375,866.6716918945312,1257.540283203125
961,542.6949462890625,793.697021484375,590.2657470703125,1061.684814453125,837.343017578125,1250.0262451171875
962,543.5183715820312,814.1661987304688,555.1019897460938,1062.393798828125,806.727783203125,1237.2474365234375
963,565.290771484375,805.8533935546875,542.9210815429688,1061.8590087890625,776.3992309570312,1252.641357421875
964,568.0435180664062,791.8818969726562,510.985107421875,1072.41650390625,733.240966796875,1293.2037353515625
965,559.8964233398438,786.3971557617188,466.8031311035156,1064.46923828125,673.5853881835938,1294.9320068359375
966,571.7807006835938,767.8555908203125,464.1128845214844,1052.56201171875,597.5167236328125,1293.3331298828125
967,571.4666137695312,759.27099609375,461.34429931640625,1055.6986083984375,551.4752807617188,1326.821533203125
968,552.2428588867188,751.8579711914062,452.4539794921875,1054.88916015625,487.1721496582031,1353.3544921875
969,563.1084594726562,742.5413208007812,457.6634216308594,1063.1597900390625,437.74017333984375,1369.630126953125
970,576.05859375,746.5861206054688,455.2270202636719,1078.43310546875,437.63336181640625,1366.2437744140625
971,572.5786743164062,764.1334228515625,444.5642395019531,1109.341552734375,448.22296142578125,1368.8719482421875
972,568.09716796875,782.1019287109375,436.2168273925781,1134.9639892578125,490.31744384765625,1361.888427734375
973,556.632568359375,808.1649169921875,426.1327819824219,1162.72607421875,525.9592895507812,1360.9276123046875
974,547.8253173828125,834.6464233398438,445.0588073730469,1171.437744140625,588.1502685546875,1365.4908447265625
975,574.780517578125,840.7071533203125,487.2728576660156,1156.409423828125,709.678955078125,1374.2493896484375
976,577.6122436523438,817.0523071289062,504.957275390625,1120.017578125,749.3252563476562,1334.7464599609375
977,598.178955078125,788.5801391601562,520.6301879882812,1107.815185546875,746.0055541992188,1365.181396484375
978,599.7109375,768.3116455078125,615.64794921875,1095.641845703125,838.83837890625,1377.13671875
979,596.3414306640625,754.4535522460938,651.7476196289062,1075.9005126953125,865.7283935546875,1366.7098388671875
980,581.767822265625,743.0851440429688,678.6948852539062,1051.413818359375,885.9885864257812,1335.41552734375
981,568.9213256835938,743.98681640625,692.3710327148438,1032.295166015625,887.8306884765625,1309.0506591796875
982,570.1463012695312,749.0082397460938,689.508544921875,1039.35546875,914.8436889648438,1291.326171875
983,570.8465576171875,767.2181396484375,664.8012084960938,1055.503173828125,902.6821899414062,1286.036376953125
984,573.0966186523438,780.6588134765625,626.8231201171875,1060.321533203125,869.9161376953125,1269.863525390625
985,566.2587890625,802.473876953125,578.59521484375,1078.7030029296875,846.03173828125,1257.57568359375
986,581.0285034179688,802.4031372070312,555.7951049804688,1061.5032958984375,798.3880615234375,1257.3948974609375
987,582.1380004882812,796.4335327148438,534.9576416015625,1069.11572265625,749.3139038085938,1280.7825927734375
988,578.7874145507812,786.3175659179688,497.0416564941406,1077.7716064453125,707.813232421875,1326.394287109375
989,584.7786865234375,775.995849609375,476.6124572753906,1059.235107421875,624.1173706054688,1305.5357666015625
990,576.0169677734375,766.8638305664062,477.4232482910156,1050.974609375,574.5513305664062,1321.6571044921875
991,564.5122680664062,754.5150756835938,472.06365966796875,1061.4564208984375,504.7726135253906,1354.366455078125
992,572.952392578125,746.1344604492188,476.9396667480469,1060.542236328125,455.968505859375,1367.4683837890625
993,584.3681030273438,753.8256225585938,467.7534484863281,1079.452392578125,441.316162109375,1367.126953125
994,585.8431396484375,758.9608154296875,457.9759216308594,1106.4942626953125,454.234130859375,1366.67724609375
995,589.7261962890625,773.4402465820312,452.09197998046875,1124.4168701171875,498.248291015625,1362.7838134765625
996,561.336669921875,801.88916015625,440.87896728515625,1153.34912109375,532.1610107421875,1354.6376953125
997,547.6812744140625,829.9442138671875,432.4237976074219,1165.7911376953125,583.9505004882812,1342.227294921875
998,585.6964111328125,823.3971557617188,479.7377014160156,1151.6053466796875,667.4193725585938,1364.7132568359375
999,597.4099731445312,820.537353515625,504.1827697753906,1121.6246337890625,744.4716796875,1346.6585693359375
1000,619.5703735351562,797.3585815429688,522.9351196289062,1111.5782470703125,741.4071044921875,1360.20947265625
1001,622.2003784179688,777.650390625,608.8612060546875,1105.4761962890625,812.859619140625,1384.3004150390625
1002,617.8956909179688,754.031494140625,654.5126953125,1079.1964111328125,867.6068115234375,1367.0687255859375
1003,606.52685546875,735.8705444335938,681.18994140625,1053.1824951171875,884.4928588867188,1336.738525390625
1004,588.5025634765625,735.2543334960938,697.855224609375,1028.1240234375,895.8826904296875,1308.1044921875
1005,582.020751953125,750.7227783203125,693.1250610351562,1031.9349365234375,907.78564453125,1288.3304443359375
1006,579.2230224609375,763.9528198242188,678.5401000976562,1046.7349853515625,906.2794799804688,1279.8614501953125
1007,578.1324462890625,777.882568359375,632.8954467773438,1053.0552978515625,885.482666015625,1251.9649658203125
1008,579.6157836914062,793.623779296875,613.3502197265625,1074.3206787109375,866.3380737304688,1251.9957275390625
1009,583.1233520507812,795.9483032226562,573.6702880859375,1069.9075927734375,821.96484375,1256.1754150390625
1010,590.8119506835938,803.8070678710938,540.0479736328125,1080.0223388671875,761.8775024414062,1297.908935546875
1011,577.2068481445312,795.7315063476562,509.48321533203125,1093.9527587890625,734.3423461914062,1333.261474609375
1012,585.0986938476562,787.3619384765625,479.2751770019531,1067.794189453125,654.6829833984375,1305.9072265625
1013,581.4942626953125,779.6581420898438,473.4503173828125,1055.8128662109375,591.6134643554688,1311.44384765625
1014,574.5267333984375,761.2131958007812,480.6783142089844,1060.198486328125,534.41796875,1343.6248779296875
1015,576.507080078125,755.2011108398438,472.21343994140625,1063.5616455078125,476.456298828125,1360.532470703125
1016,585.1427612304688,764.09716796875,466.86566162109375,1085.7398681640625,444.14501953125,1373.3499755859375
1017,593.0744018554688,767.51025390625,453.89923095703125,1107.65283203125,442.790771484375,1369.2843017578125
1018,594.91650390625,777.782958984375,446.8554382324219,1126.4146728515625,477.9151611328125,1373.221923828125
1019,573.7256469726562,800.8258666992188,436.271484375,1156.3406982421875,514.5615844726562,1362.223388671875
1020,552.46875,833.7246704101562,440.04547119140625,1156.6552734375,582.0665893554688,1356.760009765625
1021,593.8148803710938,834.3955688476562,486.13104248046875,1155.985107421875,679.0870361328125,1375.56298828125
1022,591.0806274414062,820.15087890625,500.5503845214844,1124.7772216796875,736.8056030273438,1343.912841796875
1023,604.9617309570312,794.3040161132812,514.6434326171875,1107.0848388671875,731.5848999023438,1361.3973388671875
1024,613.54638671875,772.4915771484375,598.141845703125,1102.4765625,802.4323120117188,1397.085205078125
1025,611.9994506835938,757.0242919921875,648.439697265625,1079.9249267578125,850.9189453125,1367.5980224609375
1026,598.9696655273438,733.2887573242188,662.0223999023438,1041.258056640625,845.2447509765625,1338.8255615234375
1027,577.87890625,736.6650390625,685.7146606445312,1031.357177734375,878.1719970703125,1313.1805419921875
1028,577.757568359375,751.5343017578125,687.85693359375,1031.41796875,893.8511352539062,1295.294189453125
1029,573.3644409179688,764.277587890625,664.662841796875,1046.2247314453125,890.7361450195312,1280.9779052734375
1030,563.2001342773438,778.2025146484375,627.5946044921875,1056.3720703125,870.5742797851562,1261.544921875
1031,562.5926513671875,790.8482666015625,604.609375,1072.8260498046875,856.281005859375,1260.3046875
1032,558.1074829101562,814.2398681640625,557.7764892578125,1064.286865234375,806.0648803710938,1239.457763671875
1033,585.6216430664062,809.0032348632812,549.8408813476562,1067.9881591796875,766.6531372070312,1264.6817626953125
1034,583.7880249023438,792.7774658203125,514.1171875,1084.59814453125,716.7875366210938,1310.520751953125
1035,578.9210205078125,786.3305053710938,480.6087646484375,1062.47314453125,658.940673828125,1294.492919921875
1036,585.7894287109375,778.3917846679688,474.9882507324219,1050.3609619140625,587.27490234375,1291.4637451171875
1037,573.3806762695312,767.5404052734375,473.49188232421875,1053.763427734375,531.89208984375,1319.1365966796875
1038,570.2977905273438,755.9512939453125,475.1426086425781,1063.9786376953125,476.03521728515625,1347.8109130859375
1039,585.9537963867188,758.1879272460938,473.1160583496094,1073.4520263671875,440.3130798339844,1357.05322265625
1040,588.3231811523438,766.2589111328125,465.835693359375,1099.302734375,440.92657470703125,1359.61376953125
1041,580.4262084960938,772.603515625,461.3116455078125,1115.3873291015625,473.45599365234375,1354.873291015625
1042,562.1248168945312,788.1207885742188,446.113037109375,1141.46337890625,513.9033203125,1357.103759765625
1043,544.7089233398438,823.4714965820312,452.45086669921875,1155.9002685546875,562.6984252929688,1359.529541015625
1044,549.8285522460938,813.5747680664062,463.4849853515625,1152.3880615234375,627.5685424804688,1357.423828125
1045,545.2802734375,831.07177734375,513.4224853515625,1121.1251220703125,715.31787109375,1353.7147216796875
1046,544.0339965820312,808.1078491210938,520.218505859375,1103.908447265625,734.3508911132812,1351.6556396484375
1047,575.9669189453125,787.4489135742188,583.6534423828125,1109.906982421875,783.0073852539062,1380.5029296875
1048,565.1099853515625,756.1044311523438,639.267578125,1084.928955078125,854.2977905273438,1368.9075927734375
1049,558.1482543945312,729.1251220703125,674.710693359375,1069.625,859.1083374023438,1352.57275390625
1050,541.3961181640625,738.7702026367188,685.51708984375,1050.507568359375,893.316162109375,1320.6624755859375
1051,550.56396484375,755.3087768554688,681.0384521484375,1033.16259765625,892.4677734375,1296.076171875
1052,543.39697265625,771.1785888671875,671.92236328125,1051.165283203125,903.839599609375,1281.2794189453125
1053,534.1431884765625,792.0040893554688,639.59912109375,1062.2926025390625,883.3844604492188,1259.8646240234375
1054,528.5147094726562,808.5133666992188,613.2495727539062,1079.4039306640625,858.132568359375,1261.31884765625
1055,527.2348022460938,822.7667236328125,569.45654296875,1074.18017578125,815.6407470703125,1245.4945068359375
1056,558.8457641601562,812.370849609375,552.658203125,1072.9141845703125,780.9911499023438,1259.912841796875
1057,576.6539306640625,785.1893920898438,521.7520751953125,1074.6285400390625,723.3403930664062,1304.9036865234375
1058,559.4044799804688,779.1239013671875,470.69781494140625,1056.85107421875,665.3778076171875,1293.7073974609375
1059,554.5414428710938,771.2898559570312,464.39410400390625,1057.0174560546875,590.061767578125,1302.9466552734375
1060,537.7778930664062,759.4423828125,449.96697998046875,1056.234130859375,533.8970947265625,1327.13427734375
1061,539.0601806640625,751.9134521484375,452.88372802734375,1067.762939453125,473.31500244140625,1351.230224609375
1062,563.6524047851562,747.4369506835938,451.5716247558594,1076.4296875,425.8545227050781,1373.771728515625
1063,578.5594482421875,749.53271484375,444.1798095703125,1095.8560791015625,419.3791809082031,1373.718017578125
1064,563.6823120117188,770.8363647460938,438.18695068359375,1122.26953125,456.86077880859375,1372.89111328125
1065,544.096435546875,787.8710327148438,425.1927185058594,1148.832275390625,487.6999816894531,1373.980224609375
1066,526.109130859375,818.3650512695312,406.76031494140625,1159.7384033203125,548.05810546875,1345.2171630859375
1067,549.73779296875,817.253173828125,430.1575012207031,1154.510009765625,602.8555908203125,1355.575927734375
1068,580.0411376953125,823.8429565429688,480.99639892578125,1135.605224609375,702.0880737304688,1369.031982421875
1069,585.6055297851562,795.2611694335938,491.95599365234375,1101.35498046875,733.1980590820312,1346.8060302734375
1070,606.0149536132812,785.795654296875,560.3828735351562,1112.4439697265625,777.174560546875,1383.230712890625
1071,606.046142578125,759.50244140625,631.8988037109375,1094.667236328125,840.103271484375,1389.08544921875
1072,586.2599487304688,737.1224365234375,662.7340698242188,1064.16796875,866.4100341796875,1345.82275390625
1073,566.1964111328125,734.2344360351562,681.01171875,1043.886474609375,860.3259887695312,1335.289794921875
1074,566.6981201171875,745.3011474609375,689.4047241210938,1031.67919921875,882.1279907226562,1306.00341796875
1075,573.8706665039062,753.1314697265625,675.623291015625,1038.4193115234375,895.015380859375,1287.771240234375
1076,565.2448120117188,775.2555541992188,641.0204467773438,1055.7066650390625,878.307861328125,1271.8699951171875
1077,572.439208984375,790.264404296875,616.5427856445312,1069.569580078125,859.7695922851562,1268.2767333984375
1078,566.26025390625,792.8450317382812,585.9856567382812,1078.48193359375,837.677490234375,1256.921630859375
1079,576.7371826171875,803.142578125,554.9154663085938,1069.9962158203125,784.2940673828125,1270.3150634765625
1080,579.7637329101562,791.848388671875,526.0401000976562,1085.555419921875,745.7089233398438,1315.5091552734375
1081,572.1897583007812,782.6387939453125,491.23052978515625,1065.40869140625,691.8839721679688,1296.324462890625
1082,577.1394653320312,773.1990966796875,473.592041015625,1049.2275390625,603.7723999023438,1292.6949462890625
1083,556.1834106445312,757.2213134765625,472.6040344238281,1052.29833984375,558.4668579101562,1329.0931396484375
1084,559.571533203125,743.4805297851562,479.07037353515625,1055.0037841796875,497.6554870605469,1358.0423583984375
1085,572.2636108398438,744.6350708007812,472.3775329589844,1066.60205078125,455.3616027832031,1361.0323486328125
1086,580.839111328125,752.3192749023438,464.1429748535156,1089.08154296875,447.7575988769531,1365.0316162109375
1087,582.5562744140625,762.257568359375,456.0661926269531,1108.477294921875,468.9522705078125,1362.218994140625
1088,578.0135498046875,777.1173706054688,444.01666259765625,1138.9376220703125,498.9693603515625,1369.255615234375
1089,552.2652587890625,812.2849731445312,423.0032043457031,1156.052490234375,543.54052734375,1348.2950439453125
1090,561.2774047851562,814.573974609375,440.25933837890625,1160.0159912109375,588.342529296875,1354.2362060546875
1091,592.9806518554688,822.6451416015625,500.8273620605469,1143.328369140625,715.4022216796875,1361.409912109375
1092,597.0908813476562,803.5292358398438,506.0607604980469,1097.8265380859375,747.5278930664062,1318.5814208984375
1093,615.7415771484375,779.06982421875,554.2152099609375,1100.219970703125,756.7163696289062,1369.1240234375
1094,619.6631469726562,755.9489135742188,629.2431030273438,1086.453125,831.6259155273438,1374.4420166015625
1095,604.7700805664062,741.1820068359375,666.8712158203125,1061.29150390625,868.5348510742188,1340.3182373046875
1096,587.7139892578125,728.7650756835938,680.808349609375,1037.483642578125,865.9742431640625,1327.2806396484375
1097,581.4879150390625,743.9606323242188,699.988525390625,1031.2169189453125,893.363525390625,1297.9840087890625
1098,587.8873901367188,753.4093627929688,689.7918090820312,1032.134521484375,903.20751953125,1275.561279296875
1099,577.3690795898438,767.9533081054688,662.7277221679688,1047.822021484375,893.9923706054688,1264.0340576171875
1100,580.4923095703125,780.3865356445312,627.7686767578125,1058.6190185546875,881.7821044921875,1246.5079345703125
1101,575.93115234375,793.1014404296875,603.8955078125,1072.953125,855.7452392578125,1245.8031005859375
1102,588.7743530273438,796.3793334960938,564.0380249023438,1074.738037109375,800.8239135742188,1264.6748046875
1103,590.2559204101562,794.1395874023438,537.5402221679688,1090.464111328125,749.56640625,1307.5509033203125
1104,593.5640258789062,784.9215698242188,510.9709167480469,1072.5205078125,711.6159057617188,1303.5838623046875
1105,587.729736328125,778.9144287109375,480.44451904296875,1059.6834716796875,624.8353881835938,1297.383544921875
1106,577.6521606445312,765.1801147460938,480.9088439941406,1053.5682373046875,569.8342895507812,1323.9288330078125
1107,572.56982421875,752.5618896484375,479.9144287109375,1056.615234375,502.0779724121094,1356.16748046875
1108,589.82080078125,745.0927734375,483.8611755371094,1062.1602783203125,459.2574462890625,1363.72998046875
1109,591.9131469726562,748.7395629882812,467.5086669921875,1079.1322021484375,449.0475769042969,1356.4658203125
1110,590.646240234375,765.1040649414062,457.24365234375,1105.6429443359375,466.9130859375,1354.0709228515625
1111,586.9971923828125,779.099853515625,445.55657958984375,1133.56591796875,501.53594970703125,1354.728515625
1112,567.7928466796875,807.6920166015625,431.60028076171875,1154.048583984375,532.5338745117188,1343.0245361328125
1113,553.9489135742188,822.19482421875,435.87615966796875,1164.126220703125,580.8114624023438,1342.0849609375
1114,589.0865478515625,825.4437255859375,497.93548583984375,1143.739990234375,704.0059814453125,1356.626220703125
1115,586.3782348632812,812.0980224609375,501.58978271484375,1105.405517578125,731.0563354492188,1326.5406494140625
1116,625.1856689453125,787.1262817382812,527.1348266601562,1103.8988037109375,739.3892211914062,1363.478759765625
1117,623.1416015625,767.6329345703125,613.1721801757812,1096.9088134765625,823.5377197265625,1384.9932861328125
1118,616.2872314453125,749.4880981445312,657.681396484375,1073.3123779296875,865.9566650390625,1359.7716064453125
1119,589.6527709960938,730.770263671875,686.4698486328125,1054.51025390625,889.97021484375,1335.21044921875
1120,578.12255859375,738.4876098632812,696.5934448242188,1030.24267578125,888.463134765625,1304.9114990234375
1121,586.7261962890625,747.8688354492188,692.41845703125,1026.5657958984375,902.2487182617188,1283.11279296875
1122,578.0404663085938,762.947021484375,668.9483032226562,1044.4674072265625,897.2664184570312,1272.363525390625
1123,580.404296875,777.794921875,637.595458984375,1058.5804443359375,887.3439331054688,1256.0946044921875
1124,576.781494140625,788.867431640625,609.1106567382812,1073.4033203125,858.9244995117188,1251.8358154296875
1125,581.1101684570312,795.3504638671875,564.8365478515625,1074.18408203125,812.4412231445312,1260.5985107421875
1126,584.8101196289062,799.1566772460938,542.3372192382812,1077.6285400390625,760.0796508789062,1292.002685546875
1127,574.5022583007812,794.1734619140625,504.63623046875,1080.775390625,730.8377075195312,1307.3731689453125
1128,587.0606079101562,781.8489990234375,484.4934387207031,1063.036865234375,641.080322265625,1297.3297119140625
1129,575.3261108398438,775.739501953125,474.7560729980469,1052.76416015625,590.3267211914062,1311.8165283203125
1130,561.615966796875,761.5841674804688,464.8753967285156,1055.616943359375,527.5833740234375,1332.4779052734375
1131,570.473876953125,749.8767700195312,476.78668212890625,1065.51318359375,475.2452087402344,1363.937255859375
1132,588.757568359375,751.3692016601562,468.2724914550781,1081.42236328125,448.6546630859375,1363.85498046875
1133,590.3713989257812,754.2904663085938,458.96405029296875,1103.6702880859375,451.5984191894531,1368.470703125
1134,594.5469360351562,774.441162109375,449.1105651855469,1130.015380859375,487.4610900878906,1375.070068359375
1135,576.9220581054688,798.6015625,433.78399658203125,1156.554443359375,521.2295532226562,1363.288330078125
1136,543.9156494140625,819.4963989257812,437.59783935546875,1157.119384765625,601.8161010742188,1333.8834228515625
1137,574.7391357421875,815.4262084960938,469.96435546875,1157.6866455078125,650.0626831054688,1364.1942138671875
1138,582.7186889648438,816.0306396484375,500.6615295410156,1123.530029296875,734.6717529296875,1346.9808349609375
1139,601.3339233398438,785.322021484375,525.890625,1107.1527099609375,743.5320434570312,1355.5533447265625
1140,603.5956420898438,769.9411010742188,585.7152099609375,1099.3040771484375,802.2057495117188,1379.3394775390625
1141,605.4896850585938,748.9220581054688,645.2127075195312,1080.743408203125,853.6031494140625,1370.41943359375
1142,582.5830078125,734.7691040039062,664.8567504882812,1058.162109375,867.37646484375,1335.015625
1143,569.1401977539062,734.37548828125,681.2595825195312,1031.0582275390625,875.349609375,1309.6470947265625
1144,568.648681640625,747.0613403320312,686.236083984375,1027.7647705078125,895.4022216796875,1290.7042236328125
1145,570.9971923828125,765.4114990234375,668.8822631835938,1046.4744873046875,896.9469604492188,1280.5958251953125
1146,561.2083129882812,779.2613525390625,632.0707397460938,1058.915283203125,873.00146484375,1265.504150390625
1147,564.7730102539062,791.3826293945312,606.7410888671875,1076.863525390625,860.5144653320312,1264.2474365234375
1148,563.48388671875,797.1069946289062,574.338623046875,1076.1630859375,826.0994262695312,1254.89892578125
1149,580.447509765625,806.4305419921875,551.2606811523438,1072.6878662109375,779.21484375,1274.510009765625
1150,574.5388793945312,793.3467407226562,515.4439697265625,1095.3975830078125,737.1243896484375,1332.5040283203125
1151,572.846923828125,782.656005859375,479.9036865234375,1064.723388671875,684.5013427734375,1297.950439453125
1152,584.5286254882812,778.4864501953125,464.8094787597656,1048.8074951171875,593.4900512695312,1296.4969482421875
1153,568.0347290039062,760.721923828125,458.19720458984375,1046.222900390625,531.493896484375,1322.0457763671875
1154,567.237060546875,748.78662109375,459.5902404785156,1058.013427734375,474.7833251953125,1353.9986572265625
1155,582.9637451171875,742.843505859375,460.2237854003906,1064.609619140625,435.5406188964844,1360.3011474609375
1156,586.2533569335938,751.993408203125,457.15283203125,1090.0657958984375,442.27789306640625,1363.91162109375
1157,581.44921875,768.7626342773438,446.86279296875,1115.9305419921875,468.1564636230469,1367.2061767578125
1158,572.3001708984375,781.4208984375,437.1859130859375,1142.7147216796875,504.2633056640625,1365.42578125
1159,544.9627685546875,813.344970703125,416.4923400878906,1161.1220703125,547.6908569335938,1349.1529541015625
1160,558.3428955078125,831.2418823242188,449.6734619140625,1166.8199462890625,610.0938110351562,1368.4278564453125
1161,578.220458984375,822.793212890625,494.1041564941406,1138.6622314453125,716.754150390625,1357.4287109375
1162,573.5132446289062,801.5973510742188,503.56201171875,1109.7071533203125,738.5750122070312,1334.6844482421875
1163,593.8272094726562,780.271728515625,553.0665893554688,1099.5958251953125,771.7461547851562,1361.5599365234375
1164,596.5919799804688,757.6710205078125,616.2366943359375,1087.21875,837.3638916015625,1370.07275390625
1165,589.091552734375,735.1934814453125,656.5142211914062,1059.708984375,870.09375,1334.295166015625
1166,571.89990234375,730.9699096679688,673.349609375,1047.469970703125,865.234375,1326.66162109375
1167,563.0718383789062,736.0546875,682.1477661132812,1035.74658203125,897.880615234375,1304.1119384765625
1168,562.6760864257812,773.9681396484375,646.1957397460938,1034.4334716796875,882.343505859375,1280.362548828125
1169,549.552978515625,775.5221557617188,631.9330444335938,1049.3909912109375,871.8426513671875,1252.9420166015625
1170,548.91162109375,790.36767578125,599.8917846679688,1064.245361328125,842.365234375,1254.1072998046875
1171,545.5628051757812,806.0916137695312,564.5985717773438,1063.5390625,818.7227783203125,1246.1334228515625
1172,560.9608764648438,802.8814086914062,546.481201171875,1068.5482177734375,782.2996215820312,1261.69091796875
1173,565.6233520507812,787.9143676757812,515.2389526367188,1077.083984375,732.235107421875,1304.2491455078125
1174,561.9857177734375,780.4310302734375,468.7965393066406,1058.87890625,673.058349609375,1293.7393798828125
1175,558.7010498046875,767.419189453125,459.7862548828125,1051.197021484375,600.0003051757812,1300.0728759765625
1176,554.3150634765625,754.64111328125,452.8038024902344,1049.0137939453125,540.7749633789062,1324.7054443359375
1177,546.4907836914062,750.7938232421875,447.2976379394531,1055.9923095703125,477.2139587402344,1350.4625244140625
1178,561.8892822265625,743.2852172851562,453.43670654296875,1066.383056640625,431.5340270996094,1368.0748291015625
1179,576.2720336914062,743.6896362304688,449.3583068847656,1085.7020263671875,429.24810791015625,1369.0220947265625
1180,569.3450317382812,759.6488037109375,436.015869140625,1114.92822265625,451.52618408203125,1372.6365966796875
1181,567.4301147460938,781.659912109375,432.6793212890625,1145.3651123046875,482.3499755859375,1377.79541015625
1182,530.6351928710938,809.5882568359375,414.81439208984375,1142.825927734375,562.6375732421875,1326.705078125
1183,549.436767578125,835.6417236328125,437.1956481933594,1168.6761474609375,589.2559814453125,1375.3902587890625
1184,567.7108154296875,827.8634033203125,471.5202941894531,1145.4180908203125,691.9353637695312,1371.330322265625
1185,571.17626953125,804.0637817382812,489.3695983886719,1108.9405517578125,744.0325927734375,1334.5865478515625
1186,598.7962036132812,780.144287109375,528.5648803710938,1103.51708984375,740.5724487304688,1378.8646240234375
1187,602.8137817382812,762.5396118164062,609.8901977539062,1098.1319580078125,819.6185913085938,1387.9105224609375
1188,594.9810791015625,738.5438232421875,652.5159912109375,1069.3551025390625,860.048583984375,1354.552001953125
1189,574.2914428710938,733.2647094726562,671.7559204101562,1052.0638427734375,864.1567993164062,1335.7091064453125
1190,554.1000366210938,735.3963012695312,679.93310546875,1037.75634765625,896.5233764648438,1299.6866455078125
1191,563.5242919921875,765.74462890625,654.1139526367188,1030.302978515625,886.7618408203125,1285.49560546875
1192,561.5310668945312,778.7860107421875,623.1074829101562,1041.227783203125,880.1715698242188,1262.806396484375
1193,553.1296997070312,783.2939453125,614.5269165039062,1065.57373046875,863.987060546875,1265.147216796875
1194,554.12353515625,802.981201171875,578.4683227539062,1072.219970703125,829.7857055664062,1259.2401123046875
1195,566.7024536132812,806.912353515625,548.9736328125,1067.3145751953125,792.1463623046875,1259.809814453125
1196,574.14501953125,796.6525268554688,521.2994384765625,1073.7763671875,739.6624145507812,1292.641357421875
1197,569.1065673828125,792.810302734375,475.8297119140625,1067.1676025390625,688.1636352539062,1299.83935546875
1198,582.4542846679688,782.6017456054688,462.9333190917969,1052.40673828125,604.3093872070312,1288.0841064453125
1199,570.6871337890625,768.9152221679688,456.7760009765625,1049.7967529296875,546.754638671875,1318.34765625
1200,564.399169921875,759.7665405273438,452.00531005859375,1060.2908935546875,476.8407897949219,1356.5570068359375
1201,576.855712890625,745.9990234375,457.46099853515625,1059.4925537109375,430.47906494140625,1364.262451171875
1202,581.3262939453125,751.884521484375,455.142333984375,1081.3685302734375,431.7819519042969,1369.2158203125
1203,585.161865234375,760.1530151367188,449.9772033691406,1110.9180908203125,449.3233642578125,1373.2410888671875
1204,575.715087890625,779.47998046875,441.1922607421875,1137.9332275390625,495.604736328125,1369.4168701171875
1205,549.7908325195312,807.1906127929688,422.0233459472656,1157.19091796875,529.8607177734375,1352.346435546875
1206,553.5807495117188,834.8124389648438,442.9069519042969,1166.6131591796875,589.2740478515625,1365.82470703125
1207,577.0078735351562,827.5189819335938,484.99053955078125,1146.5555419921875,702.556884765625,1368.822021484375
1208,575.74755859375,812.4224853515625,491.2643737792969,1109.39208984375,740.6373291015625,1327.3927001953125
1209,607.135986328125,785.0856323242188,515.9990844726562,1107.4158935546875,740.5836181640625,1373.3048095703125
1210,604.9365234375,768.492919921875,607.3604736328125,1097.42626953125,823.9251708984375,1383.7708740234375
1211,604.8491821289062,745.484619140625,643.2669067382812,1076.027099609375,857.1603393554688,1375.093505859375
1212,586.33544921875,731.0120239257812,663.861572265625,1041.68408203125,858.955810546875,1339.17041015625
1213,568.807373046875,737.7939453125,681.5072631835938,1029.26513671875,884.3271484375,1306.2275390625
1214,574.9061279296875,752.1174926757812,680.6232299804688,1032.652587890625,894.5299072265625,1288.5955810546875
1215,566.6677856445312,764.2158203125,655.558837890625,1044.423095703125,892.6506958007812,1268.3216552734375
1216,562.893798828125,779.731201171875,624.5272827148438,1060.7857666015625,870.2250366210938,1267.447021484375
1217,549.9993896484375,798.6160278320312,573.912841796875,1084.0086669921875,842.5770874023438,1258.7955322265625
1218,560.4071044921875,804.6654663085938,551.0003051757812,1067.4825439453125,799.7080078125,1260.0408935546875
1219,567.1898193359375,796.4674682617188,527.3153686523438,1075.2864990234375,748.80322265625,1288.319091796875
1220,562.9760131835938,777.1021728515625,491.3460693359375,1079.6500244140625,700.3968505859375,1324.7369384765625
1221,563.8090209960938,767.283203125,464.6166687011719,1060.5484619140625,613.3616943359375,1309.770263671875
1222,554.8506469726562,757.0697631835938,464.7986145019531,1051.9195556640625,564.3579711914062,1324.772216796875
1223,546.0697631835938,749.0204467773438,459.812744140625,1055.26904296875,495.9425354003906,1357.1019287109375
1224,556.8375244140625,740.9835815429688,457.81365966796875,1065.2208251953125,440.0907897949219,1373.2362060546875
1225,562.3394165039062,743.6649169921875,448.06292724609375,1082.88916015625,423.9288330078125,1370.9886474609375
1226,566.618408203125,752.3311157226562,439.50714111328125,1103.851806640625,437.7703857421875,1368.5196533203125
1227,563.3450317382812,775.6212158203125,431.2290344238281,1145.3021240234375,472.6716613769531,1374.197509765625
1228,533.5134887695312,803.90625,409.6817321777344,1166.90087890625,508.27435302734375,1358.29443359375
1229,539.3508911132812,837.5974731445312,429.0936584472656,1174.833251953125,569.7056274414062,1362.849609375
1230,559.9732666015625,827.3560180664062,476.4456787109375,1155.677734375,688.1932983398438,1372.7408447265625
1231,562.1224975585938,814.2160034179688,489.6623229980469,1122.4984130859375,730.802490234375,1345.115234375
1232,594.3185424804688,783.7242431640625,516.4559936523438,1104.792724609375,736.3997192382812,1368.2513427734375
1233,587.5726928710938,766.438720703125,583.1260986328125,1105.9561767578125,804.9732055664062,1390.7764892578125
1234,591.6524047851562,746.66015625,627.6890869140625,1078.1966552734375,834.3525390625,1378.880615234375
1235,574.268310546875,739.4962158203125,661.1052856445312,1054.5009765625,856.443603515625,1335.9112548828125
1236,561.7835083007812,743.5305786132812,677.3594970703125,1043.5428466796875,883.2958374023438,1313.1217041015625
1237,555.9847412109375,778.4136352539062,647.810791015625,1036.3720703125,881.0425415039062,1291.451416015625
1238,546.43115234375,781.0526733398438,623.868408203125,1050.2454833984375,872.7233276367188,1272.826171875
1239,550.6825561523438,786.7219848632812,610.702880859375,1066.3062744140625,850.156005859375,1268.9417724609375
1240,539.8595581054688,802.6245727539062,572.8070068359375,1071.661376953125,821.6917114257812,1258.4063720703125
1241,549.13134765625,806.8535766601562,543.0045776367188,1065.3067626953125,792.9826049804688,1252.80029296875
1242,557.5227661132812,797.7096557617188,517.2902221679688,1077.257568359375,738.9437866210938,1289.748046875
1243,544.9329833984375,786.1043701171875,478.8990783691406,1090.135986328125,691.6561889648438,1333.2784423828125
1244,540.9278564453125,762.10693359375,469.12939453125,1069.0987548828125,604.1163940429688,1320.265380859375
1245,531.2939453125,761.6417236328125,447.7720031738281,1060.369140625,557.6337280273438,1329.4940185546875
1246,526.4508666992188,749.5903930664062,438.0652160644531,1061.0693359375,490.9729919433594,1354.1793212890625
1247,533.3629760742188,746.7606811523438,437.80426025390625,1067.7744140625,434.79833984375,1370.09521484375
1248,552.3206176757812,750.2966918945312,432.52569580078125,1080.4229736328125,415.0784912109375,1370.7738037109375
1249,552.0009765625,759.2737426757812,420.23291015625,1105.4747314453125,420.76702880859375,1370.2149658203125
1250,552.3291015625,777.57568359375,416.8204650878906,1138.8660888671875,450.6617431640625,1370.247314453125
1251,521.9880981445312,808.721923828125,391.1158447265625,1161.8616943359375,488.78265380859375,1358.3533935546875
1252,524.1741943359375,834.4453735351562,415.17022705078125,1167.6446533203125,568.2249755859375,1364.4620361328125
1253,558.8433227539062,830.5805053710938,457.0177001953125,1155.925537109375,655.9716796875,1376.7935791015625
1254,550.5752563476562,819.829833984375,482.3533935546875,1122.2554931640625,716.834228515625,1334.95751953125
1255,575.7559814453125,783.19921875,514.5884399414062,1109.9100341796875,722.4483032226562,1370.9796142578125
1256,582.2127685546875,762.9774169921875,575.023681640625,1100.9000244140625,779.62939453125,1385.503173828125
1257,577.7186889648438,741.3814086914062,615.554443359375,1073.468994140625,815.6611328125,1364.0152587890625
1258,570.1488647460938,732.6637573242188,648.1563110351562,1049.1798095703125,828.2415161132812,1332.6142578125
1259,551.4175415039062,737.847900390625,667.2762451171875,1041.1065673828125,862.021240234375,1309.4754638671875
1260,554.4784545898438,776.3020629882812,656.8297119140625,1030.9013671875,876.8761596679688,1285.4061279296875
1261,544.69287109375,784.9228515625,630.2481689453125,1043.7452392578125,879.6395874023438,1261.1041259765625
1262,544.4436645507812,784.3225708007812,607.5208129882812,1051.6136474609375,856.2088623046875,1245.7935791015625
1263,532.1730346679688,798.5303344726562,570.8876953125,1063.421875,815.75244140625,1238.5198974609375
1264,540.0338745117188,810.7738647460938,537.6126708984375,1060.269287109375,790.4505615234375,1239.399658203125
1265,559.2893676757812,794.9928588867188,528.2769165039062,1070.7822265625,743.5444946289062,1272.95556640625
1266,549.4976806640625,790.5554809570312,479.6944885253906,1089.3011474609375,694.5792846679688,1318.997314453125
1267,552.9519653320312,777.21826171875,451.1963195800781,1051.4542236328125,630.1900024414062,1284.2249755859375
1268,548.4234008789062,746.7272338867188,469.3219299316406,1051.416748046875,564.5947875976562,1325.548828125
1269,542.6610717773438,753.9693603515625,443.0592956542969,1049.484375,507.93878173828125,1332.96630859375
1270,538.5568237304688,749.8575439453125,441.601806640625,1071.9034423828125,440.93109130859375,1372.69091796875
1271,556.2646484375,745.5516357421875,443.4610595703125,1074.0706787109375,419.5945129394531,1367.32861328125
1272,562.1072387695312,752.5408325195312,434.44464111328125,1092.796875,437.8177490234375,1362.138916015625
1273,557.2545776367188,770.8048706054688,432.3338928222656,1124.1710205078125,466.6191101074219,1368.1849365234375
1274,534.8934936523438,795.5956420898438,408.3663024902344,1151.3397216796875,501.982177734375,1357.228515625
1275,532.4805297851562,831.2905883789062,427.0335388183594,1167.7816162109375,574.0211791992188,1367.5228271484375
1276,566.2171020507812,823.9640502929688,469.427490234375,1148.4375,679.1080932617188,1376.2501220703125
1277,567.3126831054688,816.9476318359375,483.78564453125,1121.7989501953125,716.3857421875,1344.277587890625
1278,593.33642578125,789.0009155273438,516.6853637695312,1105.3912353515625,724.9849853515625,1368.380859375
1279,597.1202392578125,775.838623046875,588.5861206054688,1107.1302490234375,790.0724487304688,1385.3115234375
1280,594.63134765625,746.8690795898438,637.659423828125,1077.56005859375,838.4267578125,1361.65185546875
1281,588.9124755859375,737.3226928710938,663.7550659179688,1056.4534912109375,850.3518676757812,1339.4622802734375
1282,567.2047119140625,750.591796875,675.9241333007812,1038.133056640625,870.61376953125,1308.4974365234375
1283,569.3713989257812,749.323486328125,689.7681274414062,1034.5052490234375,896.2862548828125,1297.80029296875
1284,565.70654296875,777.0731201171875,656.3766479492188,1036.7138671875,895.9026489257812,1271.063720703125
1285,558.5698852539062,774.8458251953125,634.1182250976562,1055.1292724609375,872.9573364257812,1264.4957275390625
1286,561.7889404296875,788.1326904296875,609.9508666992188,1076.0745849609375,858.0401611328125,1269.8001708984375
1287,565.4286499023438,806.638916015625,577.565185546875,1087.2149658203125,826.396728515625,1267.77587890625
1288,582.4879760742188,815.9031372070312,549.0185546875,1073.107666015625,778.9113159179688,1268.1295166015625
1289,579.174072265625,797.5030517578125,516.8351440429688,1083.340576171875,734.1036987304688,1314.713134765625
1290,567.6107177734375,787.3912353515625,483.2873840332031,1066.788330078125,692.8723754882812,1302.22314453125
1291,577.5584716796875,778.1204833984375,468.5851135253906,1057.955078125,601.1730346679688,1304.6251220703125
1292,570.3126831054688,768.1049194335938,466.8855285644531,1056.371826171875,546.7850952148438,1330.004638671875
1293,568.5682373046875,746.2647705078125,477.20269775390625,1057.817138671875,489.2908935546875,1360.6644287109375
1294,581.2946166992188,752.9910888671875,465.4457702636719,1074.017333984375,448.102294921875,1372.1737060546875
1295,589.5280151367188,759.98291015625,459.2884826660156,1093.7237548828125,448.8882751464844,1367.8125
1296,586.3627319335938,770.2833862304688,457.81329345703125,1114.6033935546875,468.8000793457031,1364.0789794921875
1297,573.1532592773438,787.0526733398438,446.6531066894531,1143.359375,509.4217529296875,1357.960693359375
1298,551.5738525390625,820.7927856445312,433.1236267089844,1169.3016357421875,555.4231567382812,1350.3643798828125
1299,557.3001708984375,824.2970581054688,443.7690124511719,1164.4942626953125,602.1630249023438,1344.83154296875
1300,589.69873046875,825.4330444335938,506.2656555175781,1142.2696533203125,723.5881958007812,1348.616455078125
1301,586.0614624023438,810.964599609375,507.5552673339844,1107.998779296875,738.9028930664062,1334.14892578125
1302,606.638916015625,788.3710327148438,533.4141845703125,1103.1416015625,755.73046875,1361.766357421875
1303,623.1634521484375,772.317138671875,636.5226440429688,1098.2786865234375,840.666748046875,1391.6209716796875
1304,623.345947265625,746.5374145507812,668.3917236328125,1068.6278076171875,865.5330200195312,1359.7225341796875
1305,585.9046020507812,734.8496704101562,684.61962890625,1038.772705078125,870.5765991210938,1325.4700927734375
1306,579.9892578125,746.5145263671875,702.431396484375,1028.798583984375,900.7644653320312,1296.187255859375
1307,582.7081298828125,755.2827758789062,693.620849609375,1033.5682373046875,907.7243041992188,1283.085205078125
1308,574.4744262695312,775.7774047851562,666.11279296875,1055.176513671875,895.7495727539062,1278.598876953125
1309,569.3409423828125,786.696044921875,621.7738037109375,1056.5120849609375,881.7694702148438,1247.93896484375
1310,565.9197998046875,797.196044921875,596.8312377929688,1077.436279296875,857.9029541015625,1250.216064453125
1311,568.7428588867188,800.2544555664062,554.113037109375,1075.76513671875,804.2212524414062,1254.1883544921875
1312,576.9716186523438,802.494140625,533.3642578125,1080.59716796875,754.1206665039062,1294.2554931640625
1313,570.1121215820312,799.0008544921875,497.86981201171875,1081.578125,728.593505859375,1310.21630859375
1314,574.1347045898438,780.0977783203125,470.9717102050781,1055.228759765625,630.0092163085938,1288.8907470703125
1315,572.219482421875,771.462890625,464.8053894042969,1049.634765625,568.7230834960938,1310.322265625
1316,561.2144165039062,751.1504516601562,465.0773620605469,1053.1798095703125,510.3664855957031,1337.3880615234375
1317,566.0507202148438,750.2677001953125,463.8060607910156,1065.6580810546875,453.5532531738281,1362.178466796875
1318,578.8963623046875,754.5682373046875,455.91156005859375,1079.0445556640625,436.5379943847656,1354.7147216796875
1319,583.232177734375,760.9959106445312,449.5697021484375,1100.278564453125,442.55084228515625,1357.28466796875
1320,582.8060913085938,775.5831909179688,440.2202453613281,1129.53125,476.53875732421875,1368.9788818359375
1321,557.37109375,798.91796875,419.9491882324219,1140.8470458984375,524.4913330078125,1342.5250244140625
1322,555.4134521484375,831.3008422851562,443.1523132324219,1155.3895263671875,583.5364990234375,1356.88623046875
1323,582.21533203125,831.1436157226562,475.66717529296875,1143.507568359375,673.298095703125,1373.0084228515625
1324,570.7687377929688,814.1294555664062,483.4497985839844,1101.2532958984375,705.6080932617188,1322.194580078125
1325,610.6221923828125,788.2084350585938,534.5233154296875,1101.621826171875,724.1079711914062,1371.076904296875
1326,618.2631225585938,770.099853515625,603.5905151367188,1095.167724609375,786.4005126953125,1386.0191650390625
1327,615.57421875,748.3040771484375,656.2532958984375,1070.3011474609375,841.7318115234375,1354.4947509765625
1328,586.355712890625,731.9297485351562,678.085693359375,1051.96435546875,860.8201904296875,1329.5142822265625
1329,578.8870849609375,734.8832397460938,694.7156372070312,1031.8729248046875,871.9506225585938,1310.9715576171875
1330,583.832275390625,748.0032348632812,686.4367065429688,1032.835693359375,889.3814086914062,1291.748046875
1331,573.257080078125,763.564697265625,660.8935546875,1044.303466796875,880.0082397460938,1276.6907958984375
1332,572.2020263671875,778.6065673828125,622.9453735351562,1056.2464599609375,867.0604858398438,1257.640380859375
1333,569.1019287109375,784.6708374023438,599.7552490234375,1072.582763671875,842.8511962890625,1253.9058837890625
1334,580.7281494140625,796.278076171875,561.5116577148438,1068.466552734375,805.5306396484375,1258.60498046875
1335,588.4630126953125,799.5609741210938,539.842529296875,1082.706298828125,753.1129760742188,1302.1400146484375
1336,583.3225708007812,794.3707275390625,510.5896911621094,1087.598388671875,727.5468139648438,1323.1138916015625
1337,593.4466552734375,787.2496948242188,482.57666015625,1061.1558837890625,638.4475708007812,1291.70361328125
1338,584.5706787109375,775.8333129882812,480.3639221191406,1052.6202392578125,587.1548461914062,1307.7049560546875
1339,577.9971923828125,755.8619384765625,483.8011779785156,1053.9034423828125,534.307861328125,1342.0616455078125
1340,575.9326171875,754.1288452148438,485.4064025878906,1064.0654296875,487.0922546386719,1363.0968017578125
1341,590.9217529296875,759.9885864257812,482.5700988769531,1082.0716552734375,464.65557861328125,1368.30908203125
1342,593.6217041015625,766.8851318359375,472.15093994140625,1106.706298828125,473.1200866699219,1369.1834716796875
1343,606.6280517578125,783.3898315429688,471.90875244140625,1137.633544921875,516.605712890625,1374.6307373046875
1344,582.0783081054688,814.2295532226562,458.4266052246094,1162.3018798828125,554.8085327148438,1369.0836181640625
1345,559.0262451171875,835.2969360351562,465.70166015625,1170.509521484375,633.3525390625,1363.092529296875
1346,592.5743408203125,824.2432861328125,494.8172607421875,1156.018798828125,687.2871704101562,1372.351806640625
1347,596.3880004882812,817.0360717773438,524.8067626953125,1123.44287109375,756.7304077148438,1333.2166748046875
1348,617.571533203125,786.3682250976562,538.1819458007812,1103.8057861328125,761.950927734375,1352.8187255859375
1349,624.2394409179688,764.6754760742188,626.5933227539062,1101.9254150390625,845.561279296875,1399.8702392578125
1350,617.8305053710938,742.9607543945312,667.57763671875,1076.18505859375,874.66796875,1372.83349609375
1351,608.6303100585938,731.218505859375,688.2330932617188,1040.3692626953125,876.3931274414062,1335.33984375
1352,593.1817016601562,740.2262573242188,709.2514038085938,1034.115966796875,902.0396118164062,1310.2032470703125
1353,595.3963012695312,752.2560424804688,708.306640625,1034.9219970703125,917.018798828125,1288.1473388671875
1354,587.1299438476562,763.3818969726562,685.0367431640625,1044.728759765625,909.5537109375,1272.9320068359375
1355,587.5891723632812,780.9353637695312,642.057861328125,1056.4588623046875,887.8001098632812,1259.2713623046875
1356,584.2351684570312,793.9840087890625,619.5901489257812,1073.4989013671875,868.921142578125,1256.228515625
1357,590.0637817382812,798.4508056640625,582.7809448242188,1078.145263671875,820.96875,1272.692138671875
1358,590.00634765625,795.95166015625,554.9359130859375,1069.0389404296875,766.068603515625,1279.33837890625
1359,596.4879760742188,787.634033203125,524.3460083007812,1087.918701171875,726.9588012695312,1327.3199462890625
1360,598.2290649414062,778.1444091796875,495.5856018066406,1055.6689453125,640.35791015625,1299.0238037109375
1361,581.1143188476562,770.2628173828125,492.5543518066406,1056.5,593.6405639648438,1323.7242431640625
1362,571.6961059570312,757.2837524414062,491.0642395019531,1057.95703125,526.1044921875,1347.10986328125
1363,581.2791137695312,752.5548706054688,496.9236145019531,1059.5859375,488.36883544921875,1360.0262451171875
1364,593.5628051757812,759.2219848632812,490.11907958984375,1079.4420166015625,468.5006103515625,1366.2283935546875
1365,599.9537353515625,767.165283203125,471.53448486328125,1105.6151123046875,476.6748962402344,1364.004150390625
1366,599.9453735351562,783.1781616210938,466.8638610839844,1138.001953125,513.244873046875,1367.7884521484375
1367,579.5870361328125,819.4791870117188,452.76507568359375,1162.217041015625,561.6278076171875,1355.406494140625
1368,561.5978393554688,834.0853271484375,470.7450256347656,1176.3001708984375,625.3553466796875,1350.3856201171875
1369,585.1825561523438,823.0870971679688,497.05255126953125,1156.259765625,685.5282592773438,1360.1800537109375
1370,601.4646606445312,818.4376831054688,529.3519287109375,1125.14404296875,763.9052124023438,1332.7674560546875
1371,622.65380859375,788.2952270507812,544.8242797851562,1105.1573486328125,771.2470703125,1349.28662109375
1372,620.58544921875,773.2008056640625,616.9567260742188,1101.272705078125,836.856689453125,1383.62548828125
1373,614.6326293945312,745.8168334960938,664.4635620117188,1080.0015869140625,875.2847900390625,1377.6719970703125
1374,603.8046875,731.5487060546875,686.1062622070312,1041.6690673828125,871.1218872070312,1334.4471435546875
1375,587.9789428710938,739.8329467773438,705.6669921875,1031.44580078125,902.1669311523438,1305.048828125
1376,580.4412231445312,754.7738647460938,707.9957885742188,1032.197021484375,924.2633666992188,1282.3199462890625
1377,574.2557373046875,768.5776977539062,685.3361206054688,1042.818115234375,926.8445434570312,1266.715576171875
1378,575.66748046875,781.290771484375,647.1871337890625,1054.5897216796875,903.5553588867188,1251.423095703125
1379,572.0440673828125,801.8676147460938,618.2514038085938,1070.8040771484375,884.6678466796875,1235.6053466796875
1380,571.33349609375,803.5973510742188,580.4987182617188,1070.8590087890625,843.3554077148438,1246.231201171875
1381,585.2346801757812,793.6683349609375,562.15625,1065.535888671875,792.0902709960938,1262.0526123046875
1382,580.0847778320312,787.080322265625,528.9115600585938,1090.61474609375,741.2678833007812,1326.6236572265625
1383,584.1279296875,775.8715209960938,495.54180908203125,1057.9757080078125,670.4462280273438,1287.197021484375
1384,571.60546875,765.6927490234375,486.384521484375,1048.941650390625,602.2520141601562,1306.5758056640625
1385,561.1455688476562,753.4612426757812,488.26812744140625,1055.766357421875,548.121337890625,1337.6627197265625
1386,570.4158325195312,748.1199340820312,494.3404541015625,1057.9171142578125,496.1666564941406,1360.460205078125
1387,583.3627319335938,750.8177490234375,491.5667724609375,1074.6458740234375,471.0650939941406,1361.099853515625
1388,594.6326293945312,753.7166748046875,479.4806213378906,1097.8062744140625,479.449951171875,1363.894775390625
1389,601.1991577148438,771.0653686523438,476.5199890136719,1128.8936767578125,506.9455261230469,1367.275634765625
1390,582.7813720703125,799.2359619140625,462.5318603515625,1148.7967529296875,546.0470581054688,1354.981201171875
1391,563.2517700195312,828.6454467773438,467.8415222167969,1170.8719482421875,610.8604125976562,1350.0631103515625
1392,592.320556640625,821.0967407226562,497.2617492675781,1159.9566650390625,672.523193359375,1365.7611083984375
1393,606.9317626953125,814.1966552734375,532.8934936523438,1121.3653564453125,752.6220703125,1325.056396484375
1394,627.1503295898438,795.4990234375,549.2761840820312,1103.8624267578125,760.9740600585938,1350.3336181640625
1395,639.2716674804688,767.938720703125,612.7390747070312,1091.9931640625,817.84716796875,1372.842041015625
1396,627.5723876953125,742.6836547851562,657.1768798828125,1065.856201171875,860.6272583007812,1352.7689208984375
1397,623.8008422851562,729.5804443359375,701.3935546875,1051.99853515625,883.857666015625,1334.14892578125
1398,598.15087890625,732.5830078125,714.3746948242188,1028.3211669921875,893.7592163085938,1304.052001953125
1399,599.6881713867188,747.7421875,712.3035278320312,1030.73583984375,912.7835083007812,1288.4532470703125
1400,596.4559326171875,761.4153442382812,694.2088623046875,1040.7645263671875,910.3701782226562,1265.1207275390625
1401,590.3915405273438,774.3309326171875,657.7152099609375,1048.8270263671875,896.9177856445312,1242.4661865234375
1402,586.4642944335938,799.9835815429688,626.2833862304688,1069.6175537109375,876.762451171875,1239.507568359375
1403,594.1801147460938,805.7742919921875,585.5359497070312,1072.55322265625,837.1465454101562,1254.497314453125
1404,606.0462036132812,800.6690063476562,566.4318237304688,1069.084716796875,783.1756591796875,1269.2918701171875
1405,607.9022827148438,791.989013671875,534.4124755859375,1086.9495849609375,742.3140258789062,1323.8485107421875
1406,609.4963989257812,782.8577880859375,518.3794555664062,1069.263427734375,705.9970092773438,1299.0303955078125
1407,599.8017578125,773.6597900390625,490.99365234375,1048.2818603515625,605.8585205078125,1293.8924560546875
1408,586.5747680664062,767.0879516601562,485.8911437988281,1053.5596923828125,550.59814453125,1331.7998046875
1409,589.5601196289062,754.3839111328125,497.5921325683594,1055.21044921875,495.3182373046875,1358.666748046875
1410,601.2489624023438,756.9812622070312,497.9622802734375,1072.489501953125,470.8559875488281,1365.8817138671875
1411,606.4700317382812,757.1937255859375,488.6761779785156,1096.481689453125,477.9674377441406,1365.79248046875
1412,618.312744140625,778.1219482421875,486.6763000488281,1124.987548828125,502.8316345214844,1371.011474609375
1413,595.8161010742188,798.8260498046875,467.12933349609375,1150.88525390625,545.00048828125,1361.75439453125
1414,574.8695678710938,830.4537963867188,467.0089416503906,1157.768310546875,605.42822265625,1344.41015625
1415,600.6795654296875,834.7745971679688,487.3104248046875,1163.1146240234375,658.9676513671875,1363.5078125
1416,612.5155639648438,816.1788940429688,540.0037231445312,1129.9013671875,754.995849609375,1336.7777099609375
1417,611.3442993164062,812.9486083984375,527.575927734375,1101.435546875,757.1500854492188,1323.285400390625
1418,638.1514892578125,785.5750122070312,605.9061279296875,1096.915771484375,821.35986328125,1368.5267333984375
1419,637.56884765625,758.7186279296875,664.1867065429688,1090.3026123046875,872.5442504882812,1384.566650390625
1420,628.1976318359375,739.2266235351562,696.3468017578125,1060.669189453125,895.0647583007812,1341.2882080078125
1421,611.2897338867188,741.1409912109375,717.0339965820312,1038.3204345703125,897.9124145507812,1318.756103515625
1422,605.7321166992188,752.04345703125,721.3145141601562,1036.7794189453125,922.3016967773438,1293.8419189453125
1423,605.1515502929688,764.5745239257812,706.2489624023438,1043.51171875,918.7315673828125,1275.2979736328125
1424,595.0448608398438,776.2051391601562,670.2887573242188,1050.7642822265625,904.6835327148438,1252.0478515625
1425,590.6624145507812,799.8367919921875,630.2817993164062,1067.0482177734375,886.0050659179688,1240.254150390625
1426,595.8492431640625,805.7645874023438,602.0560913085938,1071.5380859375,849.301025390625,1249.5703125
1427,604.1311645507812,803.7561645507812,571.8191528320312,1068.5889892578125,804.07470703125,1263.774169921875
1428,601.767578125,800.1220703125,529.367431640625,1090.5517578125,744.0877075195312,1324.8980712890625
1429,606.1461181640625,786.9765014648438,521.7718505859375,1071.6026611328125,722.124755859375,1298.9619140625
1430,595.834228515625,776.0202026367188,490.2818603515625,1050.4951171875,613.0511474609375,1298.5494384765625
1431,586.281494140625,755.9927368164062,496.1808776855469,1052.909912109375,562.3612060546875,1336.6812744140625
1432,580.2164306640625,752.6130981445312,493.4983825683594,1059.2952880859375,497.2687683105469,1364.5203857421875
1433,592.9545288085938,758.208251953125,489.78314208984375,1071.4013671875,463.6162109375,1362.2987060546875
1434,599.2013549804688,756.561279296875,477.84393310546875,1096.7926025390625,462.50787353515625,1363.2476806640625
1435,604.2871704101562,776.05224609375,470.7688293457031,1127.144775390625,487.4178161621094,1368.205078125
1436,597.8284301757812,797.8401489257812,464.3717041015625,1153.284912109375,525.3517456054688,1369.3634033203125
1437,569.59912109375,824.5849609375,453.98931884765625,1160.7265625,576.0006103515625,1354.46337890625
1438,586.0610961914062,826.7503051757812,474.13934326171875,1162.273681640625,642.0616455078125,1368.180908203125
1439,616.3670043945312,813.009521484375,531.1909790039062,1133.559326171875,744.158935546875,1355.103271484375
1440,611.8654174804688,805.3312377929688,526.1204223632812,1106.2760009765625,751.7503051757812,1344.349609375
1441,628.3418579101562,781.323486328125,590.395751953125,1104.8892822265625,797.033203125,1379.22802734375
1442,637.2282104492188,753.3895263671875,649.1197509765625,1083.2391357421875,846.1362915039062,1376.017822265625
1443,633.0828247070312,752.4400634765625,686.9047241210938,1060.51025390625,879.7168579101562,1348.0869140625
1444,610.50537109375,736.7274780273438,712.157958984375,1037.7447509765625,893.8372192382812,1327.4879150390625
1445,605.2611083984375,746.2395629882812,711.295166015625,1033.01123046875,913.6528930664062,1298.9033203125
1446,608.7857055664062,757.7523193359375,700.16064453125,1039.1357421875,913.8905639648438,1282.689697265625
1447,598.53076171875,769.8098754882812,669.8857421875,1051.2900390625,900.8796997070312,1266.9971923828125
1448,591.5281372070312,794.2718505859375,629.486572265625,1068.0897216796875,878.5358276367188,1258.3983154296875
1449,596.9310913085938,804.6035766601562,603.6484985351562,1070.3331298828125,854.627197265625,1254.27392578125
1450,616.366943359375,809.2100830078125,578.2640991210938,1076.83740234375,813.2970581054688,1278.799560546875
1451,615.6859741210938,798.674560546875,553.7876586914062,1089.5386962890625,760.3917846679688,1319.1851806640625
1452,608.7532958984375,794.2571411132812,519.6533813476562,1067.9058837890625,713.9853515625,1292.9326171875
1453,606.4702758789062,781.0720825195312,498.0791931152344,1057.08544921875,624.892333984375,1300.5615234375
1454,609.0170288085938,765.5687255859375,509.5049743652344,1051.9124755859375,576.419677734375,1330.213623046875
1455,606.1043701171875,759.3233642578125,512.6867065429688,1059.3828125,518.4970703125,1355.871826171875
1456,611.2564086914062,761.0549926757812,506.7603454589844,1072.565185546875,485.5009460449219,1366.2347412109375
1457,620.4514770507812,764.9628295898438,502.28887939453125,1096.7515869140625,484.9900817871094,1372.5831298828125
1458,626.010498046875,777.288818359375,496.64825439453125,1124.9251708984375,523.7363891601562,1372.783203125
1459,605.0918579101562,806.35986328125,480.8189392089844,1154.3194580078125,570.330078125,1371.5787353515625
1460,595.4059448242188,826.9669799804688,495.5700988769531,1163.943603515625,630.3065795898438,1362.7698974609375
1461,611.2076416015625,825.1688842773438,511.2312927246094,1157.3695068359375,691.9239501953125,1364.217041015625
1462,618.4244384765625,817.5408325195312,537.6296997070312,1134.685546875,743.0017700195312,1352.2872314453125
1463,633.8392944335938,794.9214477539062,569.9657592773438,1105.7098388671875,792.9373168945312,1340.90234375
1464,645.322509765625,768.416748046875,628.2660522460938,1089.194091796875,842.4718017578125,1366.021728515625
1465,649.0651245117188,741.4317626953125,684.4081420898438,1074.954345703125,873.0826416015625,1365.673583984375
1466,633.6881103515625,731.3865966796875,708.0113525390625,1041.027587890625,881.7774047851562,1332.12451171875
1467,617.6116333007812,736.15380859375,730.5574340820312,1028.9200439453125,917.4314575195312,1294.6109619140625
1468,607.2691040039062,744.4077758789062,732.3482666015625,1026.0428466796875,934.9955444335938,1276.601806640625
1469,611.7136840820312,759.5171508789062,715.5061645507812,1031.302001953125,933.7300415039062,1254.657470703125
1470,595.7517700195312,773.8077392578125,676.752685546875,1049.3018798828125,923.8397827148438,1241.4378662109375
1471,594.9942626953125,797.42431640625,638.8885498046875,1061.23583984375,900.402099609375,1228.31787109375
1472,601.2550048828125,814.8425903320312,598.5747680664062,1065.7437744140625,860.5640258789062,1233.8814697265625
1473,609.0662231445312,809.8359375,583.3748168945312,1062.7977294921875,821.7391357421875,1241.3243408203125
1474,610.5845336914062,801.9679565429688,546.7325439453125,1078.227783203125,772.601318359375,1292.1265869140625
1475,613.9581298828125,788.1383056640625,495.8310241699219,1053.642578125,678.5960083007812,1281.5589599609375
1476,596.0745849609375,777.7730712890625,494.2562255859375,1055.2298583984375,610.2529907226562,1314.4306640625
1477,591.1349487304688,767.2205810546875,486.5566711425781,1048.6248779296875,557.9202880859375,1329.33544921875
1478,588.8181762695312,759.3403930664062,478.4673156738281,1057.5926513671875,486.83056640625,1354.2545166015625
1479,592.497802734375,762.9635620117188,464.830810546875,1082.548583984375,445.2543640136719,1364.8558349609375
1480,601.0595092773438,764.1203002929688,457.2951354980469,1106.861328125,448.442138671875,1366.7633056640625
1481,595.2228393554688,778.9237060546875,452.4234313964844,1135.56884765625,488.498291015625,1368.6123046875
1482,557.8068237304688,807.8999633789062,435.21331787109375,1161.912353515625,516.85400390625,1345.48388671875
1483,549.8104858398438,843.7424926757812,447.34783935546875,1166.3203125,594.7821044921875,1350.5897216796875
1484,567.906494140625,846.536865234375,492.9925231933594,1159.1802978515625,699.5213623046875,1356.5535888671875
1485,558.5347290039062,831.8206787109375,497.2024841308594,1124.852783203125,746.1727905273438,1327.33837890625
1486,562.7059326171875,801.6990966796875,519.0363159179688,1118.1285400390625,741.4715576171875,1378.3106689453125
1487,567.88818359375,778.18212890625,600.1156005859375,1107.7796630859375,817.1702880859375,1384.55859375
1488,557.1544189453125,755.3597412109375,637.9032592773438,1073.98974609375,851.4715576171875,1346.3111572265625
1489,538.6974487304688,745.2905883789062,657.8446655273438,1044.5318603515625,845.4534301757812,1324.2154541015625
1490,515.0313720703125,749.84033203125,666.4935302734375,1034.0150146484375,864.388916015625,1300.7054443359375
1491,498.20263671875,764.6596069335938,647.5172119140625,1035.4547119140625,873.9380493164062,1271.8441162109375
1492,485.30657958984375,782.0269775390625,612.6436157226562,1048.01123046875,862.0194091796875,1250.828857421875
1493,463.9405517578125,803.3018188476562,565.7512817382812,1062.4854736328125,837.480712890625,1239.1307373046875
1494,456.54669189453125,826.5672607421875,532.3299560546875,1065.716064453125,804.3158569335938,1218.16650390625
1495,466.2864990234375,819.4700317382812,470.4899597167969,1061.0274658203125,723.3240966796875,1239.9169921875
1496,465.395263671875,803.4105834960938,446.4976501464844,1081.927734375,679.5569458007812,1307.715087890625
1497,460.3667907714844,786.8414306640625,412.6820068359375,1073.1124267578125,632.1790161132812,1311.3392333984375
1498,443.83319091796875,778.9698486328125,372.0392761230469,1064.9591064453125,533.4706420898438,1293.018798828125
1499,433.8210754394531,770.7403564453125,360.8068542480469,1052.2781982421875,475.004638671875,1303.3846435546875
1500,420.4631042480469,755.5466918945312,348.3326110839844,1057.7838134765625,396.9736633300781,1340.679443359375
1501,421.4970703125,754.6293334960938,338.7835998535156,1067.9886474609375,332.3272705078125,1338.560546875
1502,440.9447937011719,760.01025390625,325.7029724121094,1089.136962890625,296.83294677734375,1357.240966796875
1503,428.6637268066406,766.754638671875,320.53997802734375,1116.770263671875,328.93267822265625,1353.5758056640625
1504,415.986328125,788.8016967773438,316.6835632324219,1149.1431884765625,367.5597229003906,1362.6416015625
1505,408.1123352050781,830.5023803710938,305.19488525390625,1151.7945556640625,414.0431213378906,1360.57763671875
1506,406.4819030761719,842.1611938476562,309.705078125,1158.2171630859375,468.1789245605469,1371.1494140625
1507,409.64642333984375,829.93017578125,353.6656799316406,1144.7877197265625,558.624755859375,1361.26611328125
1508,424.4462585449219,801.63671875,353.2826232910156,1092.5859375,606.0313110351562,1321.6783447265625
1509,436.84405517578125,776.8430786132812,402.2715759277344,1087.1607666015625,640.9244995117188,1356.6690673828125
1510,421.63604736328125,747.8466796875,474.8525390625,1090.377685546875,673.2332763671875,1390.1204833984375
1511,414.11627197265625,737.1244506835938,514.117431640625,1059.671142578125,692.18701171875,1330.532958984375
1512,398.5887756347656,729.3322143554688,548.4186401367188,1035.30322265625,729.5684204101562,1310.833740234375
1513,390.99005126953125,739.6608276367188,531.9537963867188,1035.3873291015625,739.8257446289062,1287.4912109375
1514,399.4842224121094,750.8826293945312,511.986328125,1034.7117919921875,735.3319702148438,1262.521728515625
1515,385.6009826660156,790.499267578125,480.3212585449219,1059.427490234375,720.8878173828125,1243.1077880859375
1516,382.7100524902344,812.8912353515625,443.0575866699219,1069.6839599609375,699.279541015625,1233.2724609375
1517,376.02130126953125,820.5891723632812,406.20953369140625,1063.61279296875,656.5515747070312,1226.64990234375
1518,397.9444885253906,805.661865234375,376.1382141113281,1064.84375,602.9366455078125,1256.1126708984375
1519,392.9356384277344,803.4192504882812,334.0814208984375,1080.2191162109375,539.6094360351562,1313.0902099609375
1520,385.70379638671875,774.8253173828125,320.7259521484375,1054.6981201171875,480.2596435546875,1291.3199462890625
1521,372.5381774902344,767.0004272460938,301.85687255859375,1037.827392578125,412.6857604980469,1284.921630859375
1522,375.60003662109375,730.8362426757812,314.9565124511719,1043.75390625,364.4116516113281,1327.7685546875
1523,386.9876708984375,723.049072265625,307.61114501953125,1053.6307373046875,291.9876708984375,1363.972900390625
1524,388.2289123535156,722.1915893554688,302.4060974121094,1070.5948486328125,266.03662109375,1356.38232421875
1525,398.5121154785156,735.9466552734375,300.4631652832031,1089.521484375,284.01312255859375,1356.0028076171875
1526,397.8789367675781,762.72314453125,289.769775390625,1133.95556640625,304.90740966796875,1359.8365478515625
1527,357.35064697265625,795.63720703125,255.9326629638672,1147.700439453125,334.43438720703125,1325.3486328125
1528,356.7041931152344,835.3665161132812,278.4768981933594,1180.7080078125,401.2909240722656,1345.2900390625
1529,359.280029296875,831.6302490234375,293.1927185058594,1152.8629150390625,465.65057373046875,1324.1466064453125
1530,361.9216003417969,822.2266845703125,304.7853698730469,1104.61376953125,557.833740234375,1291.49365234375
1531,398.1715393066406,804.6527709960938,320.31414794921875,1098.39013671875,582.363525390625,1316.8447265625
1532,429.84503173828125,783.5452880859375,418.042236328125,1102.0997314453125,643.8817138671875,1389.371826171875
1533,425.537109375,753.7377319335938,469.05413818359375,1085.54833984375,678.246826171875,1377.680419921875
1534,392.0443115234375,723.5057983398438,505.92279052734375,1047.5738525390625,704.7477416992188,1328.777099609375
1535,380.704833984375,724.9512329101562,521.5216064453125,1020.0593872070312,716.068115234375,1300.853759765625
1536,379.89398193359375,729.01513671875,510.9762268066406,1039.4085693359375,733.0254516601562,1291.680419921875
1537,381.7320861816406,754.6223754882812,491.6822509765625,1055.817626953125,713.8350219726562,1267.5267333984375
1538,375.2822570800781,788.0149536132812,457.0344543457031,1065.2950439453125,692.7785034179688,1234.3165283203125
1539,373.466064453125,815.2507934570312,422.27691650390625,1077.1424560546875,663.6910400390625,1235.438720703125
1540,390.2016296386719,818.862548828125,374.02325439453125,1053.712646484375,620.2554931640625,1228.1484375
1541,389.3961181640625,813.3358154296875,359.5511474609375,1074.9931640625,578.0333862304688,1289.2452392578125
1542,384.5333251953125,800.77978515625,325.48736572265625,1069.7144775390625,537.5284423828125,1295.589599609375
1543,373.35260009765625,777.6429443359375,301.2261047363281,1052.0584716796875,433.1500244140625,1277.350830078125
1544,368.9398498535156,755.7410888671875,299.64361572265625,1052.1812744140625,395.29046630859375,1302.4771728515625
1545,368.5032653808594,737.6853637695312,299.40966796875,1065.242431640625,339.951171875,1342.7218017578125
1546,372.11236572265625,735.2113037109375,289.77587890625,1063.00244140625,272.7331237792969,1352.6583251953125
1547,379.1362609863281,747.6602783203125,288.2218322753906,1082.14599609375,273.6983947753906,1350.604736328125
1548,380.3051452636719,756.77001953125,282.3888244628906,1115.0762939453125,279.988037109375,1357.260498046875
1549,362.02093505859375,788.051513671875,259.6562194824219,1140.30029296875,327.75604248046875,1348.5904541015625
1550,357.721435546875,822.5531616210938,269.2452392578125,1157.70654296875,377.9354553222656,1348.0955810546875
1551,367.3114929199219,841.0629272460938,285.73663330078125,1141.040283203125,472.66033935546875,1333.7344970703125
1552,359.52740478515625,821.2000732421875,272.8536071777344,1088.3507080078125,502.6872253417969,1279.3580322265625
1553,371.8224792480469,804.2305297851562,295.8415832519531,1081.48095703125,563.6046752929688,1295.0482177734375
1554,423.00054931640625,791.4429931640625,360.1905212402344,1106.9705810546875,598.6046142578125,1371.7161865234375
1555,427.37493896484375,769.295166015625,457.2835693359375,1097.7220458984375,667.3428955078125,1391.0269775390625
1556,407.7138366699219,745.9503173828125,504.5821838378906,1072.8328857421875,694.346923828125,1353.7706298828125
1557,398.4790954589844,741.6707153320312,525.177001953125,1055.408935546875,717.2715454101562,1334.12158203125
1558,392.9959716796875,742.9641723632812,541.7015991210938,1046.839111328125,745.0594482421875,1305.75
1559,395.6717224121094,754.7625732421875,528.148681640625,1042.4306640625,734.7284545898438,1285.546142578125
1560,381.93035888671875,775.9127807617188,502.64703369140625,1058.5853271484375,731.5999145507812,1268.58837890625
1561,388.3546142578125,800.648681640625,461.6101989746094,1062.583740234375,705.8745727539062,1245.034423828125
1562,392.3328552246094,816.2428588867188,433.5096435546875,1078.8201904296875,679.0720825195312,1243.3363037109375
1563,399.1135559082031,812.3677368164062,381.1461486816406,1062.46728515625,627.3323364257812,1243.9925537109375
1564,402.1648254394531,815.02587890625,359.2742614746094,1070.202392578125,569.0707397460938,1277.6998291015625
1565,421.4973449707031,779.6583862304688,348.1650085449219,1063.7164306640625,535.0455322265625,1301.7161865234375
1566,413.5692443847656,764.6618041992188,314.94927978515625,1048.837646484375,473.4018859863281,1292.272705078125
1567,401.38360595703125,748.6234130859375,314.36822509765625,1048.1793212890625,408.864990234375,1313.0064697265625
1568,410.6684265136719,728.515869140625,349.5479736328125,1046.226318359375,358.68731689453125,1350.0264892578125
1569,420.550048828125,735.4752197265625,339.98455810546875,1056.8692626953125,301.2074279785156,1374.2991943359375
1570,434.6351623535156,747.4049682617188,332.2221984863281,1079.5384521484375,281.841064453125,1370.366455078125
1571,432.1051025390625,749.5942993164062,316.90338134765625,1095.535888671875,304.51409912109375,1364.18017578125
1572,423.07415771484375,771.371337890625,296.29974365234375,1121.6083984375,336.7234802246094,1357.874267578125
1573,426.66009521484375,794.8258666992188,296.0423889160156,1144.015869140625,371.347412109375,1345.8892822265625
1574,428.1830139160156,831.1629638671875,317.7723693847656,1156.26904296875,452.3214416503906,1347.5302734375
1575,456.5629577636719,837.1139526367188,365.4017333984375,1158.5635986328125,562.6538696289062,1367.5989990234375
1576,450.8419189453125,835.0383911132812,381.4422302246094,1119.4959716796875,623.48095703125,1322.3184814453125
1577,484.5540466308594,802.5654296875,393.8976135253906,1101.465087890625,628.184814453125,1334.849853515625
1578,506.33148193359375,785.916015625,480.19317626953125,1103.27099609375,684.1825561523438,1370.5338134765625
1579,526.5258178710938,763.959228515625,539.4508666992188,1087.63330078125,735.8003540039062,1383.9473876953125
1580,519.1762084960938,735.7481689453125,575.019287109375,1052.3658447265625,775.456787109375,1330.55908203125
1581,496.8598937988281,727.792236328125,596.1593017578125,1035.2830810546875,778.1445922851562,1322.54052734375
1582,497.50396728515625,738.240966796875,608.6011962890625,1033.57763671875,805.021728515625,1296.0723876953125
1583,508.004638671875,746.3897094726562,597.13720703125,1036.4215087890625,811.799072265625,1278.45751953125
1584,498.1225280761719,764.9771118164062,571.3925170898438,1041.2650146484375,801.10400390625,1247.5426025390625
1585,494.80096435546875,791.0044555664062,543.5945434570312,1059.573486328125,795.1885986328125,1235.7022705078125
1586,504.88873291015625,815.0886840820312,524.9549560546875,1067.826171875,774.8215942382812,1233.86572265625
1587,519.7506103515625,823.3515625,491.85498046875,1070.01513671875,740.4124145507812,1260.7078857421875
1588,545.4669799804688,805.8733520507812,488.68115234375,1068.818359375,703.4188842773438,1268.87109375
1589,536.396484375,787.99609375,452.23077392578125,1075.56298828125,660.5626831054688,1305.812255859375
1590,518.4124755859375,768.4390869140625,458.0911560058594,1065.792236328125,583.1223754882812,1306.294921875
1591,532.571044921875,763.4174194335938,444.32318115234375,1049.9237060546875,548.1040649414062,1319.69091796875
1592,523.649658203125,751.478515625,435.7774658203125,1049.5184326171875,499.376220703125,1337.87841796875
1593,540.9402465820312,741.5674438476562,446.18475341796875,1068.365966796875,450.2306213378906,1371.7073974609375
1594,560.2922973632812,745.88037109375,444.67413330078125,1080.8447265625,436.5969543457031,1364.359619140625
1595,572.2936401367188,753.068359375,444.7616271972656,1100.485107421875,449.2269592285156,1363.3175048828125
1596,580.9594116210938,773.5037841796875,442.84271240234375,1130.3546142578125,494.3256530761719,1365.8741455078125
1597,557.216796875,803.633056640625,428.4034423828125,1155.2293701171875,540.9691772460938,1346.5404052734375
1598,559.0533447265625,823.6849365234375,445.3572692871094,1167.5963134765625,598.5679321289062,1349.3240966796875
1599,588.0326538085938,836.0857543945312,497.96612548828125,1143.81005859375,726.3220825195312,1352.71435546875
1600,587.4364013671875,818.3206787109375,502.6446533203125,1109.38134765625,755.0615844726562,1322.8048095703125
1601,627.0892944335938,791.3580322265625,545.322509765625,1104.15478515625,768.1046142578125,1365.8704833984375
1602,626.4321899414062,772.5011596679688,638.3765869140625,1101.946044921875,856.4822998046875,1397.901123046875
1603,628.8554077148438,744.5051879882812,662.2911376953125,1068.7547607421875,855.8978271484375,1379.15966796875
1604,598.6390380859375,739.6351928710938,686.2332153320312,1041.9638671875,883.941650390625,1330.0885009765625
1605,584.4666137695312,748.7683715820312,704.9708862304688,1033.5267333984375,905.6260986328125,1296.5628662109375
1606,582.990478515625,757.2198486328125,703.3635864257812,1038.3201904296875,918.8001708984375,1275.5162353515625
1607,582.0745239257812,769.7908325195312,676.5375366210938,1045.4864501953125,905.1500854492188,1252.8525390625
1608,575.4491577148438,791.70849609375,635.3236083984375,1058.211181640625,895.7495727539062,1225.5648193359375
1609,577.0276489257812,803.856689453125,607.9931030273438,1072.82080078125,863.3023681640625,1233.0340576171875
1610,591.3748168945312,812.2677612304688,559.333740234375,1073.8638916015625,803.4390258789062,1249.9017333984375
1611,593.5009155273438,813.5178833007812,525.7734375,1096.4586181640625,735.1071166992188,1302.0982666015625
1612,585.8016357421875,799.2246704101562,513.8394165039062,1075.2994384765625,750.8584594726562,1291.2166748046875
1613,578.108154296875,783.8756713867188,475.6249694824219,1045.4241943359375,640.2196655273438,1267.109619140625
1614,573.3154907226562,770.4195556640625,484.087646484375,1049.5997314453125,599.1275634765625,1305.4271240234375
1615,566.63623046875,757.4564208984375,477.81097412109375,1048.921142578125,543.108642578125,1329.1737060546875
1616,572.4671630859375,758.697021484375,478.5735168457031,1066.5029296875,489.1158142089844,1348.8729248046875
1617,583.159423828125,761.3980102539062,468.4371032714844,1094.1251220703125,463.155029296875,1356.7432861328125
1618,594.9304809570312,766.4989624023438,463.4539489746094,1121.50634765625,461.4638671875,1364.4786376953125
1619,588.1561279296875,790.669921875,455.9054260253906,1151.482666015625,509.25274658203125,1351.4520263671875
1620,572.0852661132812,818.1273803710938,458.2291259765625,1172.89453125,559.0497436523438,1336.7838134765625
1621,566.654541015625,837.93310546875,466.3135070800781,1169.4312744140625,628.5230712890625,1324.2275390625
1622,599.6011352539062,828.8115234375,520.5501708984375,1152.7440185546875,720.7410278320312,1337.3289794921875
1623,594.950439453125,816.3038330078125,518.1350708007812,1097.5213623046875,762.0492553710938,1295.3123779296875
1624,634.4723510742188,783.1497802734375,568.3551025390625,1080.14501953125,776.7925415039062,1322.7227783203125
1625,631.1331787109375,760.68994140625,634.1112670898438,1085.662841796875,853.2852172851562,1368.148681640625
1626,633.4917602539062,744.0489501953125,681.6280517578125,1070.8116455078125,881.3322143554688,1358.5382080078125
1627,616.7221069335938,735.9175415039062,711.7445678710938,1040.0501708984375,895.3826904296875,1324.90869140625
1628,610.35400390625,747.8767700195312,730.4237670898438,1036.995849609375,920.8070678710938,1301.473388671875
1629,604.3677978515625,760.0977172851562,720.5231323242188,1040.074951171875,938.6394653320312,1267.69970703125
1630,592.2890625,774.2761840820312,699.85693359375,1049.5765380859375,932.4818725585938,1242.21728515625
1631,588.4132080078125,803.8394165039062,659.2682495117188,1069.5706787109375,902.0775146484375,1242.451904296875
1632,591.737548828125,820.9006958007812,621.5180053710938,1078.172607421875,864.8690185546875,1237.79638671875
1633,610.1264038085938,821.9352416992188,580.48779296875,1078.182861328125,817.3388671875,1255.44775390625
1634,617.1725463867188,814.804931640625,553.1610717773438,1075.3062744140625,763.5549926757812,1274.7890625
1635,614.7530517578125,792.6143798828125,526.6556396484375,1082.7430419921875,734.681640625,1320.240966796875
1636,618.4235229492188,788.2227783203125,500.6590576171875,1052.4287109375,632.6361083984375,1278.257568359375
1637,613.6220092773438,765.8463745117188,516.452880859375,1046.719482421875,584.8635864257812,1311.0665283203125
1638,607.484130859375,762.4767456054688,505.2569580078125,1047.2835693359375,508.7183532714844,1318.0228271484375
1639,620.4120483398438,753.5460815429688,516.2113647460938,1065.255859375,472.5509948730469,1348.1617431640625
1640,625.4376220703125,765.0926513671875,514.5939331054688,1086.10107421875,466.1395568847656,1353.2451171875
1641,635.2442016601562,771.9541625976562,506.00531005859375,1107.50537109375,489.4073181152344,1355.6165771484375
1642,634.489990234375,787.3577270507812,500.8605651855469,1142.720947265625,533.3490600585938,1360.573486328125
1643,609.126220703125,813.8724975585938,494.114990234375,1161.1676025390625,584.3193969726562,1349.8154296875
1644,612.973876953125,847.333740234375,503.9037780761719,1172.387939453125,644.7706298828125,1346.52294921875
1645,640.1011962890625,831.219970703125,531.9168090820312,1150.5152587890625,723.1784057617188,1356.715576171875
1646,625.6480712890625,818.507080078125,555.295166015625,1107.60546875,788.8612670898438,1310.0772705078125
1647,645.7928466796875,798.852783203125,603.3886108398438,1101.51416015625,810.345703125,1369.451416015625
1648,671.6844482421875,780.5350952148438,677.0061645507812,1100.56689453125,869.285888671875,1384.9932861328125
1649,662.9561157226562,754.6598510742188,717.6023559570312,1071.5633544921875,912.4025268554688,1352.85986328125
1650,644.1463623046875,769.825439453125,741.0939331054688,1045.00439453125,919.0499267578125,1317.696044921875
1651,642.272705078125,774.5720825195312,746.805419921875,1038.417724609375,948.23974609375,1299.8665771484375
1652,638.2168579101562,767.3287353515625,740.6229858398438,1043.5634765625,949.2752075195312,1275.8779296875
1653,635.0076293945312,778.0719604492188,716.6598510742188,1050.8363037109375,939.77197265625,1250.2904052734375
1654,625.693603515625,799.8671264648438,682.22265625,1065.7117919921875,922.0653686523438,1244.9705810546875
1655,619.5676879882812,823.4646606445312,640.5999755859375,1060.80908203125,892.9114379882812,1224.6187744140625
1656,642.2102661132812,803.8676147460938,625.7254028320312,1072.452880859375,857.2066650390625,1245.95947265625
1657,629.9884643554688,793.9526977539062,598.56005859375,1081.1719970703125,814.5553588867188,1271.529296875
1658,628.4511108398438,798.7708740234375,544.4571533203125,1064.0372314453125,756.4482421875,1273.89892578125
1659,619.1973266601562,785.1444091796875,533.806640625,1054.3775634765625,672.245361328125,1289.396240234375
1660,616.0392456054688,773.2694702148438,525.0946044921875,1054.9306640625,617.2755737304688,1320.05029296875
1661,619.6735229492188,760.7604370117188,522.8690185546875,1061.3690185546875,550.697509765625,1354.7449951171875
1662,637.5870361328125,760.1815795898438,522.4142456054688,1073.57177734375,494.575927734375,1358.76806640625
1663,644.2044067382812,763.7188720703125,513.0253295898438,1092.38671875,490.0500183105469,1353.9525146484375
1664,651.756591796875,780.7408447265625,511.4475402832031,1120.906494140625,513.5821533203125,1362.6405029296875
1665,619.0482177734375,804.5189819335938,478.82867431640625,1159.89990234375,553.5637817382812,1336.5257568359375
1666,621.3396606445312,842.4743041992188,507.5123291015625,1173.2659912109375,641.5834350585938,1356.71484375
1667,643.3895874023438,846.3411254882812,545.444580078125,1166.1273193359375,732.5101928710938,1365.7271728515625
1668,643.4822387695312,825.2083740234375,567.6090087890625,1128.56396484375,792.6332397460938,1342.855712890625
1669,656.780517578125,805.7540283203125,586.05419921875,1109.817138671875,808.3712768554688,1351.8424072265625
1670,676.1244506835938,774.2999877929688,654.8505249023438,1096.745361328125,864.8419189453125,1380.793701171875
1671,671.5914306640625,753.979736328125,710.76416015625,1078.382080078125,913.673583984375,1369.198974609375
1672,653.3673706054688,738.5810546875,744.80712890625,1044.022705078125,945.0538940429688,1322.2615966796875
1673,637.4168090820312,740.8505859375,757.928466796875,1031.514404296875,949.4044189453125,1303.065673828125
1674,635.299072265625,749.815673828125,757.3009643554688,1031.9276123046875,969.9857177734375,1282.18798828125
1675,632.5576171875,762.31005859375,727.1361694335938,1031.28173828125,953.748779296875,1244.15771484375
1676,632.2119140625,780.6384887695312,702.1316528320312,1044.9134521484375,947.2718505859375,1229.7579345703125
1677,622.93212890625,796.673583984375,660.487548828125,1059.8463134765625,909.2266845703125,1236.0321044921875
1678,625.4822387695312,807.3982543945312,610.9780883789062,1051.3037109375,875.5594482421875,1225.0924072265625
1679,637.0411376953125,805.9821166992188,588.5183715820312,1052.05908203125,817.5509033203125,1243.614013671875
1680,628.945556640625,798.5568237304688,558.4085083007812,1064.737060546875,788.3862915039062,1280.40869140625
1681,616.8226318359375,787.0831298828125,516.0252685546875,1052.59326171875,678.6310424804688,1280.4803466796875
1682,615.8377075195312,764.80078125,529.7411499023438,1045.3282470703125,610.57763671875,1318.3721923828125
1683,619.3707885742188,749.501953125,512.5188598632812,1041.5775146484375,547.45703125,1321.905029296875
1684,619.0054321289062,754.0845947265625,503.5346374511719,1048.993896484375,488.2253723144531,1345.8292236328125
1685,628.0253295898438,755.21630859375,503.1484069824219,1071.2308349609375,468.427490234375,1350.078369140625
1686,641.7958374023438,755.3692626953125,498.5585632324219,1088.16259765625,485.64599609375,1351.104248046875
1687,641.181396484375,779.5576171875,495.3157958984375,1129.2423095703125,514.3084716796875,1363.6556396484375
1688,619.9495239257812,802.4492797851562,482.0083312988281,1157.22802734375,569.1978149414062,1351.2196044921875
1689,594.2442626953125,836.8123779296875,468.4677734375,1157.5069580078125,635.9815673828125,1295.290283203125
1690,644.711181640625,838.298583984375,547.8772583007812,1160.682861328125,746.106689453125,1357.909912109375
1691,632.0277709960938,821.568603515625,555.2772827148438,1123.655029296875,772.7406005859375,1326.36474609375
1692,664.6410522460938,797.1262817382812,562.1537475585938,1101.5843505859375,793.9092407226562,1341.5643310546875
1693,675.8367919921875,777.3087158203125,647.7655029296875,1091.97998046875,857.0665283203125,1382.5804443359375
1694,677.3377685546875,749.518798828125,700.7109375,1071.196044921875,899.988525390625,1367.3209228515625
1695,658.6895141601562,732.4984130859375,739.9402465820312,1044.5400390625,936.1509399414062,1326.966552734375
1696,640.799560546875,736.904541015625,744.8483276367188,1030.8753662109375,935.6830444335938,1306.021728515625
1697,640.9288330078125,747.8534545898438,739.8372802734375,1031.706298828125,951.8699951171875,1285.748291015625
1698,628.351806640625,758.4458618164062,711.5704956054688,1031.7757568359375,937.0712280273438,1248.623291015625
1699,624.9173583984375,778.6882934570312,683.246337890625,1050.8294677734375,921.1217651367188,1248.2491455078125
1700,618.3865966796875,794.878662109375,652.4863891601562,1053.90234375,908.0247802734375,1230.6842041015625
1701,632.4994506835938,798.8895263671875,610.2811889648438,1047.003662109375,866.3587646484375,1227.580810546875
1702,636.5216674804688,809.3574829101562,593.1044311523438,1062.62451171875,825.9977416992188,1258.1044921875
1703,626.1538696289062,792.2575073242188,542.08447265625,1076.0274658203125,774.9924926757812,1313.0728759765625
1704,602.729736328125,772.9446411132812,541.5491943359375,1065.9840087890625,684.2933349609375,1301.2550048828125
1705,615.4898071289062,774.7275390625,516.9137573242188,1055.3790283203125,634.7247314453125,1318.346923828125
1706,618.3088989257812,754.8314208984375,515.0469970703125,1046.897216796875,559.5000610351562,1333.8681640625
1707,618.1289672851562,761.566650390625,505.00115966796875,1061.8306884765625,503.6531066894531,1350.62353515625
1708,626.8475952148438,764.2877807617188,503.54693603515625,1082.2357177734375,484.49884033203125,1358.8099365234375
1709,636.603515625,760.8582763671875,501.8205871582031,1099.806396484375,494.151123046875,1359.6744384765625
1710,639.953369140625,782.1031494140625,500.2011413574219,1138.8211669921875,532.4202270507812,1358.6590576171875
1711,602.9547119140625,813.3170166015625,460.4674072265625,1165.4732666015625,570.4285278320312,1332.2176513671875
1712,603.6888427734375,836.9187622070312,502.4950866699219,1169.11083984375,659.5003662109375,1347.0281982421875
1713,643.349853515625,831.8657836914062,554.2883911132812,1154.3369140625,760.52783203125,1356.887451171875
1714,636.815185546875,805.8837890625,548.7275390625,1101.7559814453125,807.4213256835938,1312.3199462890625
1715,654.2191772460938,788.3230590820312,576.3788452148438,1103.689453125,819.8589477539062,1362.5943603515625
1716,661.4308471679688,764.2646484375,674.7182006835938,1092.8363037109375,891.6177978515625,1390.0023193359375
1717,656.9551391601562,745.9412841796875,718.0250244140625,1066.2127685546875,930.3062133789062,1351.7109375
1718,636.4953002929688,740.962646484375,733.330810546875,1040.1292724609375,926.6923828125,1321.10107421875
1719,621.9252319335938,752.3496704101562,747.9657592773438,1035.0994873046875,952.7556762695312,1296.837646484375
1720,620.740966796875,760.7067260742188,738.7686767578125,1038.66259765625,964.6981811523438,1274.6771240234375
1721,615.3203735351562,774.8616943359375,707.8194580078125,1043.3328857421875,954.967529296875,1243.650146484375
1722,612.63037109375,796.4017333984375,674.0736083984375,1062.2618408203125,929.0325317382812,1231.7205810546875
1723,612.0018310546875,809.2443237304688,627.8359375,1060.0926513671875,890.752685546875,1221.2806396484375
1724,626.3253173828125,808.2779541015625,603.1220703125,1053.8446044921875,851.634521484375,1227.9427490234375
1725,626.7498779296875,799.8480834960938,572.2489624023438,1061.3531494140625,788.83251953125,1258.2906494140625
1726,616.415771484375,792.6244506835938,532.994140625,1065.4937744140625,753.234619140625,1287.462646484375
1727,625.9977416992188,781.8045654296875,510.7370910644531,1045.1435546875,654.4290161132812,1280.1412353515625
1728,609.7683715820312,763.0746459960938,514.1751708984375,1042.1947021484375,601.1543579101562,1317.29345703125
1729,602.781005859375,752.3390502929688,500.6501770019531,1039.59814453125,521.3187255859375,1321.5089111328125
1730,618.6822509765625,741.9547119140625,506.18902587890625,1051.902587890625,481.67901611328125,1352.951416015625
1731,625.469482421875,752.2691040039062,504.4586181640625,1074.2476806640625,475.1602478027344,1356.6796875
1732,636.757080078125,760.4406127929688,496.5372009277344,1098.746337890625,494.75701904296875,1359.8743896484375
1733,631.8500366210938,785.323974609375,489.74322509765625,1148.2034912109375,534.16552734375,1361.4625244140625
1734,590.6646118164062,821.6921997070312,450.0352783203125,1156.6099853515625,578.2252807617188,1313.8140869140625
1735,607.9890747070312,837.0144653320312,489.692138671875,1168.8358154296875,646.630126953125,1345.644775390625
1736,640.0352783203125,833.419921875,545.8511352539062,1148.6844482421875,759.750244140625,1349.315185546875
1737,643.6163940429688,809.0513305664062,561.0526733398438,1112.9649658203125,804.0148315429688,1323.812744140625
1738,669.3336181640625,788.8132934570312,583.0913696289062,1103.208984375,821.8260498046875,1364.7872314453125
1739,666.3355102539062,768.0684814453125,672.098876953125,1094.9136962890625,891.7880859375,1387.341552734375
1740,662.0520629882812,749.4039916992188,716.5618286132812,1069.3115234375,927.1509399414062,1354.2559814453125
1741,649.1808471679688,742.392333984375,739.5040283203125,1043.96142578125,931.7037963867188,1331.857666015625
1742,635.7566528320312,749.5108032226562,755.3644409179688,1033.0469970703125,964.3013916015625,1299.700927734375
1743,636.0794677734375,762.8296508789062,741.4304809570312,1035.2572021484375,971.8945922851562,1271.162353515625
1744,628.9277954101562,771.544189453125,709.8140869140625,1049.2430419921875,961.0128173828125,1261.16748046875
1745,625.4736328125,794.9137573242188,680.6505737304688,1064.10791015625,942.6919555664062,1243.4332275390625
1746,623.3621215820312,809.8429565429688,640.37548828125,1054.96435546875,899.3958129882812,1216.663330078125
1747,636.83056640625,807.864501953125,616.7000122070312,1057.346923828125,870.3145751953125,1229.1961669921875
1748,630.3551025390625,805.1705932617188,590.0035400390625,1065.62744140625,828.9407958984375,1253.1829833984375
1749,625.9990234375,794.4598388671875,535.3755493164062,1065.875244140625,758.2339477539062,1289.211181640625
1750,630.8919677734375,777.2598266601562,534.429931640625,1051.126708984375,678.5545654296875,1292.4248046875
1751,625.681640625,763.6089477539062,521.60107421875,1049.435302734375,618.7969360351562,1325.9027099609375
1752,617.5538940429688,756.0028076171875,514.387939453125,1047.22607421875,551.6456909179688,1340.43310546875
1753,636.3867797851562,753.965576171875,517.1759033203125,1068.361083984375,494.0044860839844,1367.004150390625
1754,650.8880615234375,761.6263427734375,511.4332580566406,1087.33984375,486.5275573730469,1358.1317138671875
1755,647.515625,782.8109130859375,502.2237854003906,1123.50830078125,508.52362060546875,1363.6124267578125
1756,635.1152954101562,798.6802368164062,493.4399719238281,1160.7681884765625,563.10791015625,1360.8544921875
1757,596.6328735351562,829.6148071289062,467.2572326660156,1175.14599609375,608.76708984375,1335.6708984375
1758,628.281005859375,840.1224975585938,531.7003173828125,1158.418212890625,720.0921020507812,1345.1224365234375
1759,642.8342895507812,822.6646728515625,559.6942749023438,1137.377197265625,785.27197265625,1350.978515625
1760,647.5826416015625,792.0126953125,562.92431640625,1103.4893798828125,824.0482177734375,1338.33740234375
1761,660.572021484375,777.8276977539062,639.9920043945312,1097.9278564453125,863.137451171875,1371.8651123046875
1762,662.8699951171875,755.4735717773438,692.7459106445312,1080.548583984375,914.4369506835938,1373.4639892578125
1763,660.8629150390625,741.2039794921875,731.6834106445312,1046.90234375,921.79248046875,1341.039306640625
1764,637.7701416015625,744.510498046875,756.7542724609375,1037.09521484375,950.3677978515625,1315.3316650390625
1765,632.9203491210938,755.3485107421875,756.7984008789062,1035.3258056640625,972.74560546875,1293.1544189453125
1766,629.6077270507812,767.5510864257812,730.1927490234375,1040.455322265625,962.7195434570312,1264.09130859375
1767,624.7998046875,783.7098999023438,692.467529296875,1052.6021728515625,953.6748046875,1250.052001953125
1768,614.820068359375,803.5695190429688,659.265380859375,1062.9803466796875,922.3575439453125,1230.2301025390625
1769,625.3226928710938,808.9933471679688,607.7169799804688,1050.7950439453125,877.499267578125,1224.3922119140625
1770,636.4229736328125,806.8652954101562,599.7601318359375,1065.743408203125,836.1380004882812,1260.69287109375
1771,627.5637817382812,791.4488525390625,553.603515625,1088.2337646484375,780.8545532226562,1330.0198974609375
1772,604.5509033203125,777.6168823242188,551.5750122070312,1067.6805419921875,687.6068725585938,1308.506591796875
1773,607.8790283203125,768.0211181640625,518.7908935546875,1052.3890380859375,630.2164916992188,1319.036376953125
1774,612.8329467773438,747.1931762695312,524.287353515625,1050.069580078125,558.7430419921875,1340.833740234375
1775,612.68505859375,749.16357421875,512.2487182617188,1057.3604736328125,501.5906982421875,1354.988037109375
1776,626.7523193359375,751.4107055664062,509.0012512207031,1077.9732666015625,482.2677917480469,1361.263671875
1777,634.30224609375,760.79296875,508.1214294433594,1103.8414306640625,498.10693359375,1366.2322998046875
1778,649.857421875,776.8031616210938,505.2418212890625,1146.6534423828125,529.9088745117188,1372.121337890625
1779,606.28564453125,805.252685546875,464.1718444824219,1163.5660400390625,568.6746826171875,1336.122314453125
1780,603.6273193359375,830.877685546875,497.26776123046875,1168.0177001953125,655.1497192382812,1354.021728515625
1781,642.03759765625,823.4168701171875,549.9739379882812,1148.854736328125,751.320556640625,1360.1087646484375
1782,624.910400390625,808.3189086914062,559.4368896484375,1102.9769287109375,798.8360595703125,1306.543701171875
1783,667.4552612304688,787.315673828125,586.4413452148438,1105.9036865234375,820.0841674804688,1373.4844970703125
1784,661.2642822265625,766.3033447265625,670.4512939453125,1095.052490234375,883.04296875,1393.91650390625
1785,650.9862060546875,747.5333862304688,718.9147338867188,1067.3953857421875,935.88427734375,1354.8848876953125
1786,640.5939331054688,741.4649658203125,739.907958984375,1041.7808837890625,933.0835571289062,1332.6817626953125
1787,628.9450073242188,750.5743408203125,753.1005859375,1031.88134765625,961.54248046875,1299.0875244140625
1788,629.5333862304688,761.7254638671875,740.6672973632812,1038.573974609375,972.498779296875,1279.32568359375
1789,626.327880859375,774.0671997070312,707.6761474609375,1047.516845703125,956.8326416015625,1254.6837158203125
1790,614.206787109375,793.046875,669.910888671875,1060.2579345703125,932.423583984375,1237.00927734375
1791,614.8518676757812,806.1366577148438,628.616455078125,1057.419677734375,890.3624877929688,1218.5390625
1792,628.1608276367188,804.6422119140625,607.9337158203125,1058.3905029296875,851.9650268554688,1238.297607421875
1793,626.604248046875,806.093505859375,571.923583984375,1067.3455810546875,794.5662841796875,1265.1456298828125
1794,618.250732421875,787.1869506835938,530.14599609375,1058.164794921875,742.341064453125,1281.840087890625
1795,617.2778930664062,763.00048828125,544.0559692382812,1052.5528564453125,664.7626342773438,1303.915283203125
1796,622.213623046875,760.4194946289062,520.0330200195312,1046.6141357421875,602.6451416015625,1325.4256591796875
1797,616.076416015625,749.8386840820312,513.9924926757812,1041.2442626953125,531.25146484375,1333.51806640625
1798,627.5208129882812,754.0548706054688,511.2208557128906,1062.368896484375,484.2909851074219,1357.13330078125
1799,640.4408569335938,759.5533447265625,504.8557434082031,1082.6241455078125,481.87994384765625,1359.4451904296875
1800,644.3408203125,775.2808227539062,503.19927978515625,1112.7523193359375,510.1661682128906,1360.9266357421875
1801,639.4907836914062,793.5970458984375,495.8427429199219,1150.5279541015625,555.0399169921875,1349.4632568359375
1802,601.9237670898438,827.4661254882812,467.3620910644531,1168.8497314453125,602.56640625,1329.875732421875
1803,623.1525268554688,841.7360229492188,515.27197265625,1161.5794677734375,689.4085693359375,1349.3507080078125
1804,641.9403076171875,828.4497680664062,556.0023193359375,1140.8262939453125,774.5509643554688,1349.5499267578125
1805,641.97314453125,812.9593505859375,577.0177001953125,1111.6904296875,808.443603515625,1331.88623046875
1806,665.6964111328125,786.5502319335938,617.0172729492188,1093.0953369140625,849.9271240234375,1357.41650390625
1807,668.1748046875,763.023193359375,695.1962890625,1086.026611328125,900.1133422851562,1376.3311767578125
1808,659.9939575195312,742.5869750976562,734.0621337890625,1053.970458984375,943.7958984375,1336.2066650390625
1809,647.9183349609375,745.0309448242188,750.7877197265625,1041.6976318359375,943.4288330078125,1318.902587890625
1810,644.5947875976562,750.67626953125,756.4911499023438,1035.807373046875,967.3522338867188,1298.5455322265625
1811,638.975830078125,765.6168823242188,734.5765380859375,1038.9423828125,958.2080078125,1265.37890625
1812,629.8950805664062,780.587646484375,700.3887329101562,1050.1787109375,945.9609985351562,1245.1640625
1813,623.547119140625,802.0585327148438,668.7540893554688,1061.8111572265625,920.0068359375,1235.640869140625
1814,630.6533813476562,814.4793090820312,618.0071411132812,1053.8690185546875,882.8790893554688,1226.7933349609375
1815,651.510986328125,806.3446655273438,611.1990356445312,1059.2479248046875,839.2496948242188,1250.2098388671875
1816,634.623291015625,798.6659545898438,568.7422485351562,1083.4293212890625,799.8583374023438,1302.028564453125
1817,615.6058959960938,775.8488159179688,549.8820190429688,1066.7735595703125,713.3362426757812,1301.2269287109375
1818,629.63720703125,771.172119140625,534.9243774414062,1051.72705078125,647.4221801757812,1308.3511962890625
1819,614.1301879882812,759.93994140625,514.6615600585938,1052.163818359375,583.9508666992188,1333.34033203125
1820,621.17578125,751.9335327148438,515.5342407226562,1053.8226318359375,519.06591796875,1348.99853515625
1821,639.9442138671875,756.1397705078125,519.6591796875,1074.0618896484375,496.0578308105469,1359.8189697265625
1822,644.913330078125,762.5443725585938,516.0670166015625,1097.4830322265625,507.1348571777344,1355.867919921875
1823,649.8240966796875,776.1762084960938,517.4568481445312,1130.1214599609375,540.6380004882812,1354.530517578125
1824,619.9815063476562,811.1843872070312,487.33740234375,1168.597412109375,582.5191650390625,1340.416015625
1825,614.0723266601562,833.4215698242188,498.47314453125,1169.9957275390625,662.7740478515625,1328.294677734375
1826,659.2357788085938,831.851806640625,573.4237670898438,1159.380615234375,776.3757934570312,1363.62744140625
1827,652.6791381835938,824.17041015625,581.8146362304688,1122.2413330078125,825.74853515625,1335.8690185546875
1828,679.2883911132812,792.6192626953125,595.4459228515625,1100.11669921875,820.9749755859375,1348.959228515625
1829,691.9536743164062,787.2214965820312,681.2514038085938,1096.805908203125,911.0908813476562,1372.7471923828125
1830,680.12109375,755.155517578125,734.282958984375,1078.2159423828125,950.4946899414062,1366.4293212890625
1831,668.5391845703125,743.690673828125,758.3574829101562,1051.771484375,949.8726196289062,1340.310791015625
1832,656.0381469726562,770.2412109375,765.829345703125,1032.2132568359375,970.7698974609375,1306.385498046875
1833,653.41162109375,780.2823486328125,755.0846557617188,1037.8729248046875,980.81689453125,1283.89306640625
1834,642.6952514648438,775.2719116210938,728.7374877929688,1047.649169921875,965.779541015625,1253.5592041015625
1835,635.4451293945312,792.230712890625,697.3040771484375,1062.0384521484375,953.2000122070312,1247.1397705078125
1836,630.3585815429688,814.9579467773438,648.8499145507812,1058.4490966796875,910.4251098632812,1227.0770263671875
1837,653.3701171875,810.1569213867188,637.3533935546875,1059.862548828125,873.69580078125,1237.9486083984375
1838,645.5286865234375,811.100830078125,597.0018310546875,1069.4781494140625,827.5391235351562,1263.0157470703125
1839,637.2782592773438,792.1527099609375,548.1134643554688,1055.984619140625,763.3799438476562,1274.7159423828125
1840,640.5537719726562,779.479248046875,542.8585205078125,1051.234130859375,678.9833374023438,1285.947509765625
1841,624.6311645507812,765.8218383789062,525.0277099609375,1048.5576171875,621.4720458984375,1321.7276611328125
1842,627.8555297851562,752.8002319335938,524.9765625,1057.4505615234375,545.167236328125,1363.2322998046875
1843,642.6117553710938,747.7225341796875,532.3881225585938,1063.521240234375,505.2081298828125,1360.5325927734375
1844,657.6697387695312,757.7786865234375,527.5477905273438,1082.314208984375,508.8221740722656,1354.2022705078125
1845,655.7705078125,769.17431640625,529.911865234375,1115.5555419921875,534.765380859375,1356.9210205078125
1846,639.9450073242188,794.14404296875,514.676025390625,1155.3048095703125,567.5064697265625,1345.6824951171875
1847,618.9486694335938,825.3510131835938,493.56793212890625,1162.3831787109375,639.6868286132812,1332.0477294921875
1848,644.0857543945312,833.7525024414062,541.4881591796875,1172.4793701171875,699.967041015625,1368.809326171875
1849,656.2656860351562,820.5477905273438,581.10498046875,1133.6961669921875,806.5509033203125,1341.0611572265625
1850,665.631591796875,794.8342895507812,597.0963745117188,1101.785400390625,830.36083984375,1338.4818115234375
1851,685.3295288085938,783.3469848632812,659.5955200195312,1100.890625,875.9262084960938,1373.749267578125
1852,687.9774169921875,758.8090209960938,714.7578125,1085.6492919921875,936.633544921875,1380.409912109375
1853,682.6390380859375,737.2589111328125,746.5812377929688,1053.73681640625,955.2713623046875,1345.903076171875
1854,662.3898315429688,736.5374145507812,777.6644897460938,1044.0728759765625,987.1181640625,1323.49658203125
1855,659.0909423828125,771.78515625,767.3856811523438,1027.4122314453125,984.2896728515625,1285.2474365234375
1856,649.5006103515625,762.3673095703125,754.1774291992188,1040.93017578125,989.314697265625,1272.5640869140625
1857,647.4922485351562,781.1412963867188,720.1438598632812,1047.6702880859375,971.9703979492188,1241.2281494140625
1858,637.1956176757812,801.416259765625,686.6505737304688,1069.2979736328125,940.6553344726562,1244.70556640625
1859,630.6123046875,819.4580078125,630.9435424804688,1056.6534423828125,892.1693115234375,1219.0238037109375
1860,656.6604614257812,810.4185791015625,626.4724731445312,1068.5657958984375,857.1721801757812,1256.9542236328125
1861,641.98095703125,804.8935546875,575.273681640625,1091.447021484375,807.7102661132812,1312.93798828125
1862,639.9188842773438,783.3759155273438,544.853759765625,1054.8968505859375,714.075439453125,1280.1025390625
1863,640.3980102539062,773.587646484375,537.64111328125,1056.050537109375,655.543212890625,1316.732177734375
1864,624.3524780273438,757.861083984375,518.36474609375,1050.16455078125,580.873291015625,1341.0721435546875
1865,629.3663330078125,752.6431274414062,522.8929443359375,1058.066162109375,513.55322265625,1350.7525634765625
1866,648.6497192382812,757.4928588867188,520.8161010742188,1080.462158203125,491.6392822265625,1365.36181640625
1867,651.8372802734375,766.9774169921875,520.43359375,1106.453125,500.1156921386719,1359.1285400390625
1868,649.5602416992188,785.3849487304688,516.8553466796875,1145.1866455078125,537.238037109375,1358.894287109375
1869,620.689208984375,812.4948120117188,476.1224670410156,1164.5418701171875,565.9578247070312,1326.804931640625
1870,619.9862060546875,844.7433471679688,511.4460144042969,1177.3714599609375,661.2860107421875,1359.2633056640625
1871,650.2935791015625,836.0864868164062,558.1452026367188,1162.8275146484375,753.5704345703125,1356.8109130859375
1872,650.9694213867188,831.013916015625,578.1495971679688,1125.7921142578125,822.6563110351562,1331.2637939453125
1873,660.6853637695312,800.2073364257812,588.6209106445312,1107.345703125,825.7236938476562,1355.0848388671875
1874,669.9697265625,774.6815795898438,678.5040283203125,1107.16943359375,909.68408203125,1385.2685546875
1875,671.9067993164062,763.7276000976562,718.42626953125,1076.865966796875,940.1253662109375,1367.9578857421875
1876,657.9934692382812,756.5673217773438,753.983154296875,1050.549560546875,957.7337036132812,1332.9564208984375
1877,647.87646484375,757.4520263671875,776.5919189453125,1038.460205078125,984.6126708984375,1302.3671875
1878,634.4185180664062,778.7259521484375,749.4173583984375,1040.049072265625,974.9105224609375,1278.32080078125
1879,630.1599731445312,778.78076171875,723.7658081054688,1047.759521484375,980.1271362304688,1246.9739990234375
1880,628.4584350585938,799.9892578125,687.5106811523438,1058.2103271484375,952.1149291992188,1239.8104248046875
1881,625.9999389648438,814.766845703125,648.3201904296875,1061.0501708984375,903.9611206054688,1221.5855712890625
1882,642.1693725585938,818.5507202148438,613.3298950195312,1050.2083740234375,870.3565063476562,1216.3134765625
1883,638.0907592773438,803.605224609375,597.5796508789062,1074.15185546875,826.7060546875,1265.181640625
1884,632.138427734375,789.4153442382812,545.8680419921875,1065.7938232421875,773.4677124023438,1290.8267822265625
1885,636.984375,784.261962890625,531.574462890625,1055.2291259765625,681.59130859375,1290.5943603515625
1886,623.2024536132812,761.463134765625,524.2175903320312,1047.494384765625,623.6028442382812,1321.8896484375
1887,613.961669921875,746.4757690429688,515.1046142578125,1043.566162109375,547.1810302734375,1340.34814453125
1888,621.2589111328125,748.056396484375,512.7932739257812,1060.3385009765625,487.443603515625,1357.4033203125
1889,633.3788452148438,753.2362060546875,504.4222717285156,1076.1883544921875,479.5446472167969,1353.868896484375
1890,633.638671875,772.1972045898438,495.4737243652344,1111.8336181640625,494.6428527832031,1366.6768798828125
1891,634.576904296875,784.1848754882812,486.69378662109375,1153.9130859375,532.6589965820312,1357.1539306640625
1892,612.849609375,818.6136474609375,479.1365051269531,1174.983642578125,590.5380249023438,1363.079345703125
1893,591.6361694335938,832.4638061523438,494.4120788574219,1170.95166015625,658.0424194335938,1348.35986328125
1894,623.6870727539062,820.2568969726562,526.613037109375,1144.1309814453125,725.2598266601562,1344.44873046875
1895,624.9415893554688,800.8287963867188,545.142333984375,1101.019287109375,788.8543090820312,1308.434814453125
1896,647.0936889648438,773.5052490234375,590.025146484375,1093.62451171875,815.3842163085938,1352.9034423828125
1897,652.1901245117188,766.2603149414062,660.8324584960938,1090.186279296875,885.54296875,1380.9912109375
1898,637.439208984375,737.1021118164062,715.62158203125,1059.97216796875,925.6817016601562,1343.6002197265625
1899,616.9887084960938,740.2034912109375,726.8289184570312,1038.8204345703125,922.587158203125,1319.6650390625
1900,613.5626831054688,750.3355712890625,731.9647216796875,1028.759765625,946.3837280273438,1282.437255859375
1901,614.152587890625,760.6008911132812,719.68408203125,1033.917724609375,953.0784301757812,1265.2298583984375
1902,608.98828125,774.9700927734375,685.071533203125,1051.2149658203125,942.3147583007812,1246.6627197265625
1903,604.6845092773438,796.928466796875,645.86865234375,1065.99853515625,906.2810668945312,1245.9959716796875
1904,607.5377197265625,802.88037109375,611.6246948242188,1055.93212890625,876.6634521484375,1223.515869140625
1905,621.934814453125,796.4667358398438,595.8777465820312,1060.77685546875,834.0684814453125,1246.0291748046875
1906,616.6422729492188,799.8264770507812,569.0914916992188,1066.76025390625,798.9426879882812,1267.6748046875
1907,625.6355590820312,781.5562133789062,532.3156127929688,1055.2713623046875,745.3218383789062,1280.0875244140625
1908,613.9949340820312,762.8350219726562,550.3931884765625,1056.575439453125,663.21923828125,1317.2431640625
1909,600.5425415039062,754.2918701171875,513.0385131835938,1052.5506591796875,586.3353271484375,1332.73828125
1910,611.3235473632812,722.2161254882812,514.0360107421875,1055.5101318359375,523.8126220703125,1361.758056640625
1911,615.4129028320312,749.4873657226562,515.2853393554688,1072.390869140625,493.7048034667969,1359.1951904296875
1912,626.978515625,758.0502319335938,508.24072265625,1091.92236328125,494.0962829589844,1358.830078125
1913,619.7169799804688,783.0035400390625,501.1855163574219,1128.70654296875,524.139404296875,1363.6094970703125
1914,607.225830078125,801.3980712890625,486.1234130859375,1164.2835693359375,575.1153564453125,1357.9384765625
1915,594.8231811523438,821.5698852539062,495.11822509765625,1154.2430419921875,644.3032836914062,1331.795654296875
1916,610.7931518554688,829.9954833984375,518.0012817382812,1164.8720703125,704.0478515625,1349.94580078125
1917,621.7843627929688,818.0786743164062,555.8840942382812,1126.909912109375,783.5283203125,1330.310791015625
1918,621.0276489257812,790.008544921875,566.4202880859375,1097.9549560546875,806.2507934570312,1322.214111328125
1919,647.4818115234375,766.0992431640625,639.1205444335938,1089.694091796875,869.6678466796875,1364.185546875
1920,646.9449462890625,750.1766967773438,693.014892578125,1075.6014404296875,914.96875,1362.28173828125
1921,631.7257690429688,737.3040771484375,724.8103637695312,1051.1107177734375,940.9669189453125,1327.711669921875
1922,618.7218627929688,742.5302734375,728.8582153320312,1028.7066650390625,935.903564453125,1290.962890625
1923,618.7092895507812,754.5919189453125,726.800048828125,1025.829345703125,963.3455200195312,1260.37646484375
1924,613.7129516601562,766.780517578125,710.4274291992188,1036.291015625,958.572021484375,1240.521728515625
1925,601.9270629882812,791.0880126953125,677.7865600585938,1058.6165771484375,936.4695434570312,1233.544189453125
1926,600.2311401367188,810.6405639648438,633.091552734375,1061.36865234375,899.9918212890625,1222.00390625
1927,608.4238891601562,814.5873413085938,590.1171264648438,1062.3343505859375,853.2825317382812,1233.791748046875
1928,621.8148193359375,799.0736083984375,583.3663330078125,1057.8680419921875,807.522216796875,1250.21337890625
1929,618.4359741210938,793.2120361328125,552.2059936523438,1070.1492919921875,781.4796752929688,1288.7509765625
1930,615.4727783203125,776.712890625,513.8015747070312,1055.856689453125,681.9226684570312,1286.71728515625
1931,611.6953125,767.6781005859375,506.4950866699219,1052.47509765625,613.1514282226562,1318.3388671875
1932,598.6390991210938,754.2772216796875,502.05120849609375,1048.5081787109375,546.21875,1334.39794921875
1933,611.1333618164062,744.63720703125,512.3020629882812,1056.6904296875,497.7699279785156,1358.21875
1934,623.83203125,750.9498291015625,506.1548156738281,1071.944580078125,475.42230224609375,1359.1300048828125
1935,637.0322875976562,760.1011962890625,495.7825927734375,1095.771240234375,491.3265686035156,1360.801025390625
1936,636.8419799804688,778.7659301757812,495.7105407714844,1135.1114501953125,518.485107421875,1372.083984375
1937,617.8080444335938,808.7882690429688,485.63232421875,1161.110595703125,571.666015625,1355.1790771484375
1938,596.6365356445312,831.0474243164062,491.1574401855469,1161.0552978515625,649.0872802734375,1342.2227783203125
1939,634.41552734375,820.9698486328125,532.0123291015625,1144.8800048828125,726.076416015625,1352.364990234375
1940,631.195556640625,813.7260131835938,552.4769287109375,1109.8118896484375,785.0117797851562,1326.322265625
1941,656.062744140625,790.3220825195312,579.1419067382812,1100.8355712890625,798.807861328125,1353.03955078125
1942,661.71923828125,766.8580932617188,655.6702880859375,1091.992919921875,868.7237548828125,1381.150390625
1943,667.5424194335938,748.872802734375,712.0332641601562,1074.2576904296875,909.2508544921875,1364.12548828125
1944,647.9188842773438,740.859375,738.3770141601562,1048.612060546875,922.0595092773438,1336.4549560546875
1945,640.029052734375,744.0418701171875,752.428955078125,1035.5797119140625,943.7620239257812,1307.988037109375
1946,641.3359985351562,756.5218505859375,748.3361206054688,1036.7010498046875,962.0577392578125,1284.3160400390625
1947,629.879150390625,766.5239868164062,715.533447265625,1041.2947998046875,947.97607421875,1258.6201171875
1948,625.7449951171875,784.5601196289062,679.0960083007812,1054.6353759765625,926.488037109375,1246.77392578125
1949,618.3671264648438,808.1845092773438,648.90869140625,1059.670166015625,910.2664184570312,1232.7213134765625
1950,640.752197265625,804.6881713867188,617.22314453125,1056.162109375,869.2130126953125,1236.7760009765625
1951,641.54638671875,810.3695678710938,591.6846923828125,1083.1727294921875,818.3670043945312,1282.2344970703125
1952,626.2730712890625,800.0867309570312,545.682861328125,1063.8468017578125,764.8817138671875,1275.5621337890625
1953,628.6592407226562,785.7745971679688,537.3175048828125,1051.1722412109375,682.8402709960938,1282.17919921875
1954,623.4797973632812,768.9420776367188,524.363525390625,1053.777587890625,632.6558837890625,1317.377197265625
1955,631.0532836914062,748.0859375,527.4085693359375,1048.28515625,557.8907470703125,1342.116943359375
1956,633.8128051757812,758.702392578125,517.053466796875,1066.508056640625,499.9903564453125,1355.330322265625
1957,645.5800170898438,765.6634521484375,510.45953369140625,1082.7747802734375,489.059326171875,1351.7855224609375
1958,651.456787109375,782.0086669921875,510.169677734375,1112.9599609375,507.3554382324219,1358.681396484375
1959,643.1970825195312,792.60302734375,496.17822265625,1156.3167724609375,532.4677124023438,1346.212158203125
1960,617.2049560546875,827.8612060546875,473.7307434082031,1171.2081298828125,594.4910278320312,1341.85107421875
1961,629.54638671875,836.5393676757812,518.4016723632812,1163.3424072265625,682.7822875976562,1358.9869384765625
1962,656.0473022460938,822.0774536132812,556.9215087890625,1143.0247802734375,760.1987915039062,1362.235595703125
1963,661.9019775390625,796.76220703125,575.761474609375,1100.70068359375,817.9330444335938,1326.8104248046875
1964,684.1754150390625,773.9945678710938,636.9391479492188,1089.95556640625,838.4619140625,1368.3521728515625
1965,691.3506469726562,751.3087158203125,701.5518188476562,1084.2015380859375,894.1531372070312,1388.2838134765625
1966,681.050537109375,729.1930541992188,749.4705200195312,1049.8875732421875,944.7804565429688,1343.067626953125
1967,652.7953491210938,731.353271484375,763.5099487304688,1036.8106689453125,952.4677734375,1317.984375
1968,650.8075561523438,738.8982543945312,780.0700073242188,1031.4334716796875,991.1874389648438,1297.3963623046875
1969,662.3265380859375,751.0067138671875,757.4178466796875,1034.79345703125,983.9571533203125,1281.5225830078125
1970,647.2046508789062,772.5791015625,727.342529296875,1045.4952392578125,961.0338134765625,1256.21484375
1971,644.1212768554688,787.2861938476562,700.2379150390625,1056.02978515625,955.3547973632812,1234.24072265625
1972,638.1551513671875,810.74267578125,648.6751708984375,1052.118896484375,905.6400146484375,1217.619384765625
1973,663.2412719726562,809.3287353515625,635.9070434570312,1059.350830078125,865.0816650390625,1242.9136962890625
1974,654.2333374023438,814.6197509765625,595.5753173828125,1074.696044921875,830.171875,1277.4510498046875
1975,649.4994506835938,790.740234375,557.9974365234375,1052.35302734375,768.1036987304688,1261.7301025390625
1976,666.9769287109375,785.8905029296875,554.2752685546875,1043.7967529296875,683.1227416992188,1272.999755859375
1977,655.8781127929688,770.9498901367188,543.1122436523438,1047.3421630859375,625.9252319335938,1324.2838134765625
1978,647.0712890625,759.4984741210938,541.2434692382812,1052.4305419921875,553.9386596679688,1346.859619140625
1979,666.0,754.9933471679688,553.055419921875,1071.3765869140625,522.5714111328125,1365.5823974609375
1980,676.0241088867188,762.6637573242188,552.9365844726562,1089.4998779296875,538.882568359375,1355.99560546875
1981,683.9309692382812,772.9881591796875,557.2412109375,1114.0550537109375,559.561279296875,1355.3082275390625
1982,672.85546875,793.4586791992188,546.5857543945312,1158.822509765625,612.9185791015625,1354.886474609375
1983,649.6754760742188,826.4525756835938,529.0639038085938,1171.0751953125,670.0339965820312,1354.3345947265625
1984,662.8685302734375,825.621826171875,569.4701538085938,1162.8358154296875,739.61865234375,1353.29443359375
1985,690.444580078125,817.7992553710938,599.7665405273438,1124.8333740234375,832.087890625,1340.6129150390625
1986,699.7481689453125,810.2085571289062,599.8911743164062,1107.4334716796875,838.5296630859375,1342.827392578125
1987,723.6839599609375,786.8189086914062,688.991455078125,1104.6251220703125,928.3375854492188,1380.7462158203125
1988,724.27099609375,758.2686767578125,744.2115478515625,1085.6099853515625,964.7327270507812,1384.961181640625
1989,726.72802734375,734.971435546875,781.7510375976562,1060.1219482421875,987.9453735351562,1357.564208984375
1990,697.8131103515625,739.3049926757812,802.39599609375,1036.3699951171875,991.31396484375,1326.5982666015625
1991,689.8839111328125,747.3839111328125,801.8467407226562,1033.6376953125,1012.2434692382812,1290.425537109375
1992,687.0172119140625,758.3150634765625,781.467041015625,1049.101318359375,1001.4204711914062,1276.9105224609375
1993,682.3841552734375,784.5487060546875,756.9928588867188,1065.652099609375,994.1735229492188,1256.901123046875
1994,677.4163208007812,805.3683471679688,722.8063354492188,1080.2593994140625,981.9102783203125,1249.115966796875
1995,682.7847290039062,811.2691040039062,680.998779296875,1069.9237060546875,933.20947265625,1248.58447265625
1996,692.0768432617188,807.689208984375,644.0145263671875,1070.9501953125,875.0872192382812,1272.681640625
1997,684.6875610351562,809.1106567382812,608.1998901367188,1087.463134765625,841.553466796875,1317.6859130859375
1998,681.6672973632812,793.3212890625,573.1573486328125,1054.2396240234375,747.8834838867188,1278.33935546875
1999,679.0765991210938,787.9940185546875,562.0966186523438,1051.5855712890625,687.2205200195312,1296.1258544921875
2000,672.115234375,768.7042846679688,569.8036499023438,1050.293701171875,623.0289916992188,1329.696044921875
2001,677.8935546875,762.4688110351562,570.2737426757812,1066.42724609375,560.6683959960938,1365.7310791015625
2002,690.5738525390625,768.947265625,569.2886962890625,1086.3316650390625,527.4768676757812,1365.604248046875
2003,693.2594604492188,771.9006958007812,569.6348876953125,1112.3563232421875,535.2308349609375,1360.9798583984375
2004,697.4208984375,786.1527099609375,567.4486083984375,1138.7734375,571.300537109375,1362.6068115234375
2005,670.6986083984375,812.140380859375,548.460205078125,1167.9627685546875,629.218505859375,1351.73779296875
2006,644.39501953125,840.4134521484375,542.4617309570312,1178.124267578125,700.6350708007812,1346.7813720703125
2007,682.798828125,824.4935913085938,589.9716186523438,1156.4027099609375,776.2156372070312,1361.9127197265625
2008,691.5338745117188,823.6585693359375,612.41845703125,1124.949462890625,848.8740234375,1332.990478515625
2009,710.2091674804688,800.3167114257812,620.5675048828125,1110.014404296875,850.2528076171875,1354.3681640625
2010,727.2890625,785.285888671875,716.5349731445312,1101.5989990234375,943.1233520507812,1378.41943359375
2011,723.8739624023438,755.1224365234375,760.6336669921875,1080.166015625,966.8143310546875,1379.6326904296875
2012,704.9481811523438,742.6437377929688,789.5014038085938,1051.140625,978.6636352539062,1351.3714599609375
2013,687.66650390625,752.4600219726562,804.1238403320312,1042.341552734375,1002.488525390625,1314.740478515625
2014,684.806396484375,758.7918090820312,799.142822265625,1041.74853515625,1012.4310302734375,1290.9224853515625
2015,671.8456420898438,773.1892700195312,764.9580688476562,1053.791748046875,996.489501953125,1269.659912109375
2016,660.693359375,790.3421630859375,724.3380737304688,1071.5263671875,987.2799682617188,1249.5589599609375
2017,657.9326171875,806.9668579101562,690.2757568359375,1080.6226806640625,946.6906127929688,1245.0030517578125
2018,667.75341796875,806.14599609375,646.6402587890625,1067.080078125,891.616943359375,1247.876953125
2019,656.6861572265625,815.2588500976562,604.3998413085938,1080.093017578125,838.6492309570312,1284.4891357421875
2020,652.23486328125,801.1309814453125,575.36328125,1068.556640625,807.5713500976562,1281.34423828125
2021,654.882568359375,787.5882568359375,549.476806640625,1044.9755859375,700.9893798828125,1268.902587890625
2022,649.7067260742188,772.8707885742188,543.6695556640625,1047.583251953125,650.712890625,1316.531494140625
2023,644.55029296875,760.6177368164062,537.4243774414062,1052.6317138671875,564.9570922851562,1340.5224609375
2024,662.6455078125,753.281982421875,546.507080078125,1063.5250244140625,523.3980102539062,1357.4415283203125
2025,666.4937744140625,764.9342651367188,540.6539306640625,1086.8543701171875,509.36590576171875,1353.5904541015625
2026,668.623779296875,772.3672485351562,542.0824584960938,1114.4898681640625,532.1771240234375,1347.842041015625
2027,650.110107421875,793.7117309570312,526.7559814453125,1145.4521484375,573.550048828125,1342.4520263671875
2028,628.3389282226562,825.7688598632812,497.4051818847656,1170.66650390625,623.5931396484375,1328.5609130859375
2029,630.427001953125,829.920654296875,524.8789672851562,1171.2147216796875,697.1143798828125,1328.6995849609375
2030,668.0115966796875,829.552734375,586.0973510742188,1145.62353515625,804.1968383789062,1353.393798828125
2031,663.9871215820312,813.3502807617188,600.4758911132812,1112.61083984375,832.5593872070312,1326.790771484375
2032,679.8754272460938,785.0382080078125,645.5308837890625,1092.7791748046875,864.1102294921875,1353.0986328125
2033,681.2845458984375,763.1219482421875,704.7715454101562,1083.95361328125,922.8283081054688,1368.3751220703125
2034,679.1220703125,745.6660766601562,735.5986328125,1055.9652099609375,935.1599731445312,1348.4102783203125
2035,654.0784912109375,751.9802856445312,763.1497802734375,1044.7064208984375,961.5082397460938,1316.9483642578125
2036,647.0467529296875,771.10400390625,763.263671875,1029.7623291015625,977.0828247070312,1285.3353271484375
2037,641.5809936523438,765.2869262695312,754.18798828125,1038.356201171875,980.2093505859375,1269.91064453125
2038,631.9575805664062,779.6848754882812,717.6693725585938,1033.730712890625,969.8214721679688,1215.5614013671875
2039,624.0589599609375,799.9321899414062,678.5442504882812,1053.0501708984375,932.3448486328125,1221.103271484375
2040,626.6669311523438,815.2670288085938,625.0061645507812,1045.6905517578125,883.3313598632812,1210.1552734375
2041,649.5993041992188,801.1622924804688,614.360107421875,1050.1163330078125,840.1263427734375,1232.406982421875
2042,630.080078125,799.61083984375,575.1343994140625,1062.9986572265625,804.4230346679688,1258.737060546875
2043,621.5838623046875,788.7405395507812,534.3450317382812,1047.2066650390625,739.5510864257812,1256.2664794921875
2044,625.2857055664062,773.3651733398438,533.3045654296875,1044.1622314453125,651.9362182617188,1294.6385498046875
2045,617.8153686523438,759.1868286132812,516.2664794921875,1044.6697998046875,583.7578125,1324.396484375
2046,621.4066162109375,752.1561889648438,511.3916931152344,1039.7314453125,514.622314453125,1327.486083984375
2047,630.5403442382812,755.0316162109375,511.3128662109375,1069.412109375,479.74761962890625,1353.225341796875
2048,641.0458984375,761.0919799804688,506.230712890625,1087.5078125,489.7598876953125,1350.9644775390625
2049,640.9346923828125,783.091552734375,504.7066955566406,1125.332763671875,518.4322509765625,1365.625732421875
2050,616.6475830078125,801.4832153320312,469.3826599121094,1155.18017578125,553.9140625,1333.0330810546875
2051,598.9568481445312,830.9741821289062,473.0616760253906,1166.0780029296875,634.2396850585938,1328.964111328125
2052,636.876220703125,837.0499877929688,537.8306274414062,1157.4046630859375,725.1577758789062,1366.5814208984375
2053,638.6168212890625,823.7481079101562,555.6448974609375,1122.462890625,777.6602783203125,1333.3604736328125
2054,651.1134643554688,796.1801147460938,584.7659912109375,1109.5250244140625,800.0787963867188,1358.4039306640625
2055,667.7420654296875,769.4666748046875,644.010009765625,1092.075439453125,855.4364013671875,1379.664306640625
2056,668.0035400390625,755.76806640625,703.4506225585938,1077.1187744140625,895.9932861328125,1367.0247802734375
2057,648.7826538085938,738.909423828125,744.0029296875,1049.915771484375,937.8378295898438,1327.494873046875
2058,637.5714111328125,763.7999267578125,748.8880004882812,1032.6146240234375,945.182373046875,1301.5224609375
2059,644.0560913085938,755.8220825195312,757.3488159179688,1036.0572509765625,971.1551513671875,1291.3656005859375
2060,631.9530639648438,766.5787963867188,727.1484375,1034.835693359375,958.1382446289062,1251.14501953125
2061,633.2327270507812,783.986572265625,697.7716674804688,1051.7408447265625,945.1827392578125,1247.736083984375
2062,623.5899658203125,804.3655395507812,662.1475830078125,1065.5379638671875,917.3167114257812,1239.1153564453125
2063,621.2191162109375,816.5703735351562,613.3388671875,1058.5380859375,875.2205200195312,1228.23486328125
2064,651.378662109375,807.3132934570312,612.6340942382812,1063.265625,842.5079956054688,1257.9027099609375
2065,632.7821044921875,802.1044921875,559.1997680664062,1082.8267822265625,791.68212890625,1315.9256591796875
2066,612.3703002929688,777.9830932617188,551.322021484375,1066.4508056640625,705.6427001953125,1300.259521484375
2067,628.250244140625,772.2962646484375,525.4491577148438,1050.173583984375,643.5036010742188,1310.516845703125
2068,619.7278442382812,759.7820434570312,510.3905944824219,1048.7384033203125,574.6534423828125,1330.982666015625
2069,622.98388671875,748.3643798828125,512.4933471679688,1051.595947265625,509.1405334472656,1345.3955078125
2070,631.7288818359375,758.5982666015625,507.61810302734375,1077.1640625,482.7855224609375,1357.738525390625
2071,638.8203125,762.7446899414062,505.7491455078125,1098.09130859375,492.9492492675781,1355.926025390625
2072,640.4996948242188,776.4002075195312,509.09539794921875,1133.3946533203125,524.8228149414062,1355.982177734375
2073,609.824462890625,809.6174926757812,472.5555725097656,1159.6788330078125,572.7024536132812,1327.918701171875
2074,601.0874633789062,833.0408935546875,479.7629089355469,1173.9140625,635.1381225585938,1336.4967041015625
2075,648.6806030273438,827.5904541015625,564.2327880859375,1154.69970703125,764.2688598632812,1363.4197998046875
2076,642.035400390625,822.11962890625,569.7362670898438,1124.1727294921875,799.8131713867188,1332.09814453125
2077,667.5514526367188,794.5005493164062,583.4328002929688,1109.163330078125,817.4397583007812,1361.832275390625
2078,670.2931518554688,781.6907958984375,666.4346923828125,1105.424072265625,879.056396484375,1389.54345703125
2079,666.7532958984375,759.88623046875,718.87109375,1080.0723876953125,932.1806640625,1368.1439208984375
2080,674.7357177734375,768.2393188476562,751.3123168945312,1049.2962646484375,941.0914916992188,1336.201904296875
2081,650.4407958984375,745.6328125,767.4878540039062,1042.6387939453125,970.6701049804688,1316.5521240234375
2082,649.5852661132812,779.7145385742188,749.4862670898438,1035.5555419921875,973.8336181640625,1285.8348388671875
2083,635.7387084960938,768.3223266601562,730.0016479492188,1046.771484375,963.8895263671875,1267.309326171875
2084,628.97802734375,791.7081909179688,694.1920166015625,1053.9312744140625,951.2821655273438,1239.30419921875
2085,616.5919189453125,808.1834106445312,654.1492919921875,1058.795654296875,908.3285522460938,1228.8807373046875
2086,640.0103759765625,809.1937866210938,622.6781616210938,1051.99072265625,871.2999267578125,1228.291748046875
2087,641.5922241210938,803.1281127929688,595.444580078125,1067.0743408203125,825.684814453125,1265.9876708984375
2088,630.0861206054688,789.378173828125,547.738525390625,1070.077880859375,770.9667358398438,1289.3251953125
2089,613.7244262695312,772.600341796875,550.9608764648438,1058.619140625,682.5559692382812,1300.0030517578125
2090,621.6914672851562,766.861328125,523.7283325195312,1046.70556640625,633.3845825195312,1311.4010009765625
2091,611.8284301757812,758.0123291015625,510.7577209472656,1045.6942138671875,559.7578735351562,1336.318359375
2092,618.5537719726562,755.4069213867188,514.0296630859375,1061.3529052734375,506.29962158203125,1350.68994140625
2093,637.5993041992188,758.168212890625,512.383544921875,1078.72119140625,498.7810363769531,1357.26708984375
2094,630.488525390625,772.471435546875,508.7400817871094,1109.31884765625,514.935791015625,1356.791259765625
2095,624.2371826171875,793.3974609375,498.7566223144531,1153.6439208984375,549.6504516601562,1351.7706298828125
2096,602.1416015625,830.6522827148438,478.3389892578125,1172.490234375,617.7083740234375,1334.5704345703125
2097,621.2229614257812,841.2069091796875,530.8054809570312,1152.3575439453125,724.0188598632812,1336.260498046875
2098,649.216064453125,826.7904052734375,572.71240234375,1135.8856201171875,798.4793701171875,1348.1058349609375
2099,647.2946166992188,806.3318481445312,579.544677734375,1108.7408447265625,810.6903686523438,1337.7078857421875
2100,667.4208984375,787.76318359375,642.0953979492188,1103.5341796875,856.8856811523438,1368.562255859375
2101,665.6226196289062,762.1741333007812,694.987548828125,1089.953369140625,911.3033447265625,1384.4014892578125
2102,649.182373046875,735.697509765625,737.1051635742188,1047.570068359375,955.7521362304688,1333.0843505859375
2103,637.639892578125,738.5065307617188,752.143310546875,1040.1470947265625,955.281982421875,1320.5069580078125
2104,639.8762817382812,745.0909423828125,769.8568725585938,1036.0169677734375,984.1871337890625,1302.4925537109375
2105,643.6885986328125,761.1300659179688,749.3934326171875,1038.825439453125,978.6419677734375,1273.4298095703125
2106,628.1702880859375,777.4237670898438,712.4566040039062,1048.8060302734375,962.1626586914062,1249.660400390625
2107,624.9765014648438,797.0480346679688,681.0548706054688,1063.0887451171875,933.8765258789062,1243.8486328125
2108,619.931396484375,819.881103515625,645.4096069335938,1063.333740234375,902.9652709960938,1231.929443359375
2109,641.8245849609375,814.1673583984375,626.3462524414062,1061.05419921875,865.3731689453125,1235.8480224609375
2110,638.5507202148438,808.0720825195312,593.2113647460938,1077.7000732421875,819.960205078125,1273.8529052734375
2111,627.91943359375,790.6399536132812,546.1553955078125,1058.637451171875,767.7750244140625,1276.8961181640625
2112,621.7254028320312,773.0879516601562,534.6033325195312,1053.0272216796875,674.8699951171875,1294.286865234375
2113,610.7938232421875,764.7916259765625,524.2260131835938,1055.92724609375,620.9391479492188,1326.3160400390625
2114,610.0160522460938,749.4124145507812,518.9218139648438,1061.770751953125,547.8696899414062,1366.91845703125
2115,633.3662719726562,751.416748046875,524.5435791015625,1067.78173828125,502.03228759765625,1360.84423828125
2116,645.9906005859375,754.3577270507812,519.68408203125,1085.35107421875,496.6583251953125,1356.1982421875
2117,641.8645629882812,773.9419555664062,513.0070190429688,1116.5545654296875,513.6161499023438,1363.506103515625
2118,621.3585815429688,795.32666015625,489.19921875,1163.0823974609375,540.8408203125,1347.6043701171875
2119,602.8613891601562,824.7529907226562,469.4211120605469,1169.1807861328125,596.1343383789062,1337.5489501953125
2120,618.6370239257812,841.2359619140625,515.1580810546875,1155.168212890625,695.18896484375,1339.8419189453125
2121,647.6101684570312,834.2765502929688,562.685302734375,1142.6788330078125,789.87255859375,1351.270263671875
2122,641.6488037109375,816.9723510742188,580.2464599609375,1117.0906982421875,820.9011840820312,1335.7811279296875
2123,659.1132202148438,783.3195190429688,604.46484375,1098.369873046875,845.7130737304688,1359.8035888671875
2124,659.3195190429688,765.7703247070312,687.9479370117188,1091.8731689453125,928.527099609375,1379.033447265625
2125,657.4510498046875,756.2174072265625,725.7198486328125,1056.2587890625,936.4740600585938,1344.72265625
2126,640.3336791992188,753.689208984375,746.0050048828125,1034.1558837890625,955.1347045898438,1308.1116943359375
2127,631.8806762695312,773.3880615234375,758.9237060546875,1031.1226806640625,972.0082397460938,1297.7608642578125
2128,632.0880126953125,769.3604736328125,750.010498046875,1038.3153076171875,991.4174194335938,1270.025390625
2129,618.52880859375,784.4366455078125,719.3199462890625,1051.292236328125,981.3541259765625,1250.20458984375
2130,621.5846557617188,806.9020385742188,682.2818603515625,1067.4931640625,954.07470703125,1248.3765869140625
2131,624.5254516601562,816.9503784179688,648.4163818359375,1062.721435546875,905.0185546875,1224.4403076171875
2132,638.3858032226562,809.7667236328125,615.4415283203125,1056.4449462890625,867.9437866210938,1227.333251953125
2133,632.0995483398438,801.2205200195312,595.3467407226562,1074.229248046875,832.1431884765625,1270.51513671875
2134,625.2037353515625,787.5641479492188,537.5619506835938,1066.99365234375,763.8117065429688,1291.3741455078125
2135,624.3539428710938,780.09521484375,520.9956665039062,1052.138427734375,670.9812622070312,1286.0994873046875
2136,619.9701538085938,761.1688232421875,521.313720703125,1051.510009765625,618.8880004882812,1326.3819580078125
2137,609.9039306640625,749.9551391601562,513.325439453125,1047.95849609375,543.2722778320312,1350.5540771484375
2138,622.4767456054688,753.3284912109375,510.2397766113281,1062.5628662109375,483.5296325683594,1357.359619140625
2139,634.9307250976562,762.08056640625,502.01751708984375,1082.3360595703125,480.5525207519531,1351.4033203125
2140,630.27001953125,775.04443359375,499.6833801269531,1120.5101318359375,498.69281005859375,1372.1170654296875
2141,608.9568481445312,796.9465942382812,469.3466491699219,1159.5936279296875,521.3756713867188,1339.27783203125
2142,594.0513916015625,823.6605834960938,457.1159362792969,1174.1656494140625,581.7418823242188,1332.2437744140625
2143,607.9993286132812,834.3378295898438,501.471435546875,1166.25341796875,670.4288330078125,1352.681396484375
2144,640.571044921875,827.9118041992188,553.6705322265625,1149.167236328125,764.3547973632812,1362.1378173828125
2145,639.7679443359375,802.5231323242188,563.5111694335938,1102.592041015625,821.4451904296875,1321.3175048828125
2146,664.13525390625,779.468505859375,607.9808349609375,1090.282958984375,836.0989379882812,1358.6405029296875
2147,667.6133422851562,760.9166259765625,689.5816040039062,1096.3154296875,896.3798217773438,1392.0355224609375
2148,673.6585693359375,742.7474365234375,734.1947631835938,1057.4864501953125,923.4241333007812,1358.977783203125
2149,656.3823852539062,740.2518310546875,762.9226684570312,1043.3858642578125,947.0670776367188,1328.30419921875
2150,649.9030151367188,769.5829467773438,766.9635009765625,1030.4776611328125,968.2534790039062,1302.3773193359375
2151,654.66845703125,783.1550903320312,747.5726318359375,1040.81298828125,974.0886840820312,1281.8778076171875
2152,644.468994140625,796.0916748046875,709.7335815429688,1059.318359375,958.5595703125,1261.2044677734375
2153,637.2427368164062,795.595458984375,693.7344360351562,1065.7335205078125,951.42431640625,1248.1658935546875
2154,638.3451538085938,821.3032836914062,646.6737670898438,1072.0849609375,909.5477294921875,1239.0994873046875
2155,656.983154296875,801.8855590820312,639.0552978515625,1079.650634765625,874.6126098632812,1258.5552978515625
2156,651.236572265625,809.2857666015625,595.3822631835938,1104.4932861328125,817.4795532226562,1328.3822021484375
2157,636.8701782226562,799.4068603515625,563.400390625,1071.46484375,765.840087890625,1289.408447265625
2158,642.6483764648438,780.0758056640625,541.6729736328125,1061.184814453125,674.9159545898438,1309.0625
2159,634.0833129882812,765.2432250976562,526.9872436523438,1055.006103515625,606.1118774414062,1339.232666015625
2160,629.8893432617188,758.1403198242188,528.459228515625,1064.4298095703125,536.5679321289062,1359.4007568359375
2161,648.1609497070312,760.3091430664062,532.0094604492188,1076.7647705078125,501.799072265625,1361.586181640625
2162,648.7302856445312,768.8867797851562,525.7295532226562,1101.090576171875,509.0321044921875,1355.11328125
2163,652.4063720703125,780.5414428710938,523.4797973632812,1134.99755859375,539.8985595703125,1355.3203125
2164,626.1687622070312,807.635009765625,498.0789489746094,1161.99462890625,578.334228515625,1335.0107421875
2165,623.0722045898438,843.724365234375,523.5900268554688,1173.7939453125,668.14892578125,1351.9539794921875
2166,652.958740234375,835.2258911132812,567.1880493164062,1160.739990234375,758.59130859375,1351.6068115234375
2167,657.3558349609375,819.8353271484375,572.6607055664062,1120.6270751953125,818.0115966796875,1326.7247314453125
2168,664.5176391601562,800.8905029296875,586.9019165039062,1104.3455810546875,818.9030151367188,1343.725341796875
2169,677.6530151367188,782.3165283203125,681.731689453125,1103.5533447265625,895.5536499023438,1382.1021728515625
2170,672.9357299804688,758.6790161132812,719.1282348632812,1074.4049072265625,925.5701293945312,1367.9794921875
2171,662.6334228515625,772.7452392578125,750.8642578125,1051.0294189453125,952.1278076171875,1326.844970703125
2172,641.4269409179688,774.9267578125,764.3873291015625,1039.3408203125,962.8125,1307.0284423828125
2173,642.7940063476562,784.53955078125,747.1585693359375,1039.9031982421875,972.8139038085938,1284.3155517578125
2174,633.61962890625,778.6758422851562,725.5059814453125,1047.6104736328125,956.4293212890625,1261.546142578125
2175,617.7175903320312,794.274169921875,677.9961547851562,1061.5679931640625,937.4581298828125,1244.5103759765625
2176,615.2924194335938,814.1473999023438,643.1294555664062,1071.9649658203125,896.7266235351562,1246.715087890625
2177,631.2077026367188,814.5012817382812,607.1520385742188,1058.48876953125,865.0772705078125,1237.0220947265625
2178,633.56884765625,809.704833984375,587.3792724609375,1066.0345458984375,818.8173217773438,1259.788818359375
2179,617.5249633789062,795.055908203125,544.2495727539062,1083.345458984375,772.6519775390625,1311.5640869140625
2180,599.3671875,778.354248046875,534.2760009765625,1062.6785888671875,677.2723388671875,1302.1907958984375
2181,601.1315307617188,771.6615600585938,508.7997741699219,1056.7283935546875,610.5889892578125,1330.288330078125
2182,600.3660278320312,759.343505859375,498.72943115234375,1049.394775390625,544.861083984375,1339.4205322265625
2183,607.2349243164062,753.8389892578125,497.0511474609375,1058.5865478515625,483.732421875,1357.7923583984375
2184,615.8869018554688,760.3555297851562,495.3853454589844,1080.76513671875,474.069580078125,1357.4989013671875
2185,623.10791015625,772.5056762695312,492.2536315917969,1106.383056640625,494.6324157714844,1358.1334228515625
2186,616.02001953125,787.4967651367188,488.1671447753906,1147.5731201171875,538.24462890625,1360.70947265625
2187,585.6110229492188,819.865234375,449.59051513671875,1157.4471435546875,576.30859375,1316.6968994140625
2188,600.008544921875,840.826904296875,494.6334533691406,1167.8416748046875,661.7598266601562,1347.3160400390625
2189,634.0036010742188,818.080810546875,528.45947265625,1143.6123046875,725.7432861328125,1357.6962890625
2190,627.5213012695312,807.9126586914062,547.7970581054688,1102.97607421875,779.64697265625,1308.8739013671875
2191,647.3944702148438,787.076904296875,578.2221069335938,1101.97314453125,819.7736206054688,1364.541748046875
2192,653.2049560546875,763.5872192382812,674.6539916992188,1093.1123046875,880.3765869140625,1388.2535400390625
2193,646.4519653320312,742.9993896484375,720.2490234375,1061.536865234375,926.855224609375,1348.3927001953125
2194,630.8231201171875,737.417236328125,735.8573608398438,1034.56640625,924.4698486328125,1320.640625
2195,614.793212890625,744.7581176757812,742.947509765625,1027.21630859375,952.4820556640625,1292.1025390625
2196,616.3060302734375,762.0469360351562,729.1253051757812,1035.2528076171875,956.5799560546875,1270.7750244140625
2197,609.178955078125,772.2882080078125,698.2615966796875,1044.780029296875,953.2242431640625,1242.750732421875
2198,600.5252075195312,795.5505981445312,659.2423095703125,1060.7093505859375,922.9850463867188,1233.91943359375
2199,601.6878662109375,807.2224731445312,618.5149536132812,1058.7791748046875,877.8821411132812,1222.694580078125
2200,612.3369140625,807.782958984375,594.4006958007812,1059.2301025390625,843.2730712890625,1235.6209716796875
2201,607.8667602539062,805.7915649414062,565.3123779296875,1069.2398681640625,786.9332885742188,1264.2359619140625
2202,607.0368041992188,787.1074829101562,528.1153564453125,1063.3436279296875,737.0886840820312,1286.2239990234375
2203,608.2107543945312,784.0552368164062,501.1745910644531,1048.067138671875,641.2366333007812,1282.0703125
2204,595.9627685546875,761.0110473632812,509.1526184082031,1049.03466796875,603.2540283203125,1330.5645751953125
2205,595.678955078125,754.966552734375,504.24462890625,1048.1962890625,530.338623046875,1337.096923828125
2206,598.1635131835938,757.0938720703125,497.8090515136719,1069.4202880859375,481.85247802734375,1358.9609375
2207,617.6565551757812,762.00341796875,493.51153564453125,1086.47509765625,476.2185974121094,1356.8001708984375
2208,622.7972412109375,777.1510620117188,489.4625244140625,1120.1495361328125,496.8311462402344,1359.0364990234375
2209,605.11669921875,801.2651977539062,478.87310791015625,1159.642822265625,545.7603149414062,1355.4013671875
2210,589.0156860351562,827.2095336914062,481.8951416015625,1165.10400390625,607.8836669921875,1331.955078125
2211,599.8389282226562,839.5064086914062,502.3399963378906,1165.5245361328125,675.770751953125,1335.334716796875
2212,613.1543579101562,830.8798828125,527.628662109375,1121.1383056640625,758.2037353515625,1310.8494873046875
2213,613.1402587890625,808.97314453125,541.5803833007812,1106.4605712890625,784.3663940429688,1316.77978515625
2214,649.9310302734375,777.8704833984375,592.1502685546875,1086.9708251953125,817.509765625,1347.98779296875
2215,650.389404296875,768.6004028320312,663.5321655273438,1089.3665771484375,888.7758178710938,1378.8948974609375
2216,632.6019287109375,737.9715576171875,704.74169921875,1061.031982421875,926.05224609375,1349.1781005859375
2217,613.4212036132812,758.8707885742188,711.9591674804688,1028.715087890625,924.69384765625,1297.2216796875
2218,612.2276611328125,747.3224487304688,728.1884765625,1031.520751953125,945.8177490234375,1289.5936279296875
2219,610.6961669921875,767.5285034179688,715.4315185546875,1042.3778076171875,946.8920288085938,1265.984619140625
2220,596.7383422851562,785.7252197265625,678.626220703125,1056.082275390625,925.3090209960938,1238.5989990234375
2221,588.2620239257812,804.8695678710938,634.1770629882812,1068.4530029296875,895.5955810546875,1238.3289794921875
2222,596.6278076171875,813.7648315429688,602.3189086914062,1066.3192138671875,858.5789794921875,1237.647216796875
2223,603.2103881835938,798.9285278320312,572.124755859375,1062.73095703125,801.014892578125,1255.566650390625
2224,608.9251098632812,788.6766967773438,555.2531127929688,1063.9090576171875,770.8504028320312,1276.0064697265625
2225,602.572265625,781.941162109375,501.5754089355469,1051.137451171875,680.7211303710938,1280.14404296875
2226,593.1069946289062,773.4683227539062,493.2511901855469,1045.9228515625,606.6918334960938,1293.632080078125
2227,580.1815795898438,761.4302368164062,482.3268127441406,1049.1224365234375,546.4205932617188,1327.2857666015625
2228,589.2930297851562,752.4172973632812,488.1886901855469,1050.263427734375,488.8341979980469,1349.3980712890625
2229,599.0977172851562,753.1726684570312,486.3731689453125,1070.6986083984375,458.1389465332031,1362.153076171875
2230,613.7437133789062,758.0821533203125,479.241943359375,1096.2030029296875,469.7375793457031,1362.79541015625
2231,625.7476806640625,780.8179931640625,479.0602111816406,1136.48876953125,502.7828063964844,1365.3330078125
2232,603.9971313476562,811.7446899414062,465.49310302734375,1157.215576171875,546.5933837890625,1347.258544921875
2233,581.8571166992188,840.9644165039062,470.4027404785156,1179.624755859375,615.4664306640625,1351.6927490234375
2234,603.8926391601562,832.5421142578125,514.8391723632812,1156.7791748046875,702.2597045898438,1347.7232666015625
2235,614.9566040039062,813.35302734375,522.438720703125,1116.7491455078125,756.9721069335938,1326.3460693359375
2236,644.636962890625,794.2462158203125,544.1594848632812,1092.910400390625,772.686279296875,1340.0299072265625
2237,634.7972412109375,765.0379028320312,616.6266479492188,1088.4459228515625,846.8594970703125,1364.442626953125
2238,637.9554443359375,747.4846801757812,673.8709716796875,1080.8465576171875,893.483642578125,1381.192138671875
2239,623.9825439453125,733.81591796875,713.710205078125,1049.778076171875,921.586669921875,1329.204833984375
2240,602.4375,739.5403442382812,717.2828979492188,1026.9527587890625,924.3140258789062,1299.7459716796875
2241,601.4957885742188,749.3031616210938,717.1952514648438,1024.40625,937.85888671875,1270.795654296875
2242,609.6116333007812,757.7339477539062,699.7351684570312,1033.84619140625,921.4065551757812,1258.4857177734375
2243,600.1587524414062,771.0576782226562,669.7711181640625,1048.4561767578125,917.3805541992188,1244.376708984375
2244,597.5531616210938,801.4639892578125,627.2446899414062,1060.2906494140625,886.56396484375,1238.7608642578125
2245,602.3255004882812,802.0989990234375,594.3306274414062,1055.9014892578125,851.029052734375,1234.7938232421875
2246,609.480712890625,797.8231811523438,571.7393188476562,1055.955322265625,809.9051513671875,1248.26806640625
2247,604.809326171875,797.51806640625,541.211669921875,1068.7994384765625,781.390869140625,1285.620849609375
2248,603.1279296875,791.8209228515625,498.8441162109375,1051.767333984375,671.6343383789062,1270.468505859375
2249,597.5225830078125,773.3983154296875,499.84112548828125,1051.0880126953125,627.1890258789062,1307.719970703125
2250,598.2554321289062,767.7366333007812,496.8490295410156,1050.6884765625,563.4845581054688,1328.7275390625
2251,597.979248046875,760.2621459960938,489.9551696777344,1060.3848876953125,494.05902099609375,1357.110107421875
2252,606.3399047851562,769.8013916015625,486.1826477050781,1080.204345703125,459.8221435546875,1359.1505126953125
2253,613.0596313476562,779.0335693359375,477.8056945800781,1107.00048828125,473.8875732421875,1363.97314453125
2254,605.7353515625,798.23291015625,473.2770080566406,1142.5523681640625,527.316650390625,1340.55908203125
2255,585.49853515625,827.4708251953125,462.986572265625,1169.1146240234375,567.1802368164062,1351.577392578125
2256,589.4124755859375,844.6622314453125,476.02423095703125,1172.148681640625,632.4103393554688,1347.494873046875
2257,612.609130859375,840.7379760742188,519.9981689453125,1161.106201171875,725.641845703125,1350.4959716796875
2258,614.2042236328125,820.6435546875,553.0550537109375,1125.707763671875,777.2169799804688,1323.921142578125
2259,643.4606323242188,792.8807373046875,572.6785278320312,1110.11767578125,783.7994384765625,1363.2593994140625
2260,639.3389892578125,763.2180786132812,624.7012939453125,1081.6107177734375,843.6069946289062,1359.068115234375
2261,637.0838012695312,744.1138305664062,688.412841796875,1074.957275390625,894.4563598632812,1362.3585205078125
2262,625.02099609375,736.8546752929688,712.6181030273438,1037.8751220703125,893.8430786132812,1322.5107421875
2263,607.910888671875,745.1603393554688,727.932373046875,1028.068115234375,926.7343139648438,1290.405029296875
2264,605.8859252929688,757.7494506835938,716.7017211914062,1024.7581787109375,950.4735717773438,1263.108154296875
2265,600.90673828125,765.8267822265625,693.105224609375,1035.9615478515625,936.58740234375,1246.3046875
2266,596.287353515625,787.1464233398438,664.620849609375,1056.0467529296875,919.639892578125,1234.009521484375
2267,590.6336059570312,808.6740112304688,618.5433349609375,1062.8123779296875,880.4119873046875,1227.4053955078125
2268,604.4689331054688,802.1739501953125,587.86962890625,1056.298095703125,840.35888671875,1236.4481201171875
2269,610.021240234375,790.322998046875,563.291259765625,1061.091552734375,782.1064453125,1264.656005859375
2270,602.802001953125,783.2633056640625,530.6436767578125,1073.6488037109375,750.4442138671875,1307.2987060546875
2271,601.3195190429688,776.8103637695312,500.567138671875,1047.5069580078125,648.3085327148438,1278.5081787109375
2272,595.9320678710938,759.615966796875,503.4723815917969,1045.9139404296875,605.021484375,1325.5931396484375
2273,582.7230834960938,754.010986328125,487.91912841796875,1047.4068603515625,523.8593139648438,1325.246337890625
2274,606.2246704101562,751.6884765625,493.6370849609375,1058.6458740234375,484.65069580078125,1355.899169921875
2275,618.5013427734375,757.78857421875,491.5863952636719,1080.4302978515625,472.83197021484375,1359.0211181640625
2276,624.2449951171875,767.4863891601562,480.12249755859375,1105.8936767578125,492.5213317871094,1364.0372314453125
2277,632.6707763671875,788.31591796875,479.7371826171875,1153.9248046875,525.7962036132812,1376.7335205078125
2278,607.7144165039062,816.9928588867188,473.7764587402344,1153.376953125,593.031005859375,1341.0059814453125
2279,594.5763549804688,837.8571166992188,485.01153564453125,1168.509765625,655.0294189453125,1355.33349609375
2280,625.4296875,825.9554443359375,518.4633178710938,1141.85205078125,718.573974609375,1355.310791015625
2281,624.7615966796875,810.501953125,537.342041015625,1107.9931640625,770.0127563476562,1326.7430419921875
2282,645.0399780273438,783.2371826171875,589.1087646484375,1097.5169677734375,821.0535278320312,1361.772216796875
2283,652.1580200195312,762.71142578125,664.3387451171875,1098.3424072265625,880.3260498046875,1397.9635009765625
2284,647.951904296875,745.076171875,706.7197265625,1068.34716796875,917.6781005859375,1362.03125
2285,634.1774291992188,737.0765991210938,730.155029296875,1036.541748046875,924.3841552734375,1321.77978515625
2286,621.2718505859375,747.5990600585938,741.134765625,1032.4835205078125,948.4039916992188,1295.576416015625
2287,623.2428588867188,761.2164916992188,724.2451782226562,1032.8529052734375,954.8196411132812,1266.3328857421875
2288,613.0496215820312,771.8814697265625,695.1031494140625,1044.5654296875,954.18408203125,1242.498779296875
2289,607.6818237304688,795.8800659179688,662.1734008789062,1057.425048828125,919.1158447265625,1227.515380859375
2290,606.367431640625,807.4630737304688,618.4702758789062,1058.16845703125,878.6532592773438,1223.2689208984375
2291,619.474365234375,810.9435424804688,595.9678344726562,1053.93994140625,848.2615356445312,1226.55224609375
2292,622.4073486328125,804.9926147460938,564.7882080078125,1067.326171875,789.1235961914062,1263.1588134765625
2293,616.3343505859375,787.6714477539062,527.2953491210938,1062.521728515625,743.6876220703125,1284.292236328125
2294,620.2236938476562,780.567626953125,502.20391845703125,1050.5770263671875,643.2166748046875,1286.9066162109375
2295,619.4389038085938,760.3944091796875,506.4029235839844,1045.4715576171875,590.808837890625,1327.925537109375
2296,612.3193359375,751.9822998046875,497.6831359863281,1043.8516845703125,524.0887451171875,1329.8419189453125
2297,617.1135864257812,755.4163208007812,491.35137939453125,1064.956787109375,479.3709411621094,1354.642578125
2298,629.6254272460938,766.0376586914062,487.5010986328125,1086.26318359375,475.7884826660156,1358.551025390625
2299,632.408447265625,777.6390380859375,483.08984375,1113.2847900390625,496.30242919921875,1361.3331298828125
2300,624.0516357421875,797.4755859375,476.99029541015625,1152.64453125,546.5826416015625,1363.0299072265625
2301,603.715576171875,830.431640625,478.22113037109375,1161.77294921875,602.6416625976562,1347.8934326171875
2302,613.4788818359375,837.6993408203125,491.50482177734375,1155.9923095703125,669.544921875,1361.9747314453125
2303,627.4456787109375,825.6845092773438,529.275390625,1131.20263671875,742.2000732421875,1342.758056640625
2304,633.2816162109375,800.4971923828125,546.4962158203125,1103.28125,776.3682861328125,1329.6580810546875
2305,647.6353759765625,780.6004028320312,625.2482299804688,1099.794677734375,842.9851684570312,1380.5574951171875
2306,648.111083984375,755.8494873046875,680.3565673828125,1084.1781005859375,890.7066650390625,1381.312255859375
2307,654.9907836914062,764.612548828125,708.86865234375,1044.358642578125,898.7988891601562,1332.3765869140625
2308,631.99609375,742.6221923828125,740.8781127929688,1037.7523193359375,929.5665893554688,1315.012451171875
2309,628.0178833007812,752.4765014648438,742.0222778320312,1035.3905029296875,950.080078125,1294.364501953125
2310,623.53515625,762.8864135742188,711.8382568359375,1039.731201171875,943.3335571289062,1267.3114013671875
2311,615.4379272460938,780.7109985351562,685.7925415039062,1055.832275390625,931.0057983398438,1238.9000244140625
2312,608.194580078125,802.6348266601562,641.5400390625,1064.12646484375,899.7573852539062,1236.544921875
2313,613.9212646484375,811.7142333984375,594.9228515625,1058.35546875,851.9375610351562,1237.805419921875
2314,624.25830078125,805.178466796875,580.4617309570312,1056.813720703125,804.7465209960938,1244.76123046875
2315,619.6527709960938,792.037353515625,546.8775634765625,1065.9423828125,777.6727294921875,1285.8118896484375
2316,616.6676025390625,785.2320556640625,506.46856689453125,1047.7847900390625,670.885986328125,1273.0863037109375
2317,620.1123046875,776.406005859375,502.97509765625,1047.718017578125,603.9935302734375,1309.1492919921875
2318,605.6885375976562,756.69677734375,495.0548400878906,1042.794921875,543.7307739257812,1322.4814453125
2319,610.8672485351562,746.70849609375,497.2655944824219,1051.1400146484375,487.7267150878906,1349.1993408203125
2320,615.1146850585938,755.5133056640625,497.6464538574219,1070.732666015625,471.26422119140625,1356.16943359375
2321,629.1171264648438,765.57666015625,490.2895202636719,1094.980224609375,488.0854797363281,1360.1395263671875
2322,633.162353515625,783.3026733398438,487.4212646484375,1133.8450927734375,510.1934509277344,1370.681396484375
2323,606.9166870117188,811.1475219726562,477.61834716796875,1162.6824951171875,572.8260498046875,1354.6201171875
2324,594.6370239257812,837.6116333007812,488.0379638671875,1164.5802001953125,643.2343139648438,1332.4296875
2325,625.4783935546875,835.1629638671875,534.269287109375,1147.3885498046875,734.956787109375,1335.8607177734375
2326,629.5904541015625,816.1213989257812,547.5507202148438,1108.953125,779.4246826171875,1302.4132080078125
2327,649.465087890625,790.0107421875,572.5879516601562,1107.4600830078125,790.099609375,1355.947998046875
2328,660.7814331054688,776.5078735351562,642.2374877929688,1088.041259765625,868.08544921875,1368.9539794921875
2329,647.6181030273438,745.29931640625,695.8901977539062,1071.196533203125,907.0573120117188,1361.0994873046875
2330,631.3239135742188,755.3724365234375,715.3450317382812,1031.9468994140625,912.7424926757812,1314.4112548828125
2331,618.9135131835938,742.97119140625,738.00830078125,1029.40234375,936.998291015625,1300.564453125
2332,618.7156372070312,752.637451171875,736.5167236328125,1030.40625,959.9899291992188,1277.234619140625
2333,611.5474243164062,765.8128051757812,704.83203125,1037.9818115234375,946.9973754882812,1246.837158203125
2334,603.5386962890625,791.055419921875,670.7471313476562,1058.2447509765625,930.3549194335938,1235.736328125
2335,597.9808959960938,808.828857421875,625.2859497070312,1062.9239501953125,893.5611572265625,1221.0216064453125
2336,613.2876586914062,811.9991455078125,589.7210083007812,1057.2191162109375,845.16796875,1229.3719482421875
2337,622.2828369140625,794.2348022460938,567.286376953125,1052.819580078125,787.04541015625,1247.888427734375
2338,619.5065307617188,787.8922119140625,537.316650390625,1082.279296875,752.6078491210938,1316.50146484375
2339,611.627197265625,783.0335083007812,498.36346435546875,1047.17138671875,647.43212890625,1279.0682373046875
2340,604.2379760742188,765.48193359375,497.9798889160156,1047.986572265625,585.9437866210938,1323.7335205078125
2341,609.1857299804688,748.3682250976562,497.54400634765625,1038.2718505859375,524.3609619140625,1322.277099609375
2342,610.8408813476562,747.5241088867188,497.036865234375,1055.288330078125,479.7103271484375,1353.9814453125
2343,621.3041381835938,756.128173828125,495.27850341796875,1076.89697265625,463.7143249511719,1358.7728271484375
2344,626.0521850585938,768.8983154296875,486.53424072265625,1104.568359375,489.0000915527344,1360.40234375
2345,623.2772827148438,787.4813232421875,481.5523681640625,1148.1541748046875,520.4354248046875,1366.6502685546875
2346,597.195556640625,820.5349731445312,470.7047424316406,1170.056396484375,580.80615234375,1357.904052734375
2347,592.23388671875,834.01318359375,483.873779296875,1167.700927734375,641.1171264648438,1348.5181884765625
2348,622.1103515625,825.5722045898438,524.5695190429688,1148.98828125,722.1368408203125,1350.8853759765625
2349,615.5740356445312,810.5259399414062,535.2305908203125,1103.207763671875,771.952392578125,1311.160400390625
2350,644.7693481445312,786.0554809570312,579.4440307617188,1098.4356689453125,797.8478393554688,1351.6744384765625
2351,653.2218627929688,771.8677368164062,651.8746948242188,1096.310302734375,874.4676513671875,1385.9736328125
2352,640.3367919921875,742.5630493164062,700.2440795898438,1067.31591796875,907.833251953125,1356.90283203125
2353,630.5383911132812,734.759033203125,722.8361206054688,1035.0128173828125,916.7760009765625,1323.8887939453125
2354,616.650146484375,747.4998779296875,732.2747192382812,1028.418212890625,938.206787109375,1292.124755859375
2355,620.0824584960938,760.2962036132812,720.473388671875,1030.751708984375,953.5430297851562,1263.2808837890625
2356,609.2715454101562,771.5667114257812,685.7246704101562,1039.276123046875,936.5223999023438,1235.5260009765625
2357,603.2286987304688,795.739013671875,653.703369140625,1060.9378662109375,910.721923828125,1232.2255859375
2358,605.4183349609375,806.9967041015625,612.5810546875,1054.185302734375,876.6582641601562,1219.0872802734375
2359,619.5590209960938,799.2485961914062,592.5101318359375,1058.0364990234375,828.5004272460938,1240.8714599609375
2360,607.6854858398438,798.8177490234375,554.726806640625,1051.49560546875,780.9326171875,1235.4010009765625
2361,618.098876953125,784.408447265625,515.6670532226562,1050.802734375,711.7098999023438,1269.3519287109375
2362,613.0862426757812,776.6129150390625,495.3141174316406,1039.2093505859375,614.2924194335938,1282.552490234375
2363,599.0110473632812,759.4187622070312,489.327880859375,1039.62939453125,559.0669555664062,1320.135009765625
2364,600.1172485351562,747.5595703125,491.7398986816406,1037.228515625,494.51654052734375,1329.9276123046875
2365,609.3353881835938,748.56982421875,488.56475830078125,1060.5296630859375,460.1407470703125,1353.544677734375
2366,621.8970336914062,758.1465454101562,481.0560607910156,1086.394287109375,468.7502136230469,1351.409912109375
2367,624.9027099609375,773.466064453125,473.21759033203125,1119.9569091796875,487.01312255859375,1363.03857421875
2368,617.36962890625,792.61181640625,467.996337890625,1153.65869140625,526.5374755859375,1357.9088134765625
2369,589.3958129882812,828.2052612304688,462.88330078125,1160.3924560546875,587.48583984375,1338.71337890625
2370,595.835693359375,849.38818359375,473.4305419921875,1167.5625,653.6428833007812,1352.3988037109375
2371,616.44384765625,840.6983642578125,506.1900634765625,1124.48291015625,733.153564453125,1324.1964111328125
2372,616.9096069335938,814.916748046875,519.155517578125,1099.5369873046875,755.6021728515625,1324.741455078125
2373,634.54150390625,790.7092895507812,589.9967651367188,1095.281982421875,824.6991577148438,1353.62109375
2374,644.6079711914062,767.0372314453125,646.5408935546875,1091.9681396484375,875.0040893554688,1382.6304931640625
2375,627.0921020507812,738.364501953125,680.861328125,1055.810546875,871.20849609375,1353.6856689453125
2376,606.6526489257812,738.7391967773438,714.0269165039062,1038.6177978515625,901.9319458007812,1318.6287841796875
2377,600.7457275390625,747.2825927734375,719.6083374023438,1031.271728515625,924.8522338867188,1287.2586669921875
2378,605.9828491210938,758.7948608398438,706.4102783203125,1038.9169921875,928.2451782226562,1272.896484375
2379,587.7415161132812,767.7797241210938,676.3818969726562,1047.27880859375,920.4027709960938,1251.43798828125
2380,582.9129638671875,790.2747802734375,640.609375,1065.3292236328125,892.2771606445312,1240.54248046875
2381,596.039794921875,803.3272705078125,614.3768920898438,1066.1654052734375,870.479736328125,1237.8350830078125
2382,604.3250732421875,804.1000366210938,581.8408813476562,1072.8182373046875,821.3296508789062,1257.69287109375
2383,590.10986328125,789.7218017578125,531.6570434570312,1079.23583984375,745.4492797851562,1289.9549560546875
2384,598.9052124023438,787.5701293945312,518.4466552734375,1073.2978515625,730.3260498046875,1304.724609375
2385,602.7340698242188,783.37353515625,483.535400390625,1056.0086669921875,618.8721313476562,1300.5557861328125
2386,586.5330200195312,763.9125366210938,486.42535400390625,1052.4671630859375,573.3533935546875,1329.3321533203125
2387,579.529052734375,759.3734741210938,488.2621154785156,1064.1871337890625,508.9909973144531,1362.895263671875
2388,591.3695678710938,761.3983764648438,482.45159912109375,1073.631591796875,463.467041015625,1367.3477783203125
2389,600.5093994140625,768.0838623046875,475.34234619140625,1099.39111328125,459.336181640625,1369.295166015625
2390,612.3380126953125,787.6988525390625,468.031494140625,1131.922607421875,490.23297119140625,1366.337890625
2391,603.817626953125,799.3585205078125,466.0198974609375,1152.3336181640625,530.5872192382812,1353.1395263671875
2392,577.5115356445312,832.6162719726562,463.00213623046875,1167.4609375,597.82763671875,1345.338134765625
2393,593.1756591796875,831.9737548828125,482.81005859375,1168.16650390625,647.4906005859375,1364.560302734375
2394,612.3483276367188,821.2711181640625,529.764404296875,1126.2965087890625,744.6884765625,1337.2601318359375
2395,608.9641723632812,802.5195922851562,521.486083984375,1091.2225341796875,757.5361328125,1315.716064453125
2396,636.2274169921875,776.5116577148438,614.432373046875,1093.14892578125,833.437744140625,1362.740966796875
2397,631.58740234375,746.7440185546875,664.826904296875,1084.6837158203125,882.6630249023438,1379.6251220703125
2398,620.664794921875,732.7438354492188,697.6329345703125,1056.464599609375,904.7717895507812,1338.7049560546875
2399,600.4302978515625,738.3142700195312,715.109375,1029.063720703125,908.2818603515625,1297.8316650390625
2400,595.338134765625,747.5726318359375,716.9981689453125,1024.040771484375,930.3067626953125,1265.7216796875
2401,595.7431640625,763.370361328125,703.5371704101562,1037.1947021484375,928.8944091796875,1250.0262451171875
2402,586.9627685546875,778.5060424804688,668.5618896484375,1049.6431884765625,920.7276000976562,1227.2274169921875
2403,582.0990600585938,802.8067016601562,634.1445922851562,1061.77294921875,889.7968139648438,1215.328857421875
2404,586.7962646484375,800.4869384765625,589.5782470703125,1061.43603515625,840.5557250976562,1234.38330078125
2405,603.178466796875,792.4320068359375,573.1755981445312,1062.0418701171875,801.6372680664062,1253.032470703125
2406,596.8348388671875,794.7094116210938,532.92626953125,1078.663818359375,751.1555786132812,1299.61767578125
2407,601.264892578125,784.2677001953125,499.4923400878906,1052.302734375,679.1380615234375,1275.7239990234375
2408,588.7608642578125,774.0964965820312,483.5184631347656,1045.1378173828125,603.5907592773438,1292.19189453125
2409,580.5573120117188,760.456787109375,485.03118896484375,1052.6982421875,545.3306274414062,1331.926513671875
2410,592.6431884765625,752.4495239257812,494.5289611816406,1058.64111328125,488.417724609375,1354.3448486328125
2411,598.0411376953125,755.8555908203125,490.1136474609375,1071.748046875,461.6157531738281,1360.026611328125
2412,608.3410034179688,763.1370849609375,485.65423583984375,1101.698486328125,473.40106201171875,1369.6929931640625
2413,616.7242431640625,787.1436767578125,479.7550048828125,1143.041748046875,511.0721740722656,1378.7547607421875
2414,592.3429565429688,814.759521484375,466.0232849121094,1168.2166748046875,561.15087890625,1368.5604248046875
2415,584.857177734375,837.8716430664062,475.3765869140625,1172.7601318359375,630.5426635742188,1354.1912841796875
2416,619.5889892578125,827.8591918945312,511.0328369140625,1153.9892578125,700.1279296875,1364.2015380859375
2417,621.0796508789062,811.2603149414062,536.2578735351562,1115.1929931640625,769.1044921875,1324.5726318359375
2418,650.7442626953125,788.93359375,565.5768432617188,1111.059814453125,779.1527709960938,1368.1026611328125
2419,658.396728515625,777.1751098632812,627.1276245117188,1093.487548828125,857.299072265625,1385.4014892578125
2420,653.5830078125,741.162353515625,677.4830932617188,1066.763916015625,875.583984375,1383.8111572265625
2421,630.1318969726562,731.6975708007812,730.4974975585938,1052.0972900390625,937.3400268554688,1335.8240966796875
2422,622.3477172851562,740.16455078125,740.259765625,1034.0430908203125,934.0792846679688,1308.25732421875
2423,617.6751098632812,752.480712890625,731.9843139648438,1033.480224609375,955.1561279296875,1283.853515625
2424,614.5120239257812,763.5294799804688,700.1990356445312,1037.1002197265625,942.2946166992188,1243.640625
2425,609.3675537109375,780.4866943359375,673.1324462890625,1051.811279296875,930.9136962890625,1239.8206787109375
2426,605.3306884765625,803.3865966796875,634.2806396484375,1060.35400390625,898.3500366210938,1225.1209716796875
2427,612.157470703125,808.57763671875,596.490478515625,1059.1761474609375,852.8287353515625,1233.9810791015625
2428,621.917724609375,798.5057373046875,576.5249633789062,1069.3572998046875,800.8482055664062,1266.45751953125
2429,619.5444946289062,789.1951904296875,538.1920166015625,1073.719970703125,759.9943237304688,1296.6517333984375
2430,623.9397583007812,783.9820556640625,509.86322021484375,1045.259033203125,664.9664306640625,1277.61083984375
2431,607.65234375,764.4295043945312,501.3251953125,1045.9727783203125,595.24658203125,1322.2159423828125
2432,607.5633544921875,749.0546875,504.4508056640625,1034.583740234375,544.8857421875,1318.43896484375
2433,612.8600463867188,749.4630126953125,503.2303161621094,1055.61865234375,485.65228271484375,1357.9603271484375
2434,617.8114013671875,756.8480834960938,500.3246154785156,1074.3768310546875,479.297607421875,1357.868408203125
2435,631.4161376953125,773.3292846679688,494.29278564453125,1103.4444580078125,497.91943359375,1362.8126220703125
2436,627.5120239257812,787.7305908203125,489.2726745605469,1146.223388671875,541.2145385742188,1355.0706787109375
2437,592.2821044921875,824.5869140625,449.61614990234375,1166.54443359375,575.7735595703125,1320.875732421875
2438,597.4955444335938,839.1553955078125,500.6640930175781,1161.5599365234375,672.5589599609375,1336.0411376953125
2439,635.9918823242188,828.3812255859375,538.8812255859375,1141.111572265625,748.0646362304688,1340.792724609375
2440,630.6865234375,810.5068969726562,551.4212036132812,1102.2515869140625,796.69482421875,1311.108642578125
2441,652.2216796875,791.3583984375,584.4906005859375,1100.0614013671875,823.91162109375,1360.2235107421875
2442,656.3062133789062,777.83349609375,661.83203125,1091.3768310546875,896.9374389648438,1376.7166748046875
2443,657.2882080078125,744.55908203125,700.3040161132812,1056.1007080078125,909.8818359375,1362.2982177734375
2444,635.4553833007812,743.1951293945312,729.6456909179688,1041.5379638671875,931.1163940429688,1325.60302734375
2445,618.5223388671875,752.2402954101562,744.9790649414062,1030.9658203125,959.6013793945312,1294.9630126953125
2446,622.3375854492188,764.0746459960938,726.955810546875,1035.5308837890625,964.4404907226562,1270.639892578125
2447,615.2825317382812,780.991943359375,692.980712890625,1049.4346923828125,949.7326049804688,1247.7254638671875
2448,603.8529052734375,797.2608642578125,654.7468872070312,1066.3623046875,919.538818359375,1253.4761962890625
2449,605.5852661132812,815.6629028320312,612.3973999023438,1061.830810546875,885.4525146484375,1231.1876220703125
2450,626.7886962890625,809.8233642578125,600.9765014648438,1063.571044921875,840.8963012695312,1247.4046630859375
2451,620.1220703125,802.5891723632812,567.0188598632812,1072.974609375,795.9007568359375,1284.153076171875
2452,615.14111328125,796.2682495117188,529.1392822265625,1063.976806640625,747.1843872070312,1288.8271484375
2453,609.8565673828125,770.3453979492188,509.1710205078125,1042.822998046875,639.1400756835938,1296.9814453125
2454,601.2764282226562,759.2965087890625,502.1549377441406,1040.8897705078125,575.8602905273438,1319.60009765625
2455,601.50341796875,752.0585327148438,493.9019470214844,1046.53564453125,496.3494873046875,1346.63916015625
2456,607.2476196289062,758.2806396484375,490.88592529296875,1069.130126953125,463.8575439453125,1354.6263427734375
2457,621.3541259765625,764.622314453125,483.6630554199219,1086.234619140625,475.2005310058594,1352.167236328125
2458,627.6226196289062,774.6117553710938,476.5423278808594,1119.3070068359375,495.071044921875,1359.420166015625
2459,608.7400512695312,804.7984008789062,473.4864807128906,1157.247802734375,550.4653930664062,1349.3704833984375
2460,592.4302368164062,837.50537109375,477.3124694824219,1165.0230712890625,603.4820556640625,1329.733642578125
2461,604.1012573242188,839.2633666992188,503.07489013671875,1160.955810546875,683.491455078125,1347.3343505859375
2462,604.9725341796875,824.6129760742188,519.7871704101562,1109.867919921875,742.6924438476562,1303.0137939453125
2463,615.33447265625,800.259521484375,525.5861206054688,1093.8570556640625,757.177001953125,1318.834716796875
2464,640.285400390625,781.6343994140625,612.8299560546875,1094.7366943359375,835.1027221679688,1365.7413330078125
2465,643.2216796875,754.48974609375,667.8274536132812,1082.6309814453125,882.7465209960938,1377.87744140625
2466,625.5667114257812,734.3917236328125,705.3873901367188,1053.6383056640625,911.2679443359375,1333.44287109375
2467,615.2579956054688,739.78076171875,720.944091796875,1030.3521728515625,911.1927490234375,1302.2952880859375
2468,606.188232421875,743.766357421875,717.8067016601562,1021.072998046875,937.168212890625,1267.0316162109375
2469,606.8701171875,760.5716552734375,701.9666748046875,1036.0672607421875,925.6529541015625,1252.03125
2470,590.454833984375,773.9000244140625,666.8496704101562,1046.413818359375,916.508056640625,1228.1427001953125
2471,589.11328125,798.1519775390625,627.0243530273438,1059.21826171875,881.6539916992188,1225.2327880859375
2472,594.4910888671875,800.138671875,587.166748046875,1063.2615966796875,838.8746948242188,1243.49462890625
2473,605.4551391601562,796.6591796875,569.4845581054688,1053.4771728515625,783.9776000976562,1247.1116943359375
2474,608.37841796875,787.1953735351562,535.5360717773438,1078.2247314453125,752.3763427734375,1308.2117919921875
2475,607.6595458984375,780.4605102539062,496.97894287109375,1049.5731201171875,655.2593994140625,1280.7681884765625
2476,590.6242065429688,766.0169677734375,489.11297607421875,1047.7994384765625,597.3953857421875,1310.3228759765625
2477,587.5429077148438,749.447265625,491.7568359375,1043.2481689453125,539.059326171875,1326.7796630859375
2478,593.87548828125,752.2952270507812,493.44390869140625,1063.61865234375,482.7117919921875,1361.5548095703125
2479,601.3145751953125,753.6491088867188,489.43682861328125,1077.3231201171875,458.10205078125,1365.24169921875
2480,614.707275390625,771.0194091796875,478.2708435058594,1110.35888671875,466.9601745605469,1373.19580078125
2481,616.17041015625,788.2489624023438,472.68768310546875,1147.3773193359375,507.4661865234375,1385.485107421875
2482,590.1484985351562,819.52294921875,459.85943603515625,1172.265380859375,556.6565551757812,1359.815185546875
2483,578.0489501953125,837.3882446289062,469.8160400390625,1176.1317138671875,623.3073120117188,1357.498779296875
2484,610.8690185546875,829.8944702148438,506.513427734375,1159.90380859375,697.0399169921875,1368.4130859375
2485,620.3585815429688,812.4049682617188,543.3258056640625,1119.2777099609375,778.1641845703125,1326.4307861328125
2486,642.0802001953125,786.5430908203125,567.851806640625,1113.2462158203125,784.8461303710938,1373.9764404296875
2487,639.9659423828125,762.1563720703125,621.6265258789062,1085.2119140625,843.9640502929688,1370.6256103515625
2488,643.3148193359375,740.9827880859375,689.1581420898438,1081.39892578125,897.937744140625,1378.5772705078125
2489,624.165283203125,729.9230346679688,725.3870849609375,1048.830078125,936.7744140625,1329.853515625
2490,615.2376708984375,741.6405029296875,737.2380981445312,1038.3431396484375,932.489013671875,1312.41064453125
2491,616.958251953125,749.15576171875,733.3967895507812,1035.139404296875,962.1489868164062,1289.20751953125
2492,616.3433837890625,764.012939453125,704.77490234375,1043.098876953125,944.0870361328125,1256.1812744140625
2493,609.2261352539062,786.5237426757812,674.4967651367188,1059.12109375,926.756103515625,1245.286376953125
2494,605.3137817382812,804.7808227539062,630.5560302734375,1065.987060546875,893.7885131835938,1233.19189453125
2495,614.9454345703125,809.707275390625,597.6181640625,1062.7796630859375,849.8529052734375,1242.2647705078125
2496,627.6754150390625,796.0765380859375,585.6212768554688,1064.6368408203125,808.0878295898438,1263.7957763671875
2497,630.7880249023438,788.499755859375,550.0786743164062,1086.6566162109375,758.937744140625,1328.560546875
2498,630.3557739257812,783.5535278320312,517.632568359375,1053.890625,675.90478515625,1289.7518310546875
2499,615.447265625,766.025390625,508.9383850097656,1052.565673828125,603.3535766601562,1323.7391357421875
2500,615.6869506835938,752.3676147460938,516.35888671875,1048.0999755859375,550.247314453125,1333.5462646484375
2501,622.5047607421875,749.3309326171875,514.9196166992188,1059.899658203125,497.93408203125,1358.2955322265625
2502,630.9334716796875,758.98828125,511.2905578613281,1082.2508544921875,481.1399230957031,1364.2188720703125
2503,640.7808837890625,769.292724609375,502.94708251953125,1103.4310302734375,504.4697570800781,1365.489501953125
2504,645.9287109375,782.89013671875,505.4940490722656,1144.6246337890625,540.3994140625,1369.7222900390625
2505,603.3158569335938,814.1130981445312,464.2980651855469,1159.9534912109375,588.7191162109375,1334.668701171875
2506,611.3492431640625,836.3842163085938,508.2216796875,1164.261474609375,674.925537109375,1351.6903076171875
2507,649.5880126953125,830.01220703125,556.2097778320312,1147.2989501953125,776.02294921875,1357.5450439453125
2508,644.155029296875,808.3804931640625,557.2439575195312,1108.5850830078125,817.781982421875,1326.109375
2509,663.3529052734375,788.023681640625,615.0882568359375,1104.1083984375,837.2722778320312,1371.0048828125
2510,674.1395263671875,770.8784790039062,689.0552368164062,1098.3319091796875,906.0869750976562,1392.62353515625
2511,673.3663940429688,747.0866088867188,723.44091796875,1058.8048095703125,925.1959228515625,1355.1376953125
2512,653.138671875,745.0825805664062,752.8235473632812,1044.896240234375,944.8200073242188,1327.0975341796875
2513,648.70947265625,780.2622680664062,761.1165161132812,1036.75927734375,968.8348388671875,1300.7611083984375
2514,639.19775390625,764.9837036132812,744.7003784179688,1042.845947265625,968.9141235351562,1277.8028564453125
2515,632.126220703125,777.4194946289062,701.9796142578125,1050.29833984375,949.3837280273438,1253.702880859375
2516,623.9758911132812,799.6475830078125,664.5875244140625,1058.7037353515625,922.71923828125,1227.9122314453125
2517,625.6241455078125,807.8080444335938,619.5952758789062,1047.0006103515625,886.6520385742188,1215.0836181640625
2518,644.1257934570312,797.5409545898438,607.5476684570312,1054.6053466796875,838.86328125,1247.4512939453125
2519,631.2786254882812,799.6602783203125,572.2993774414062,1073.151123046875,799.4360961914062,1281.4464111328125
2520,630.014404296875,791.25732421875,529.3921508789062,1054.969970703125,708.0562744140625,1276.013671875
2521,628.6203002929688,771.744873046875,527.9464721679688,1045.6265869140625,645.0201416015625,1302.27734375
2522,625.10888671875,760.4086303710938,513.1224365234375,1048.66552734375,571.3873901367188,1328.790283203125
2523,625.6443481445312,752.3953857421875,509.139404296875,1047.9873046875,510.221923828125,1341.6485595703125
2524,636.9052734375,755.6779174804688,506.56951904296875,1070.6121826171875,480.4606018066406,1350.509765625
2525,645.045166015625,762.7741088867188,500.4398193359375,1089.4677734375,489.1103210449219,1354.475830078125
2526,650.4955444335938,780.0538330078125,500.4352111816406,1131.887451171875,515.2872314453125,1370.3948974609375
2527,622.845947265625,803.7295532226562,465.4606018066406,1154.4703369140625,550.777587890625,1337.8111572265625
2528,613.8369750976562,839.2210693359375,493.0801696777344,1162.4432373046875,638.421142578125,1352.249267578125
2529,640.845947265625,837.7025756835938,534.6403198242188,1158.5703125,720.1322631835938,1373.3328857421875
2530,640.9500732421875,824.6734008789062,548.4288330078125,1122.8179931640625,773.1141357421875,1338.6181640625
2531,655.6078491210938,801.357421875,583.7254028320312,1114.4473876953125,797.773193359375,1367.99267578125
2532,670.6571655273438,778.0726318359375,654.6981811523438,1097.71142578125,857.6134643554688,1386.496337890625
2533,675.1033325195312,754.1924438476562,708.9431762695312,1075.9205322265625,905.9447021484375,1370.7366943359375
2534,654.6447143554688,740.9247436523438,747.1583862304688,1049.7645263671875,945.9744873046875,1331.01708984375
2535,641.8381958007812,745.227783203125,758.10791015625,1036.7445068359375,948.4788818359375,1312.07861328125
2536,647.6314086914062,776.8748168945312,747.8729248046875,1034.19189453125,963.2620239257812,1290.678955078125
2537,636.8053588867188,763.8989868164062,726.1405639648438,1038.4163818359375,950.76513671875,1261.471435546875
2538,630.0342407226562,781.106201171875,689.9277954101562,1047.4246826171875,943.2094116210938,1236.51953125
2539,621.55615234375,799.5084228515625,654.0460205078125,1054.5516357421875,909.6080932617188,1215.5089111328125
2540,635.4268798828125,808.1995849609375,612.9677124023438,1050.690673828125,868.6292724609375,1223.272705078125
2541,642.2698974609375,800.2620849609375,598.890380859375,1055.630615234375,826.282470703125,1248.25830078125
2542,633.2901611328125,793.6107788085938,549.5443115234375,1081.2568359375,775.450927734375,1311.2301025390625
2543,617.5704345703125,773.2000122070312,552.1708374023438,1065.7166748046875,689.8485717773438,1304.94140625
2544,619.4120483398438,770.9088134765625,524.7047729492188,1053.130859375,639.83447265625,1314.4912109375
2545,617.0702514648438,757.2227172851562,514.0181274414062,1054.342041015625,567.3765258789062,1346.504638671875
2546,621.6857299804688,759.3839721679688,514.3375854492188,1062.967529296875,506.65521240234375,1350.477294921875
2547,635.0758666992188,763.4653930664062,508.3106689453125,1084.1019287109375,484.43115234375,1361.5906982421875
2548,645.9788208007812,772.1387939453125,504.85760498046875,1112.0859375,498.6669616699219,1373.0548095703125
2549,629.456298828125,788.6943969726562,489.26824951171875,1152.555419921875,526.1703491210938,1362.0264892578125
2550,601.633544921875,823.1149291992188,461.9293518066406,1166.10498046875,590.0178833007812,1333.311767578125
2551,615.8822021484375,836.9229125976562,506.0264587402344,1167.81005859375,664.833984375,1358.525146484375
2552,647.45263671875,827.8914184570312,557.71435546875,1150.1568603515625,766.182861328125,1364.27783203125
2553,643.4215087890625,808.436279296875,568.1539916992188,1108.132080078125,823.6030883789062,1316.9285888671875
2554,665.1580810546875,780.208251953125,616.2297973632812,1104.065673828125,834.8223876953125,1379.56787109375
2555,665.9861450195312,763.03564453125,682.7893676757812,1099.12109375,909.1690063476562,1395.954833984375
2556,668.1429443359375,739.163330078125,721.037841796875,1057.4453125,927.5067138671875,1357.385986328125
2557,649.7245483398438,736.6265869140625,752.6345825195312,1039.7286376953125,946.9244995117188,1324.632568359375
2558,637.4019165039062,745.4674682617188,764.3947143554688,1030.28759765625,979.0116577148438,1299.450439453125
2559,635.1409301757812,761.7039184570312,745.6008911132812,1039.310302734375,978.1192626953125,1275.275390625
2560,625.5435180664062,785.2965087890625,708.0003051757812,1051.913818359375,965.93994140625,1251.98876953125
2561,619.782470703125,791.5394897460938,675.052001953125,1057.9505615234375,934.9660034179688,1243.427734375
2562,617.623046875,806.4699096679688,633.113037109375,1048.6849365234375,895.8480834960938,1214.539306640625
2563,635.0303344726562,797.2691040039062,607.6749877929688,1053.7486572265625,838.5540161132812,1245.05322265625
2564,620.2073364257812,798.5593872070312,573.217529296875,1066.8402099609375,807.2158813476562,1261.7200927734375
2565,628.3903198242188,780.9717407226562,536.4097900390625,1048.125732421875,732.9767456054688,1266.4310302734375
2566,622.654541015625,769.3836059570312,534.6929321289062,1042.970947265625,655.5470581054688,1300.77685546875
2567,613.0105590820312,755.9601440429688,520.8250122070312,1043.4053955078125,588.8419799804688,1324.064697265625
2568,614.0177001953125,747.6951904296875,518.1959838867188,1047.42578125,515.1682739257812,1344.139892578125
2569,627.8969116210938,752.022216796875,518.4224853515625,1066.7452392578125,479.70263671875,1358.9190673828125
2570,633.4320678710938,764.50048828125,507.7375793457031,1090.893798828125,492.7326965332031,1355.4935302734375
2571,643.4332275390625,779.4425048828125,503.2130432128906,1128.0985107421875,515.7797241210938,1361.8231201171875
2572,607.177978515625,809.7235717773438,465.28106689453125,1162.63623046875,557.0972900390625,1325.830810546875
2573,609.882080078125,837.4991455078125,496.12994384765625,1161.2379150390625,643.8592529296875,1348.1148681640625
2574,640.875,842.1492919921875,548.3016357421875,1159.7578125,746.7156372070312,1359.1973876953125
2575,637.2028198242188,819.049072265625,563.8653564453125,1121.1851806640625,800.4776611328125,1332.482177734375
2576,647.9064331054688,792.3655395507812,582.4652709960938,1105.7664794921875,813.8675537109375,1357.3525390625
2577,671.2522583007812,765.9545288085938,655.4215698242188,1095.102783203125,866.9155883789062,1383.7222900390625
2578,673.2354125976562,745.65234375,709.63232421875,1071.7596435546875,906.173095703125,1361.555908203125
2579,652.79833984375,738.8069458007812,746.0582885742188,1045.68896484375,942.973388671875,1324.364013671875
2580,643.42041015625,740.9921875,758.2059326171875,1032.08544921875,953.6490478515625,1303.9522705078125
2581,643.8740234375,754.3905639648438,757.8623657226562,1034.45556640625,971.0502319335938,1285.8944091796875
2582,636.1521606445312,765.1325073242188,724.2532958984375,1036.5623779296875,952.2161865234375,1251.1058349609375
2583,625.436279296875,784.2116088867188,686.3256225585938,1045.922607421875,941.6288452148438,1226.1544189453125
2584,618.3494873046875,803.9758911132812,651.169189453125,1055.6890869140625,910.3251953125,1225.9364013671875
2585,635.1708984375,800.6982421875,619.1340942382812,1051.7939453125,870.9515991210938,1229.81494140625
2586,636.8501586914062,804.719970703125,600.6131591796875,1067.506103515625,833.06396484375,1258.3568115234375
2587,625.7930908203125,790.0940551757812,544.3262329101562,1066.587646484375,770.1121215820312,1284.58251953125
2588,619.0698852539062,773.6259155273438,554.5086059570312,1058.01708984375,688.4637451171875,1294.7379150390625
2589,622.3223876953125,764.9810180664062,530.4710083007812,1044.4644775390625,640.1103515625,1307.551513671875
2590,618.4934692382812,756.2590942382812,521.3031616210938,1046.0748291015625,569.349609375,1331.253662109375
2591,622.2925415039062,756.1190795898438,521.6531372070312,1064.766845703125,512.9280395507812,1357.5802001953125
2592,650.2091674804688,759.816650390625,524.7748413085938,1074.8878173828125,501.8619689941406,1356.556396484375
2593,640.3765258789062,777.3228149414062,516.5199584960938,1108.4832763671875,514.5626220703125,1359.936767578125
2594,639.7554931640625,790.8938598632812,511.4032287597656,1149.3087158203125,546.9473266601562,1357.3267822265625
2595,612.5491943359375,822.8285522460938,485.4178161621094,1163.6085205078125,622.5623779296875,1327.490478515625
2596,634.5060424804688,845.8610229492188,518.4837646484375,1166.55126953125,680.0851440429688,1359.636474609375
2597,659.9328002929688,834.6060791015625,579.523193359375,1136.3006591796875,810.561767578125,1344.18310546875
2598,650.7005004882812,817.6983032226562,575.5177612304688,1112.77294921875,828.6185302734375,1323.589599609375
2599,671.1913452148438,790.2774047851562,629.3101196289062,1100.4874267578125,856.6973876953125,1366.69921875
2600,679.04150390625,770.4662475585938,697.20703125,1096.75341796875,919.224609375,1383.962646484375
2601,677.88330078125,745.0927734375,730.9698486328125,1054.423095703125,937.7452392578125,1346.10107421875
2602,661.1682739257812,743.4952392578125,760.2312622070312,1038.01904296875,960.5006103515625,1319.1309814453125
2603,646.8678588867188,772.2042846679688,760.7638549804688,1029.1754150390625,969.9627685546875,1294.0572509765625
2604,643.5076293945312,761.9932250976562,741.7838745117188,1039.275146484375,970.6582641601562,1270.5479736328125
2605,635.0924682617188,776.2930297851562,706.20703125,1045.82421875,955.256103515625,1244.2987060546875
2606,624.2542114257812,800.44140625,671.5845947265625,1054.48974609375,925.8424682617188,1222.744384765625
2607,627.455078125,811.4890747070312,623.0670776367188,1046.941162109375,885.6992797851562,1211.8087158203125
2608,644.4949951171875,805.755126953125,604.070068359375,1056.259521484375,837.7421875,1247.8095703125
2609,630.5655517578125,808.9700927734375,562.1621704101562,1089.2930908203125,793.0442504882812,1306.39501953125
2610,629.3906860351562,798.608154296875,517.9949340820312,1056.5496826171875,678.7933959960938,1272.9190673828125
2611,632.3615112304688,778.1870727539062,521.6442260742188,1048.2275390625,626.13720703125,1308.15576171875
2612,615.4892578125,768.2376708984375,508.0386047363281,1047.92236328125,555.1724853515625,1323.0084228515625
2613,613.6159057617188,761.3531494140625,501.8738708496094,1059.837158203125,492.6609191894531,1356.4442138671875
2614,623.947998046875,763.8856201171875,497.18536376953125,1079.814453125,470.5232238769531,1360.6724853515625
2615,628.1223754882812,777.8820190429688,487.4478454589844,1108.9910888671875,481.042236328125,1366.5311279296875
2616,636.0286254882812,789.8292846679688,483.57110595703125,1151.2330322265625,523.8667602539062,1364.7412109375
2617,609.3031616210938,821.1982421875,476.2698669433594,1172.2811279296875,577.6282348632812,1352.287353515625
2618,585.6484375,845.855712890625,482.5260314941406,1179.60595703125,650.8212280273438,1346.0328369140625
2619,611.92138671875,834.4859619140625,521.502685546875,1156.50439453125,733.369140625,1352.6748046875
2620,603.355224609375,820.4727783203125,522.3748168945312,1112.230712890625,781.9348754882812,1311.12548828125
2621,630.1298217773438,796.8590698242188,573.4672241210938,1105.7518310546875,835.7080078125,1364.16162109375
2622,632.0162353515625,774.8208618164062,657.709716796875,1103.6796875,891.1875610351562,1409.6951904296875
2623,619.4179077148438,750.180419921875,686.1644287109375,1059.268798828125,890.3671875,1365.0263671875
2624,586.5306396484375,745.4009399414062,702.9924926757812,1034.15380859375,916.9464111328125,1318.157958984375
2625,575.0250854492188,776.7925415039062,704.208984375,1025.1412353515625,941.6343994140625,1282.23486328125
2626,557.2747192382812,784.72509765625,677.322265625,1028.431396484375,939.40234375,1246.6202392578125
2627,539.4053344726562,780.5747680664062,636.1242065429688,1033.7841796875,909.9343872070312,1211.7879638671875
2628,523.2893676757812,807.5606689453125,599.2824096679688,1049.7862548828125,869.969482421875,1211.56103515625
2629,511.56976318359375,824.7381591796875,532.0735473632812,1048.72802734375,796.7077026367188,1205.6793212890625
2630,533.5844116210938,813.5733032226562,515.8829956054688,1061.2882080078125,748.9786376953125,1238.558349609375
2631,516.9495239257812,808.7051391601562,469.8241882324219,1074.791748046875,699.0671997070312,1264.338134765625
2632,508.8446960449219,793.1383666992188,420.8506164550781,1057.36376953125,628.72119140625,1271.3232421875
2633,479.45904541015625,779.991455078125,385.7015380859375,1047.456298828125,519.2759399414062,1289.18017578125
2634,470.86376953125,766.41455078125,383.60772705078125,1048.6676025390625,475.947998046875,1322.73095703125
2635,465.8114318847656,759.077392578125,375.99517822265625,1055.2353515625,398.03204345703125,1342.0914306640625
2636,470.8572692871094,760.3884887695312,369.464111328125,1086.466064453125,354.076171875,1359.062744140625
2637,475.9501647949219,773.7099609375,355.78839111328125,1118.293212890625,342.51800537109375,1359.047119140625
2638,463.5128479003906,794.5567016601562,345.81353759765625,1158.603515625,384.5308532714844,1342.91650390625
2639,444.810791015625,818.8477172851562,338.16107177734375,1186.9632568359375,422.265380859375,1325.2371826171875
2640,438.4421081542969,852.1923217773438,358.9244384765625,1175.046630859375,509.62115478515625,1360.994384765625
2641,448.8328857421875,841.1325073242188,414.1557312011719,1150.1851806640625,647.7905883789062,1337.680419921875
2642,442.36871337890625,827.8929443359375,406.7518615722656,1120.11328125,667.30517578125,1322.411865234375
2643,460.7597351074219,799.037841796875,413.7261962890625,1110.034423828125,657.9671020507812,1357.6912841796875
2644,463.7962646484375,772.5813598632812,492.8905334472656,1103.9439697265625,734.8797607421875,1383.8724365234375
2645,458.25543212890625,741.779052734375,553.6088256835938,1066.2227783203125,756.9609985351562,1352.401611328125
2646,432.3365478515625,725.474365234375,576.4774169921875,1033.99072265625,764.8792114257812,1315.253662109375
2647,411.6988220214844,744.9525146484375,575.9736328125,1024.9398193359375,800.71533203125,1284.9959716796875
2648,407.6005859375,758.0176391601562,555.1646118164062,1021.4624633789062,804.5198364257812,1245.951416015625
2649,397.978271484375,782.2482299804688,525.360595703125,1031.3497314453125,790.3084716796875,1201.8389892578125
2650,392.75,804.0628051757812,477.6453857421875,1052.8504638671875,742.7527465820312,1205.0789794921875
2651,378.47589111328125,832.8514404296875,427.1111755371094,1054.1865234375,697.3374633789062,1192.209716796875
2652,378.19720458984375,817.184326171875,391.787109375,1044.7381591796875,652.6825561523438,1201.0491943359375
2653,386.9309997558594,797.0940551757812,367.94293212890625,1059.6917724609375,597.5596313476562,1260.53173828125
2654,386.8368835449219,786.9702758789062,313.2359313964844,1049.11962890625,512.875732421875,1257.765380859375
2655,369.6302490234375,776.3383178710938,297.3951721191406,1037.5015869140625,427.0206604003906,1264.3946533203125
2656,364.7566223144531,760.4575805664062,288.834228515625,1039.8232421875,375.54559326171875,1313.3011474609375
2657,362.3526611328125,757.0206909179688,287.6197814941406,1058.778076171875,303.906494140625,1336.9306640625
2658,390.0608825683594,741.1502075195312,297.032958984375,1068.0167236328125,265.720947265625,1348.337646484375
2659,395.28863525390625,747.6596069335938,285.383056640625,1104.19091796875,261.01361083984375,1359.30908203125
2660,379.5710754394531,777.4471435546875,267.849609375,1142.4676513671875,281.26544189453125,1345.75390625
2661,354.79248046875,807.15966796875,249.3243865966797,1166.4356689453125,316.3374328613281,1310.9432373046875
2662,349.6624450683594,839.0218505859375,288.9511413574219,1144.9368896484375,431.59088134765625,1294.35791015625
2663,367.0309753417969,841.8385620117188,308.1780700683594,1140.8858642578125,527.911376953125,1309.1279296875
2664,359.9295959472656,830.3497924804688,294.9897155761719,1092.8817138671875,570.7789916992188,1282.724853515625
2665,402.95269775390625,797.593017578125,322.6471252441406,1101.9312744140625,564.4124145507812,1333.1492919921875
2666,425.18829345703125,768.0886840820312,419.4275207519531,1087.56982421875,639.849609375,1383.3636474609375
2667,404.6702575683594,746.0194702148438,481.4504699707031,1066.6630859375,673.0263061523438,1359.988037109375
2668,398.429931640625,741.9930419921875,496.2290954589844,1042.757080078125,686.3037109375,1317.0146484375
2669,377.19287109375,742.3822021484375,517.2649536132812,1035.2427978515625,726.1047973632812,1289.056396484375
2670,370.06640625,752.3970947265625,496.682373046875,1024.20703125,715.2711791992188,1262.81298828125
2671,377.00054931640625,770.6131591796875,461.0430908203125,1030.948974609375,702.4473266601562,1225.3118896484375
2672,361.0768737792969,803.1145629882812,428.5472717285156,1045.3125,682.9036254882812,1194.1728515625
2673,357.94244384765625,818.4708251953125,385.4449157714844,1048.3450927734375,633.791259765625,1205.73193359375
2674,373.1287536621094,818.6107177734375,349.2371520996094,1047.29736328125,587.6651611328125,1220.2994384765625
2675,377.5685119628906,821.07080078125,329.31121826171875,1078.6026611328125,552.889892578125,1288.0401611328125
2676,376.354736328125,792.1818237304688,297.3907470703125,1054.341552734375,486.9333801269531,1270.3399658203125
2677,381.18896484375,778.0214233398438,271.9427490234375,1032.0198974609375,410.3423767089844,1250.3621826171875
2678,377.6602478027344,767.4285278320312,273.88458251953125,1042.950927734375,355.79022216796875,1303.24365234375
2679,377.5043640136719,756.7337036132812,275.8599548339844,1050.665771484375,292.2915344238281,1325.5357666015625
2680,397.9367370605469,751.6714477539062,284.3020935058594,1069.5159912109375,248.3957977294922,1355.0416259765625
2681,399.4239196777344,750.0877075195312,282.1163024902344,1092.5203857421875,250.57522583007812,1360.8507080078125
2682,393.8489074707031,765.9185180664062,275.9876708984375,1131.6671142578125,268.9512023925781,1371.0845947265625
2683,375.9427490234375,790.8369750976562,266.5728454589844,1155.7425537109375,330.9664611816406,1352.05908203125
2684,368.0964660644531,830.8595581054688,270.4364929199219,1167.5201416015625,384.12396240234375,1360.363525390625
2685,383.7038269042969,844.7315063476562,290.5376892089844,1155.9949951171875,481.4149475097656,1365.4215087890625
2686,377.3497314453125,827.5735473632812,305.3377990722656,1106.7557373046875,550.891845703125,1303.9024658203125
2687,395.7389221191406,815.4716186523438,316.22772216796875,1102.8687744140625,579.0765380859375,1326.3929443359375
2688,428.53582763671875,794.5486450195312,408.5478820800781,1110.005859375,644.9331665039062,1388.381591796875
2689,437.72515869140625,767.5275268554688,474.08056640625,1102.709228515625,691.7422485351562,1401.480224609375
2690,432.67230224609375,742.359375,518.414794921875,1068.232666015625,714.8919067382812,1350.97265625
2691,418.8510437011719,736.6688232421875,549.6366577148438,1042.0343017578125,735.596923828125,1325.51708984375
2692,413.0817565917969,746.3128051757812,559.4876708984375,1040.1761474609375,756.7223510742188,1304.7835693359375
2693,410.1155090332031,755.6546630859375,548.0017700195312,1042.2601318359375,772.8348999023438,1271.9825439453125
2694,401.9869079589844,780.9451904296875,506.5805358886719,1054.5865478515625,756.183349609375,1240.478759765625
2695,392.4634094238281,819.6926879882812,468.52789306640625,1067.70849609375,738.90625,1222.8123779296875
2696,398.47119140625,847.273681640625,434.939208984375,1066.8485107421875,705.5764770507812,1206.6085205078125
2697,419.83355712890625,839.747314453125,405.18695068359375,1061.343994140625,648.1238403320312,1226.7869873046875
2698,427.3162841796875,820.8316650390625,375.8427734375,1082.375,589.4478149414062,1297.0595703125
2699,424.95367431640625,793.1397094726562,342.3702392578125,1059.86181640625,544.76611328125,1271.152587890625
2700,423.1829528808594,783.744873046875,316.16766357421875,1047.925048828125,444.2375793457031,1269.1351318359375
2701,413.27191162109375,763.7581176757812,322.42010498046875,1050.9495849609375,390.5422668457031,1319.28271484375
2702,409.4164123535156,748.027587890625,318.66351318359375,1049.0467529296875,338.04290771484375,1336.4432373046875
2703,436.1067810058594,752.5814819335938,327.1977844238281,1067.0152587890625,291.5915832519531,1366.71826171875
2704,451.40167236328125,761.432373046875,325.0838317871094,1089.4031982421875,284.11407470703125,1363.0382080078125
2705,450.83660888671875,766.41650390625,315.7066955566406,1113.606201171875,312.40850830078125,1356.9310302734375
2706,439.06842041015625,780.8743286132812,304.13775634765625,1151.8116455078125,349.5303955078125,1341.852294921875
2707,427.3965759277344,821.5567016601562,310.7216491699219,1166.0074462890625,419.36968994140625,1345.1297607421875
2708,445.4617614746094,846.126708984375,327.94830322265625,1171.1375732421875,475.8420715332031,1349.633544921875
2709,469.8200988769531,826.9539184570312,378.1695556640625,1139.1463623046875,599.6051025390625,1336.9722900390625
2710,461.07110595703125,826.63037109375,388.9593505859375,1110.7694091796875,631.8623657226562,1320.0096435546875
2711,495.97882080078125,792.9479370117188,418.88690185546875,1094.9923095703125,641.202392578125,1341.8741455078125
2712,517.8526611328125,774.4898681640625,514.7685546875,1102.099609375,723.12939453125,1399.5870361328125
2713,511.0487365722656,740.218994140625,556.884521484375,1058.6436767578125,764.420166015625,1340.281982421875
2714,492.0452575683594,726.4131469726562,581.8279418945312,1035.0592041015625,763.2229614257812,1329.2972412109375
2715,480.9693603515625,739.0252075195312,599.9620361328125,1023.0942993164062,807.033935546875,1292.9937744140625
2716,486.0600891113281,749.0647583007812,594.5385131835938,1028.9395751953125,820.5682983398438,1272.6287841796875
2717,485.9254150390625,761.8807983398438,568.6392211914062,1042.722900390625,803.65087890625,1254.076171875
2718,483.111083984375,784.0067749023438,539.9628295898438,1054.1446533203125,802.4976196289062,1221.328857421875
2719,487.0810546875,806.2919921875,513.7322387695312,1069.2264404296875,762.2503051757812,1227.9388427734375
2720,501.1245422363281,815.423095703125,476.7556457519531,1068.4530029296875,718.9634399414062,1247.694091796875
2721,522.4246215820312,811.0479125976562,442.7113952636719,1086.86279296875,653.5843505859375,1301.034423828125
2722,524.3981323242188,800.6640014648438,427.77392578125,1080.3707275390625,655.6184692382812,1310.2708740234375
2723,533.8114624023438,786.6361694335938,398.8304443359375,1047.7568359375,545.3953857421875,1276.68603515625
2724,529.5150756835938,767.2401123046875,408.4252624511719,1046.5718994140625,504.5462341308594,1306.0521240234375
2725,530.9309692382812,758.3090209960938,405.3963317871094,1048.50634765625,446.76123046875,1336.828857421875
2726,531.0243530273438,751.4483032226562,405.4014587402344,1059.0975341796875,393.0191650390625,1353.5728759765625
2727,544.8307495117188,748.26806640625,411.6592712402344,1073.7286376953125,379.56298828125,1358.2584228515625
2728,549.0594482421875,751.5941162109375,402.1335754394531,1093.594482421875,392.55609130859375,1356.2054443359375
2729,553.3115844726562,775.598876953125,403.08447265625,1129.7283935546875,441.302490234375,1343.326171875
2730,527.684814453125,796.970947265625,381.41015625,1140.20654296875,478.37750244140625,1311.68017578125
2731,528.9522705078125,834.0280151367188,417.5345764160156,1171.8489990234375,555.755126953125,1342.81689453125
2732,560.1948852539062,837.5894775390625,463.1769104003906,1150.123779296875,672.3504638671875,1347.172607421875
2733,544.8687744140625,824.0819091796875,460.68438720703125,1097.7589111328125,710.2133178710938,1293.12158203125
2734,580.221435546875,789.2495727539062,497.50469970703125,1095.851806640625,734.5466918945312,1339.960693359375
2735,582.1875610351562,766.8187255859375,586.6426391601562,1089.7696533203125,806.994873046875,1370.504638671875
2736,588.3024291992188,751.3797607421875,631.9832763671875,1065.712890625,838.28466796875,1356.3980712890625
2737,574.6160278320312,742.135986328125,668.4694213867188,1046.2298583984375,860.4437866210938,1325.884033203125
2738,558.2135620117188,768.1843872070312,675.3856811523438,1031.733154296875,884.1216430664062,1301.1612548828125
2739,557.3895263671875,775.4330444335938,658.2578735351562,1031.6336669921875,902.6058349609375,1268.8203125
2740,546.7715454101562,787.4963989257812,624.969970703125,1052.6412353515625,893.47998046875,1240.6531982421875
2741,539.2273559570312,797.6107177734375,609.4713745117188,1060.2900390625,872.4393310546875,1221.06396484375
2742,540.3896484375,816.1588134765625,567.2692260742188,1050.556884765625,825.5372314453125,1205.225830078125
2743,565.7003784179688,811.33544921875,538.0119018554688,1053.5201416015625,769.7386474609375,1224.678466796875
2744,562.134521484375,802.6966552734375,504.1564636230469,1069.265625,732.0640869140625,1271.38232421875
2745,547.74658203125,790.5664672851562,457.3186340332031,1046.525390625,681.4008178710938,1258.55908203125
2746,560.0068359375,762.884033203125,466.92236328125,1043.072998046875,595.83935546875,1284.78125
2747,553.5691528320312,762.3017578125,443.8911437988281,1042.2099609375,549.1766967773438,1313.2633056640625
2748,550.3575439453125,740.53564453125,446.0305480957031,1037.9676513671875,486.0817565917969,1322.6324462890625
2749,566.6527709960938,747.7040405273438,447.0618896484375,1069.0745849609375,438.3728942871094,1354.896240234375
2750,576.9567260742188,752.8438110351562,443.91558837890625,1086.841552734375,435.5278015136719,1352.5902099609375
2751,582.7855224609375,769.462646484375,441.6294250488281,1120.4505615234375,451.03375244140625,1355.839599609375
2752,573.9135131835938,792.9054565429688,438.8779296875,1155.0018310546875,501.2057189941406,1334.9320068359375
2753,551.0056762695312,826.0914916992188,432.7113952636719,1169.1673583984375,559.4527587890625,1320.120361328125
2754,558.9828491210938,837.9834594726562,464.0687561035156,1171.6142578125,635.171142578125,1326.750244140625
2755,586.16845703125,838.0391845703125,506.65789794921875,1136.79052734375,741.9371337890625,1329.9779052734375
2756,594.0662231445312,816.5812377929688,512.0302124023438,1107.6524658203125,752.402587890625,1319.1328125
2757,614.0198974609375,787.8922119140625,588.4844970703125,1098.2694091796875,819.5579833984375,1361.0362548828125
2758,623.8209838867188,765.657958984375,650.0374755859375,1094.2337646484375,875.5257568359375,1388.329833984375
2759,614.7060546875,741.2713623046875,673.3591918945312,1049.9185791015625,871.8684692382812,1342.845703125
2760,593.8984985351562,745.9380493164062,704.8528442382812,1036.684814453125,905.2929077148438,1307.1353759765625
2761,589.798583984375,755.5314331054688,714.39501953125,1030.2806396484375,935.152099609375,1275.26416015625
2762,584.955810546875,770.4463500976562,702.7614135742188,1045.9476318359375,933.455810546875,1258.5567626953125
2763,575.5578002929688,784.3584594726562,661.7103881835938,1057.7481689453125,923.2847900390625,1234.0050048828125
2764,571.2704467773438,805.8541259765625,619.0861206054688,1073.202880859375,884.1080932617188,1224.81884765625
2765,575.7380981445312,812.6262817382812,582.4472045898438,1067.31005859375,842.2840576171875,1224.7305908203125
2766,590.4703369140625,809.0982666015625,547.4634399414062,1066.8255615234375,791.6729736328125,1251.310546875
2767,577.0993041992188,805.4214477539062,516.4275512695312,1076.78759765625,743.726318359375,1292.6114501953125
2768,573.6762084960938,778.7706298828125,490.93634033203125,1045.458740234375,662.7451782226562,1269.1451416015625
2769,573.3543090820312,768.4306640625,487.5976257324219,1045.5784912109375,608.0101928710938,1296.86572265625
2770,570.5278930664062,762.0388793945312,482.97833251953125,1047.498291015625,553.0375366210938,1318.1693115234375
2771,579.4209594726562,758.319091796875,480.8609619140625,1057.7493896484375,483.8238830566406,1340.697509765625
2772,588.1146240234375,762.132568359375,481.0570068359375,1085.726806640625,445.63214111328125,1362.1851806640625
2773,596.1351928710938,771.209716796875,469.13671875,1114.401611328125,445.9612731933594,1361.4661865234375
2774,602.7569580078125,789.983154296875,459.0453186035156,1158.5352783203125,476.81085205078125,1353.3017578125
2775,586.689453125,814.150146484375,456.17120361328125,1177.5018310546875,534.0791015625,1332.5526123046875
2776,577.248291015625,840.19775390625,469.95428466796875,1190.811279296875,598.7550048828125,1346.81103515625
2777,596.399169921875,848.3953857421875,500.0662841796875,1168.7579345703125,694.3173828125,1340.5330810546875
2778,601.2490844726562,834.8325805664062,520.6749877929688,1104.8306884765625,764.4014282226562,1290.2640380859375
2779,627.7445678710938,810.5857543945312,545.09521484375,1105.621337890625,782.1574096679688,1334.4561767578125
2780,645.8999633789062,780.5059814453125,619.4478759765625,1090.5081787109375,840.4341430664062,1366.5009765625
2781,652.1025390625,754.8630981445312,678.8845825195312,1076.273681640625,869.8002319335938,1384.4571533203125
2782,637.7618408203125,747.5366821289062,718.5447387695312,1047.6824951171875,899.6033935546875,1336.2791748046875
2783,623.1881103515625,754.9400024414062,738.6627197265625,1043.756591796875,932.4933471679688,1308.2305908203125
2784,615.6620483398438,764.518798828125,737.5889892578125,1040.091796875,951.2950439453125,1281.642822265625
2785,610.1290283203125,776.0465698242188,717.4336547851562,1040.85693359375,948.640869140625,1240.7509765625
2786,594.22314453125,797.8040771484375,680.2268676757812,1063.1876220703125,928.0405883789062,1232.3096923828125
2787,603.5650634765625,813.9913940429688,633.7398071289062,1066.779296875,883.1702270507812,1231.9549560546875
2788,612.1992797851562,816.143798828125,592.5381469726562,1059.8861083984375,835.375,1231.8857421875
2789,623.0800170898438,803.849853515625,572.8450927734375,1067.86474609375,797.2833251953125,1268.2763671875
2790,613.6173706054688,802.0588989257812,535.1209716796875,1071.41015625,763.5187377929688,1281.67578125
2791,599.2443237304688,788.0988159179688,512.4143676757812,1050.34619140625,661.5492553710938,1271.4422607421875
2792,607.4514770507812,776.2662963867188,507.7935791015625,1046.67431640625,604.6200561523438,1312.0296630859375
2793,602.3145751953125,765.1668090820312,496.9270324707031,1044.0074462890625,541.33203125,1315.915283203125
2794,614.6826782226562,760.7515869140625,495.8218688964844,1068.8115234375,482.18939208984375,1355.15576171875
2795,622.474609375,767.9029541015625,496.8821716308594,1084.757080078125,473.1222229003906,1351.46533203125
2796,636.7604370117188,778.6506958007812,496.1294250488281,1110.822021484375,487.6419982910156,1357.8314208984375
2797,624.0487670898438,796.3760375976562,485.24908447265625,1149.60986328125,547.6845703125,1340.111572265625
2798,596.2500610351562,830.7288208007812,454.8569641113281,1160.3419189453125,591.8598022460938,1306.2008056640625
2799,617.2196044921875,855.5103149414062,514.0040283203125,1166.831298828125,694.0368041992188,1327.371826171875
2800,640.8197021484375,840.1093139648438,555.8043823242188,1141.2685546875,783.9032592773438,1337.7158203125
2801,635.9833984375,821.080078125,562.2955932617188,1104.7122802734375,812.3785400390625,1315.3056640625
2802,664.2686767578125,787.8958740234375,633.9053344726562,1087.6375732421875,860.7753295898438,1344.0723876953125
2803,669.1406860351562,767.9957885742188,696.2601928710938,1086.4599609375,914.7281494140625,1374.511962890625
2804,660.0072021484375,749.4838256835938,728.4525146484375,1052.254638671875,923.73583984375,1348.3736572265625
2805,639.30908203125,748.6712646484375,756.7439575195312,1034.9630126953125,953.5662231445312,1310.1055908203125
2806,629.3419189453125,756.7593994140625,762.77197265625,1032.635009765625,983.1295166015625,1287.0838623046875
2807,632.3757934570312,785.1187133789062,725.5079956054688,1030.9639892578125,973.8040161132812,1244.703125
2808,615.390380859375,781.6052856445312,696.72607421875,1037.1488037109375,965.6856079101562,1212.3726806640625
2809,609.9390869140625,801.7042236328125,661.1122436523438,1057.28759765625,918.0179443359375,1223.1409912109375
2810,615.78515625,816.1928100585938,614.5390014648438,1045.8868408203125,884.6795654296875,1200.143310546875
2811,631.9944458007812,807.2064208984375,582.4483032226562,1040.468017578125,816.2869873046875,1221.50537109375
2812,630.7468872070312,794.0348510742188,562.55029296875,1048.7659912109375,798.9300537109375,1251.8302001953125
2813,603.8671875,777.0016479492188,529.331787109375,1053.8690185546875,682.1989135742188,1281.9755859375
2814,616.5509033203125,767.015380859375,532.1954956054688,1043.34375,620.5962524414062,1308.257568359375
2815,618.7872924804688,766.1149291992188,497.6646423339844,1037.7506103515625,548.0524291992188,1313.1031494140625
2816,614.4951171875,759.6930541992188,493.6277160644531,1048.148193359375,486.18017578125,1340.2947998046875
2817,627.4105224609375,763.40673828125,497.84503173828125,1075.910400390625,459.8081359863281,1350.6536865234375
2818,639.574462890625,764.3236694335938,493.46466064453125,1088.21435546875,477.2886657714844,1337.3409423828125
2819,645.48779296875,780.7159423828125,497.43914794921875,1129.8447265625,505.78485107421875,1348.2139892578125
2820,612.18408203125,809.741455078125,455.7233581542969,1157.75390625,546.48779296875,1300.430419921875
2821,611.4511108398438,844.0925903320312,497.6194152832031,1165.064453125,631.575439453125,1327.322998046875
2822,644.22021484375,846.6268310546875,574.6089477539062,1143.98974609375,793.6124267578125,1317.32568359375
2823,635.58447265625,833.0335693359375,561.4088745117188,1118.6671142578125,796.7937622070312,1311.239501953125
2824,664.1664428710938,807.9992065429688,570.5467529296875,1105.386474609375,794.8980102539062,1338.9034423828125
2825,675.2319946289062,781.17724609375,657.9737548828125,1092.798583984375,868.7100219726562,1376.3983154296875
2826,669.6248779296875,761.660888671875,706.8630981445312,1075.6197509765625,920.8677978515625,1373.9674072265625
2827,667.7132568359375,739.7496337890625,737.1644897460938,1041.0369873046875,924.04638671875,1334.5404052734375
2828,633.87548828125,755.4341430664062,750.6526489257812,1030.398193359375,944.2168579101562,1304.17822265625
2829,638.412109375,745.6741943359375,752.0432739257812,1031.537841796875,975.1323852539062,1285.0909423828125
2830,632.5772094726562,759.2322387695312,723.7828369140625,1038.725830078125,952.9491577148438,1261.2825927734375
2831,629.675537109375,786.3571166992188,689.87548828125,1048.7330322265625,938.2936401367188,1225.437255859375
2832,621.6522216796875,797.8790283203125,655.8143920898438,1047.6915283203125,909.3585205078125,1220.00244140625
2833,633.6646118164062,808.4324951171875,606.8690795898438,1038.427490234375,852.651123046875,1211.77490234375
2834,639.0377197265625,802.3070678710938,588.4043579101562,1050.8699951171875,820.313232421875,1247.6202392578125
2835,634.3323974609375,798.9794311523438,540.5936889648438,1056.7353515625,765.8228759765625,1267.546875
2836,632.0032958984375,779.5303344726562,535.6519165039062,1044.7203369140625,679.3921508789062,1267.874755859375
2837,638.2318725585938,773.8143920898438,527.4541625976562,1043.5289306640625,624.7648315429688,1303.7242431640625
2838,639.853515625,752.2890014648438,522.72021484375,1039.2489013671875,554.2174072265625,1328.8514404296875
2839,651.6062622070312,749.607421875,526.0474243164062,1056.5399169921875,494.0892333984375,1356.0648193359375
2840,654.8703002929688,757.7755737304688,525.6057739257812,1069.560791015625,494.20166015625,1344.885986328125
2841,649.5894165039062,767.3580932617188,517.0639038085938,1101.6024169921875,497.6060485839844,1344.5364990234375
2842,652.9678344726562,782.7161865234375,518.3200073242188,1136.6846923828125,541.630859375,1339.661865234375
2843,618.6939697265625,817.8572387695312,489.0257263183594,1170.8466796875,597.49658203125,1311.742431640625
2844,616.6727905273438,831.1853637695312,507.37567138671875,1167.4022216796875,676.3195190429688,1316.4757080078125
2845,661.497802734375,831.5958251953125,605.525390625,1120.4110107421875,847.9754028320312,1292.7247314453125
2846,662.177490234375,816.6200561523438,581.8802490234375,1103.5767822265625,846.436767578125,1304.597900390625
2847,694.2047119140625,795.8880615234375,609.7235107421875,1103.3887939453125,844.3024291992188,1354.4388427734375
2848,698.823486328125,780.678466796875,706.4271850585938,1100.3277587890625,936.5665893554688,1385.376708984375
2849,691.5574951171875,755.87841796875,734.2512817382812,1063.2689208984375,960.1919555664062,1359.8455810546875
2850,672.1576538085938,744.5353393554688,769.122314453125,1041.774169921875,984.260009765625,1326.92626953125
2851,657.0730590820312,746.104248046875,784.9758911132812,1029.5889892578125,1005.9175415039062,1291.7113037109375
2852,650.058349609375,761.1458740234375,768.5570068359375,1033.9031982421875,993.3948364257812,1267.14306640625
2853,641.6305541992188,777.5458374023438,739.1911010742188,1036.6781005859375,984.0133666992188,1218.066162109375
2854,640.7796020507812,798.7364501953125,700.701416015625,1050.1336669921875,958.592529296875,1220.7933349609375
2855,632.7986450195312,821.1084594726562,654.6986083984375,1052.3515625,918.44189453125,1208.8487548828125
2856,656.3447265625,814.8190307617188,622.3230590820312,1048.2401123046875,866.3648681640625,1218.400634765625
2857,649.9125366210938,810.0326538085938,598.2569580078125,1058.671630859375,830.286865234375,1245.642333984375
2858,636.1087646484375,792.6621704101562,535.2312622070312,1052.3173828125,759.0770874023438,1269.0382080078125
2859,645.748291015625,773.1897583007812,538.5853271484375,1043.9954833984375,677.5951538085938,1280.3994140625
2860,635.7006225585938,764.2437744140625,529.6793823242188,1043.1002197265625,619.0896606445312,1315.6820068359375
2861,633.0172119140625,754.7767333984375,530.3082885742188,1047.4686279296875,541.2489624023438,1349.6014404296875
2862,646.4373779296875,748.9120483398438,531.8272094726562,1060.3934326171875,498.4984130859375,1361.262939453125
2863,662.580078125,755.625244140625,533.9324951171875,1080.6151123046875,498.8240661621094,1357.30712890625
2864,661.808837890625,767.3870239257812,529.17041015625,1114.9979248046875,521.6396484375,1356.6741943359375
2865,656.2416381835938,785.0848388671875,522.9560546875,1155.8265380859375,564.1954345703125,1345.29541015625
2866,623.3001098632812,821.04296875,494.7557373046875,1171.5400390625,630.1936645507812,1318.6761474609375
2867,642.628662109375,836.6717529296875,546.0904541015625,1160.64111328125,717.0853881835938,1337.732666015625
2868,665.0402221679688,838.5637817382812,585.7489624023438,1134.767333984375,826.614990234375,1329.4248046875
2869,664.6395263671875,823.99755859375,594.5618286132812,1113.79541015625,841.5997924804688,1325.969482421875
2870,703.4359130859375,790.52880859375,636.4534301757812,1094.8756103515625,871.8955688476562,1359.45703125
2871,707.22412109375,771.5203857421875,718.6851806640625,1093.958984375,950.5743408203125,1398.5208740234375
2872,700.1825561523438,749.2676391601562,755.7107543945312,1060.9141845703125,986.4620361328125,1359.0435791015625
2873,675.8961791992188,746.2233276367188,783.9028930664062,1046.8209228515625,1005.5951538085938,1325.9224853515625
2874,666.6531982421875,769.1078491210938,788.9969482421875,1031.151611328125,1007.7117919921875,1289.335693359375
2875,660.454833984375,767.7178955078125,781.1109619140625,1037.0357666015625,1017.3952026367188,1258.7471923828125
2876,655.6658325195312,785.2027587890625,739.5130004882812,1041.591064453125,999.7490844726562,1222.448486328125
2877,648.6138916015625,805.1964721679688,709.9241943359375,1070.3121337890625,989.9985961914062,1226.8367919921875
2878,655.9224853515625,811.1299438476562,681.7212524414062,1072.092041015625,943.3046264648438,1225.1236572265625
2879,677.404052734375,811.11474609375,634.4111938476562,1060.365234375,860.0394287109375,1243.2222900390625
2880,656.1633911132812,805.0951538085938,592.6174926757812,1075.0511474609375,837.90966796875,1281.309814453125
2881,655.9583129882812,783.36279296875,548.5389404296875,1044.0406494140625,733.4921264648438,1261.9779052734375
2882,656.2604370117188,774.4068603515625,544.8035278320312,1043.6412353515625,670.02197265625,1298.0386962890625
2883,653.287353515625,763.4276733398438,533.3370361328125,1040.06103515625,586.9085083007812,1329.4012451171875
2884,647.7460327148438,758.6672973632812,528.2500610351562,1050.1533203125,515.3313598632812,1342.3157958984375
2885,669.0974731445312,761.9774169921875,535.1484375,1074.1219482421875,489.4589538574219,1351.868408203125
2886,663.5531616210938,769.3466186523438,520.5471801757812,1097.937744140625,489.12115478515625,1341.941162109375
2887,663.9424438476562,790.8911743164062,516.4581909179688,1137.730224609375,528.83935546875,1342.6470947265625
2888,642.6690063476562,812.2831420898438,513.9971923828125,1180.088134765625,580.2271728515625,1322.0428466796875
2889,628.9259033203125,845.4483032226562,524.8496704101562,1181.91943359375,655.4584350585938,1340.1910400390625
2890,662.248291015625,837.4305419921875,617.3688354492188,1119.7841796875,857.862548828125,1286.796875
2891,660.2003784179688,821.3267211914062,596.7564697265625,1109.99609375,855.6286010742188,1306.84716796875
2892,675.7343139648438,795.1962890625,596.5100708007812,1095.807373046875,826.371826171875,1326.209228515625
2893,685.9204711914062,777.7435913085938,684.168701171875,1096.564453125,918.189697265625,1373.0797119140625
2894,683.0399169921875,754.6143188476562,724.6265258789062,1070.2620849609375,954.797119140625,1372.8074951171875
2895,672.9450073242188,743.992919921875,761.1182250976562,1038.443359375,978.6710815429688,1328.537841796875
2896,650.0244140625,748.1834716796875,785.2413940429688,1033.1424560546875,1003.1473388671875,1297.9884033203125
2897,642.5161743164062,779.0255126953125,767.9188842773438,1033.5296630859375,992.2190551757812,1275.2249755859375
2898,634.940185546875,773.610595703125,748.1039428710938,1039.603759765625,992.47998046875,1243.4002685546875
2899,627.6315307617188,796.3487548828125,707.587646484375,1049.32763671875,982.4452514648438,1210.205810546875
2900,630.0894775390625,810.8468627929688,662.284912109375,1061.7108154296875,922.4974365234375,1226.272705078125
2901,644.4178466796875,813.7837524414062,618.3519897460938,1052.8341064453125,872.7122192382812,1223.935546875
2902,640.3436279296875,804.4449462890625,595.0474243164062,1058.4100341796875,833.789794921875,1244.9249267578125
2903,624.3084716796875,797.3594970703125,537.2664794921875,1068.019775390625,765.2515869140625,1281.3988037109375
2904,621.16552734375,786.3345336914062,528.5286254882812,1051.9664306640625,682.8561401367188,1283.00048828125
2905,618.2521362304688,772.02978515625,513.2960815429688,1048.9267578125,617.7080078125,1315.258056640625
2906,618.244873046875,761.975341796875,503.4509582519531,1036.5460205078125,539.7182006835938,1319.701171875
2907,625.221923828125,761.7236938476562,502.0765686035156,1062.970458984375,480.589599609375,1350.5489501953125
2908,642.5115966796875,765.7307739257812,496.6380615234375,1082.4844970703125,466.28631591796875,1349.884033203125
2909,647.3566284179688,779.0805053710938,495.2620544433594,1109.0721435546875,484.4253845214844,1344.563232421875
2910,642.3300170898438,795.633056640625,491.49237060546875,1165.2169189453125,519.7523193359375,1359.65771484375
2911,612.7982177734375,829.2371215820312,484.1449890136719,1181.9703369140625,588.3848266601562,1348.4586181640625
2912,610.5454711914062,843.343505859375,497.2258605957031,1162.297119140625,664.3426513671875,1332.3128662109375
2913,638.33935546875,838.7326049804688,586.8973388671875,1123.5311279296875,830.2421875,1299.0330810546875
2914,631.4536743164062,821.1324462890625,554.6466064453125,1102.5667724609375,813.4114379882812,1295.4449462890625
2915,664.2509765625,785.3175659179688,588.9990844726562,1092.7489013671875,831.5106811523438,1349.0958251953125
2916,670.4742431640625,761.5997924804688,678.41357421875,1085.852294921875,888.4122314453125,1391.0018310546875
2917,649.3770141601562,753.1721801757812,722.7213745117188,1068.2655029296875,958.9373168945312,1351.447509765625
2918,641.95166015625,748.072998046875,740.3641357421875,1033.0711669921875,945.8197631835938,1309.088623046875
2919,633.2003173828125,758.9130249023438,756.7669067382812,1033.3350830078125,980.5498046875,1289.7796630859375
2920,625.8328857421875,763.2464599609375,741.0067749023438,1033.133544921875,978.1331176757812,1258.88671875
2921,620.9196166992188,777.67041015625,710.9852905273438,1043.3516845703125,981.2506713867188,1225.9625244140625
2922,613.3460083007812,798.0926513671875,671.05517578125,1059.0135498046875,933.4083251953125,1230.579833984375
2923,615.6824340820312,815.1102905273438,629.3056640625,1056.37890625,895.07958984375,1211.7381591796875
2924,635.4762573242188,809.6436767578125,609.3052978515625,1056.052734375,860.3765258789062,1224.6561279296875
2925,621.0806274414062,802.3013916015625,579.9443359375,1064.48095703125,815.2262573242188,1249.9619140625
2926,618.1765747070312,784.3775024414062,544.0903930664062,1056.427001953125,770.7557983398438,1276.4012451171875
2927,615.3740844726562,771.2452392578125,531.09375,1047.4014892578125,675.7131958007812,1291.8048095703125
2928,605.759033203125,759.194091796875,520.8926391601562,1049.609619140625,617.2774658203125,1323.633056640625
2929,607.0431518554688,748.2073364257812,518.7384643554688,1050.8060302734375,547.0812377929688,1349.419677734375
2930,620.5223388671875,751.6961059570312,514.9978637695312,1069.32568359375,493.8122863769531,1355.197998046875
2931,633.7755737304688,755.9917602539062,506.02020263671875,1085.5155029296875,488.2757263183594,1348.0352783203125
2932,644.7994384765625,777.5175170898438,500.3784484863281,1126.3773193359375,501.85455322265625,1350.9609375
2933,634.6151733398438,801.53564453125,492.82867431640625,1162.9093017578125,555.674072265625,1319.0506591796875
2934,608.1685180664062,834.26220703125,495.9613952636719,1178.4117431640625,624.147216796875,1342.410400390625
2935,617.1757202148438,850.70068359375,557.138916015625,1136.4775390625,779.45458984375,1288.55126953125
2936,637.5004272460938,842.206298828125,575.446533203125,1120.9637451171875,826.0922241210938,1301.0511474609375
2937,637.0293579101562,817.8990478515625,563.37353515625,1104.392578125,819.784423828125,1314.8765869140625
2938,667.1116333007812,792.539794921875,642.7623291015625,1100.054443359375,895.7578735351562,1364.5986328125
2939,666.2758178710938,769.9193115234375,697.3573608398438,1083.81982421875,929.5411987304688,1382.0574951171875
2940,657.8914184570312,759.6874389648438,734.1482543945312,1050.3297119140625,943.3524169921875,1341.8038330078125
2941,640.3140258789062,758.306396484375,757.8638305664062,1036.412841796875,973.4951171875,1306.7086181640625
2942,618.6979370117188,774.3827514648438,748.3568115234375,1032.6214599609375,973.5010986328125,1278.501708984375
2943,618.3988037109375,773.952392578125,733.1998901367188,1035.9246826171875,979.2792358398438,1239.7523193359375
2944,602.22412109375,796.3828735351562,695.1316528320312,1044.891357421875,972.5867309570312,1210.885009765625
2945,607.7039794921875,812.1904907226562,657.8007202148438,1061.902099609375,917.0740356445312,1220.30029296875
2946,610.6346435546875,816.63427734375,614.091796875,1049.8521728515625,878.300048828125,1203.482177734375
2947,625.3787841796875,799.997314453125,582.3886108398438,1052.861572265625,818.1510009765625,1236.0552978515625
2948,612.462890625,799.4584350585938,554.1641845703125,1052.1072998046875,788.07861328125,1240.0059814453125
2949,610.3845825195312,778.704345703125,503.6980895996094,1042.280517578125,683.3517456054688,1264.314697265625
2950,609.766845703125,775.38525390625,493.9942932128906,1042.100341796875,608.9818725585938,1303.1910400390625
2951,595.1187744140625,759.5643310546875,489.1893310546875,1040.7454833984375,545.0851440429688,1321.791259765625
2952,603.1273193359375,747.6406860351562,492.9205627441406,1046.352294921875,484.830078125,1349.0404052734375
2953,614.8385620117188,757.5850219726562,488.9576110839844,1069.0506591796875,458.4082946777344,1352.7901611328125
2954,624.3980102539062,762.7756958007812,480.06329345703125,1095.6785888671875,479.88116455078125,1358.6031494140625
2955,627.31640625,784.5015258789062,482.0126037597656,1142.684326171875,517.1109619140625,1344.5855712890625
2956,598.3817749023438,818.1185302734375,478.35443115234375,1177.84130859375,573.7028198242188,1341.884765625
2957,587.591064453125,849.5282592773438,486.6242980957031,1186.2271728515625,651.862060546875,1349.599853515625
2958,620.314208984375,832.10009765625,559.389404296875,1129.6995849609375,791.0614624023438,1305.920654296875
2959,626.1661987304688,822.9893798828125,538.0711059570312,1113.548583984375,781.36181640625,1308.9561767578125
2960,648.7040405273438,798.463134765625,569.7599487304688,1105.484619140625,800.4697875976562,1352.064453125
2961,660.6168823242188,782.3589477539062,652.7510986328125,1095.4669189453125,894.7420043945312,1383.251953125
2962,654.6351318359375,753.8533325195312,691.8818969726562,1063.299560546875,906.0148315429688,1374.103759765625
2963,642.8307495117188,743.863525390625,726.040771484375,1038.84765625,930.9028930664062,1326.4932861328125
2964,620.5980834960938,753.1123046875,746.3560791015625,1033.089111328125,958.109130859375,1295.8172607421875
2965,608.560546875,765.2686157226562,732.7006225585938,1028.560546875,972.1832885742188,1258.9302978515625
2966,608.4242553710938,775.3109130859375,700.4215087890625,1036.951171875,958.9434814453125,1232.288330078125
2967,596.228759765625,799.8057861328125,669.29736328125,1056.8780517578125,932.5595092773438,1222.2117919921875
2968,603.7008056640625,813.5035400390625,629.3946533203125,1061.7769775390625,888.0084838867188,1221.3201904296875
2969,611.3421020507812,815.3515014648438,586.6336669921875,1057.6356201171875,836.1240844726562,1230.49072265625
2970,621.9850463867188,800.6387939453125,563.575439453125,1068.7239990234375,778.6591186523438,1267.370361328125
2971,607.4050903320312,792.176513671875,514.62158203125,1058.192626953125,726.303466796875,1271.29248046875
2972,605.9728393554688,780.129150390625,488.21429443359375,1040.56689453125,628.8618774414062,1275.18017578125
2973,606.3582763671875,763.1749267578125,497.0781555175781,1038.3282470703125,578.9745483398438,1315.60693359375
2974,599.2802124023438,754.873779296875,485.9354553222656,1035.5855712890625,500.72747802734375,1318.3135986328125
2975,602.3204956054688,754.5695190429688,482.4408874511719,1063.2083740234375,450.8247375488281,1350.01171875
2976,622.8118896484375,762.3645629882812,481.03143310546875,1079.3748779296875,448.6515197753906,1350.7109375
2977,620.6231689453125,770.6513671875,472.74517822265625,1111.750732421875,469.026123046875,1345.8201904296875
2978,620.2705688476562,796.8594970703125,473.3283996582031,1160.73486328125,521.8954467773438,1334.157470703125
2979,590.0010375976562,834.2283325195312,470.01708984375,1176.2669677734375,576.4689331054688,1334.8785400390625
2980,582.7360229492188,844.482666015625,480.5605163574219,1165.3853759765625,657.1038818359375,1330.9222412109375
2981,613.5745849609375,833.8768310546875,542.205078125,1123.2574462890625,774.0093994140625,1296.787841796875
2982,618.6309204101562,816.6943969726562,526.0654907226562,1099.7255859375,769.0550537109375,1306.8206787109375
2983,637.8986206054688,780.6388549804688,578.7379760742188,1090.63037109375,802.037841796875,1344.9866943359375
2984,651.977783203125,769.1312255859375,652.8273315429688,1088.411865234375,881.1251831054688,1381.4742431640625
2985,641.4952392578125,741.4713134765625,705.6551513671875,1067.97802734375,918.9080810546875,1363.89111328125
2986,613.1596069335938,738.8895263671875,721.352783203125,1039.1865234375,924.10986328125,1321.952392578125
2987,604.8973999023438,748.687744140625,733.3181762695312,1030.7119140625,944.0582885742188,1286.533935546875
2988,610.434326171875,758.9429321289062,717.600341796875,1033.2491455078125,949.6708374023438,1267.0167236328125
2989,598.9039306640625,775.390380859375,685.97314453125,1044.3079833984375,943.2496948242188,1238.6982421875
2990,585.176513671875,798.9456176757812,650.8928833007812,1054.276611328125,911.3155517578125,1218.322021484375
2991,601.2280883789062,808.4741821289062,612.3428344726562,1062.8463134765625,870.4176635742188,1229.41552734375
2992,617.326171875,808.68994140625,580.2963256835938,1058.9246826171875,832.8400268554688,1242.88330078125
2993,611.544677734375,802.218994140625,546.0855102539062,1059.7264404296875,775.88916015625,1256.5950927734375
2994,604.7106323242188,800.9044189453125,507.6864013671875,1059.9512939453125,723.732421875,1271.16064453125
2995,612.9218139648438,779.701171875,496.77496337890625,1046.593994140625,630.9036865234375,1285.6307373046875
2996,617.39404296875,771.0708618164062,490.5033264160156,1047.718017578125,571.4661865234375,1315.2578125
2997,616.993896484375,756.40576171875,478.84326171875,1046.221435546875,495.3619079589844,1344.269775390625
2998,615.7344360351562,757.5873413085938,480.6709899902344,1066.97705078125,449.5872802734375,1357.5732421875
2999,628.9268798828125,769.4738159179688,476.2792053222656,1089.16748046875,447.2508544921875,1361.902587890625
3000,632.1454467773438,781.3883056640625,472.1139221191406,1121.9385986328125,469.2140808105469,1361.927978515625
3001,634.1489868164062,795.3319702148438,472.4252014160156,1165.47900390625,523.6021728515625,1357.4173583984375
3002,608.17138671875,828.2435302734375,475.0649719238281,1180.4576416015625,593.6201782226562,1350.9656982421875
3003,603.9264526367188,836.8971557617188,486.88623046875,1161.8170166015625,654.6549072265625,1343.2816162109375
3004,632.1791381835938,822.8546142578125,527.455078125,1133.248046875,730.2060546875,1335.2205810546875
3005,636.9873657226562,804.6890869140625,528.607421875,1092.219482421875,782.8077392578125,1318.1239013671875
3006,653.3300170898438,773.6248168945312,595.2843017578125,1086.7237548828125,834.0604858398438,1359.4901123046875
3007,655.8052368164062,754.5159912109375,665.3523559570312,1080.8419189453125,868.7221069335938,1398.2421875
3008,645.7860717773438,740.5690307617188,716.6942138671875,1060.376953125,938.55859375,1358.6513671875
3009,625.50341796875,738.9514770507812,730.68994140625,1034.2122802734375,937.218994140625,1315.4234619140625
3010,613.627197265625,748.8296508789062,745.38671875,1029.82080078125,963.2304077148438,1288.75
3011,623.5325317382812,756.0475463867188,723.088623046875,1031.208251953125,957.990966796875,1263.6170654296875
3012,610.3513793945312,775.1475830078125,693.3688354492188,1043.2991943359375,957.5643310546875,1234.7476806640625
3013,598.322509765625,793.8966064453125,652.93212890625,1062.2626953125,917.0189208984375,1231.6688232421875
3014,606.0488891601562,804.5498657226562,607.7613525390625,1054.60400390625,871.6973876953125,1217.2296142578125
3015,623.2471923828125,801.6632690429688,587.1666259765625,1060.2410888671875,824.0454711914062,1249.1165771484375
3016,615.89990234375,802.2528076171875,551.4496459960938,1058.9495849609375,783.9349365234375,1257.145751953125
3017,607.4348754882812,791.2683715820312,508.5157775878906,1053.179931640625,714.8026733398438,1277.7137451171875
3018,608.5606079101562,771.1845703125,528.605712890625,1055.91943359375,626.0322875976562,1320.72412109375
3019,609.0320434570312,759.6695556640625,497.7290954589844,1043.54345703125,563.2376098632812,1320.490478515625
3020,610.6134643554688,750.828369140625,491.9171447753906,1053.59423828125,494.17913818359375,1356.176025390625
3021,621.9585571289062,751.7210693359375,494.74566650390625,1067.5897216796875,464.12451171875,1357.482177734375
3022,634.510009765625,761.0111083984375,490.6657409667969,1091.9759521484375,476.3279113769531,1357.317626953125
3023,643.0464477539062,775.6654052734375,489.9963684082031,1130.9976806640625,501.85784912109375,1373.3138427734375
3024,627.4100341796875,806.91015625,483.9917907714844,1166.55810546875,560.0438842773438,1350.6097412109375
3025,593.0125122070312,837.5848999023438,457.8554992675781,1170.1898193359375,627.46435546875,1321.397705078125
3026,644.2296752929688,840.5202026367188,541.2167358398438,1164.261962890625,733.773193359375,1369.6053466796875
3027,637.1422119140625,827.0757446289062,549.9913330078125,1112.537841796875,783.7150268554688,1317.919677734375
3028,655.2615356445312,809.2951049804688,568.1727905273438,1113.1451416015625,815.2424926757812,1363.718505859375
3029,671.1597900390625,779.2676391601562,667.966796875,1094.870849609375,887.3818359375,1383.5904541015625
3030,660.2034301757812,761.146728515625,720.025146484375,1075.7684326171875,950.6528930664062,1370.1884765625
3031,669.7674560546875,751.2703857421875,745.53955078125,1046.74267578125,943.9050903320312,1335.5172119140625
3032,653.7973022460938,774.4546508789062,767.8726196289062,1035.999267578125,968.10888671875,1310.842529296875
3033,648.8968505859375,778.84521484375,758.6083984375,1037.47265625,977.8897705078125,1283.816650390625
3034,636.0590209960938,775.0061645507812,732.0955810546875,1038.959716796875,976.8671264648438,1238.9791259765625
3035,623.8372802734375,795.2080078125,692.5408325195312,1054.0443115234375,961.6005859375,1224.0560302734375
3036,621.9107055664062,809.8607177734375,656.6610107421875,1058.2261962890625,919.2156982421875,1214.720947265625
3037,636.4564208984375,815.1696166992188,608.3935546875,1047.630126953125,870.5534057617188,1213.6046142578125
3038,641.9585571289062,808.6240234375,586.7784423828125,1064.984130859375,820.73291015625,1255.1474609375
3039,624.9592895507812,798.960205078125,541.7465209960938,1070.16259765625,771.2717895507812,1281.8203125
3040,605.4645385742188,775.1141967773438,537.999755859375,1056.479736328125,675.2188110351562,1294.4842529296875
3041,619.0191650390625,773.2137451171875,510.3663024902344,1046.7568359375,617.530517578125,1311.663818359375
3042,611.5741577148438,759.3896484375,493.44342041015625,1039.2696533203125,546.9750366210938,1324.3040771484375
3043,619.5018920898438,759.4879760742188,497.3572082519531,1062.3931884765625,487.3727722167969,1351.126708984375
3044,635.563720703125,766.46337890625,499.5689392089844,1084.0301513671875,475.05853271484375,1350.6868896484375
3045,640.6153564453125,773.7557373046875,496.6947326660156,1111.36572265625,489.3126525878906,1358.14794921875
3046,626.9712524414062,789.4429321289062,468.7477111816406,1154.508544921875,523.0072631835938,1323.8521728515625
3047,613.5235595703125,821.9132690429688,462.12811279296875,1168.4979248046875,583.326416015625,1324.369873046875
3048,623.8650512695312,846.6961669921875,506.4620361328125,1159.0030517578125,680.700927734375,1334.194580078125
3049,652.4464111328125,837.1075439453125,552.6002197265625,1135.7735595703125,779.7359619140625,1340.48193359375
3050,645.096435546875,816.5916137695312,557.1279296875,1101.4603271484375,802.7005004882812,1320.519287109375
3051,671.235595703125,791.0196533203125,609.1785278320312,1093.735107421875,850.0638427734375,1362.0098876953125
3052,668.9397583007812,767.9571533203125,695.0781860351562,1092.922607421875,920.6821899414062,1388.45849609375
3053,663.4326782226562,747.6159057617188,727.1585083007812,1055.7813720703125,926.9031372070312,1359.621337890625
3054,642.3369140625,741.8785400390625,754.2647705078125,1040.5887451171875,956.4318237304688,1327.7716064453125
3055,638.560791015625,773.4179077148438,758.7655029296875,1031.0574951171875,970.0752563476562,1297.589111328125
3056,629.8729858398438,764.6823120117188,737.349609375,1036.4173583984375,975.753662109375,1262.6795654296875
3057,623.5320434570312,785.405517578125,703.8032836914062,1044.181640625,974.1962280273438,1224.3900146484375
3058,614.2428588867188,798.7516479492188,662.3139038085938,1058.6783447265625,922.7312622070312,1225.78125
3059,617.635009765625,808.2259521484375,608.3009033203125,1045.08154296875,878.955322265625,1211.1763916015625
3060,636.2774658203125,797.7343139648438,593.8629150390625,1047.9532470703125,825.4896850585938,1235.113037109375
3061,628.0096435546875,797.15771484375,563.2142333984375,1068.4168701171875,795.8695678710938,1275.3597412109375
3062,615.8461303710938,788.4737548828125,513.1944580078125,1046.4375,695.607666015625,1265.060302734375
3063,627.162353515625,775.040771484375,525.5857543945312,1043.7073974609375,633.9789428710938,1300.8482666015625
3064,623.6712036132812,760.2954711914062,507.8319396972656,1038.6531982421875,560.74755859375,1322.911865234375
3065,629.9953002929688,757.7373046875,512.7213745117188,1055.5303955078125,494.666015625,1352.045654296875
3066,650.4142456054688,757.873779296875,513.1753540039062,1072.704345703125,472.4235534667969,1364.2427978515625
3067,647.7726440429688,768.1629638671875,508.6918029785156,1102.2535400390625,482.8141784667969,1356.1395263671875
3068,649.777587890625,787.0198974609375,515.6145629882812,1146.5643310546875,524.9967651367188,1351.16162109375
3069,611.2020263671875,812.7667236328125,472.51226806640625,1165.28466796875,579.5130615234375,1314.029052734375
3070,618.6696166992188,841.1676635742188,511.59027099609375,1183.918212890625,659.4061279296875,1360.5028076171875
3071,645.1080322265625,836.969482421875,607.9691772460938,1119.0223388671875,849.9776611328125,1287.306640625
3072,650.1234130859375,817.8561401367188,578.5859985351562,1106.55224609375,835.8314208984375,1307.40673828125
3073,661.7085571289062,793.9111328125,591.7275390625,1100.088134765625,821.7515258789062,1344.42529296875
3074,684.2091674804688,771.9229125976562,686.2078247070312,1094.00537109375,918.0861206054688,1382.0941162109375
3075,681.1336059570312,757.6732177734375,726.19775390625,1069.623779296875,947.5843505859375,1375.533447265625
3076,669.2810668945312,749.810302734375,760.2940673828125,1045.8521728515625,969.0576782226562,1339.2138671875
3077,654.5116577148438,751.167724609375,780.0556640625,1036.531494140625,999.8759765625,1309.007080078125
3078,642.5836791992188,781.410888671875,757.635009765625,1041.8587646484375,986.0927124023438,1280.8057861328125
3079,635.0759887695312,776.4364013671875,730.4111938476562,1044.3538818359375,991.032958984375,1245.2169189453125
3080,628.996826171875,803.3389892578125,690.34130859375,1056.828857421875,958.8501586914062,1228.4176025390625
3081,620.8870849609375,819.695068359375,645.5405883789062,1056.9202880859375,912.1146240234375,1214.4276123046875
3082,647.5853271484375,816.7049560546875,617.1429443359375,1059.060546875,868.057861328125,1232.797119140625
3083,637.811279296875,806.152587890625,591.7838134765625,1069.58544921875,829.8926391601562,1264.8594970703125
3084,628.2022705078125,795.82275390625,535.4772338867188,1058.043212890625,758.7463989257812,1269.3270263671875
3085,630.8981323242188,782.3981323242188,526.5172119140625,1051.4639892578125,665.5050659179688,1292.26513671875
3086,622.360107421875,766.7340087890625,513.926025390625,1053.5848388671875,600.335693359375,1330.0279541015625
3087,619.657958984375,757.1831665039062,512.3457641601562,1046.376220703125,521.9651489257812,1338.8770751953125
3088,634.2952880859375,757.8004760742188,507.605712890625,1063.7940673828125,478.4268493652344,1350.4693603515625
3089,643.3104858398438,766.5509033203125,500.8853759765625,1085.1060791015625,474.4200439453125,1348.3291015625
3090,648.8016967773438,780.8143310546875,499.86859130859375,1122.5133056640625,493.0157775878906,1357.9248046875
3091,645.4654541015625,799.59033203125,491.99444580078125,1160.1328125,539.48095703125,1350.4659423828125
3092,605.753173828125,829.786376953125,464.66839599609375,1179.0037841796875,599.63330078125,1322.3759765625
3093,625.8427124023438,842.4803466796875,522.256103515625,1166.5689697265625,697.0010375976562,1347.0765380859375
3094,650.1603393554688,825.6035766601562,564.5858764648438,1132.764892578125,787.0090942382812,1336.394775390625
3095,653.8306274414062,801.6447143554688,563.6581420898438,1096.131591796875,812.2798461914062,1315.5230712890625
3096,678.210693359375,779.8605346679688,649.9703979492188,1096.952880859375,868.1799926757812,1370.9393310546875
3097,666.2037963867188,757.18212890625,702.7723999023438,1084.8316650390625,929.1572265625,1378.285888671875
3098,675.3026123046875,743.4241943359375,745.0325317382812,1048.8443603515625,939.763916015625,1346.3721923828125
3099,657.3224487304688,740.4302368164062,774.3226318359375,1036.3564453125,976.9662475585938,1311.891845703125
3100,648.146728515625,779.91748046875,768.8167114257812,1029.328857421875,982.5895385742188,1282.21923828125
3101,640.4519653320312,766.1881713867188,752.6932983398438,1037.3082275390625,987.0891723632812,1252.694091796875
3102,632.55908203125,783.1810913085938,708.48828125,1042.376220703125,981.2992553710938,1219.582763671875
3103,624.952880859375,800.4265747070312,676.7068481445312,1058.3143310546875,937.9896850585938,1220.9337158203125
3104,631.84814453125,813.9417114257812,619.27392578125,1044.3270263671875,880.6638793945312,1206.3035888671875
3105,647.1392822265625,807.3935546875,608.0094604492188,1069.46826171875,842.408935546875,1256.5379638671875
3106,637.0621948242188,793.3239135742188,565.17626953125,1064.073486328125,809.9093627929688,1274.6219482421875
3107,638.9102783203125,781.17626953125,546.3097534179688,1039.3974609375,697.1458129882812,1254.080810546875
3108,633.43310546875,770.05810546875,536.7792358398438,1037.9857177734375,644.44384765625,1299.5655517578125
3109,632.3485107421875,761.5296020507812,526.1502685546875,1041.678955078125,567.4297485351562,1335.33740234375
3110,642.9652099609375,756.4144287109375,532.84814453125,1057.2640380859375,515.7207641601562,1358.351806640625
3111,644.322509765625,771.0686645507812,517.39013671875,1080.8118896484375,487.9383544921875,1344.8807373046875
3112,653.9026489257812,775.8997192382812,514.7706298828125,1109.808837890625,500.5622863769531,1346.53662109375
3113,653.3269653320312,792.4557495117188,521.2408447265625,1159.303955078125,554.85595703125,1341.6785888671875
3114,638.455810546875,829.8262939453125,517.312255859375,1177.827392578125,624.3275146484375,1341.263671875
3115,635.4513549804688,845.4439697265625,552.9957885742188,1151.2265625,741.4945678710938,1308.0252685546875
3116,666.4464721679688,836.85791015625,609.0606689453125,1110.0438232421875,860.9544677734375,1280.4334716796875
3117,661.8660278320312,824.552490234375,596.7236938476562,1117.4801025390625,845.84912109375,1321.72998046875
3118,683.5736694335938,789.0926513671875,641.0559692382812,1099.945068359375,874.7992553710938,1355.7421875
3119,697.8726196289062,769.510986328125,712.42529296875,1088.514404296875,942.2678833007812,1390.6314697265625
3120,689.1978759765625,746.599609375,745.3493041992188,1051.5601806640625,965.6473388671875,1344.69189453125
3121,672.0205078125,744.3353271484375,773.7881469726562,1034.1368408203125,986.0037231445312,1307.150146484375
3122,649.6993408203125,776.7114868164062,771.406005859375,1024.7244873046875,996.1644897460938,1278.6663818359375
3123,646.234375,767.989013671875,759.8360595703125,1030.960693359375,992.5906372070312,1250.5794677734375
3124,631.9838256835938,784.58642578125,719.6727294921875,1042.995849609375,980.5314331054688,1217.392822265625
3125,623.9249267578125,803.390869140625,677.1055297851562,1052.6787109375,942.6332397460938,1217.1595458984375
3126,625.4012451171875,813.6198120117188,622.40966796875,1044.7578125,896.4295043945312,1203.344482421875
3127,645.460693359375,806.7141723632812,604.9863891601562,1050.880859375,836.8130493164062,1230.3072509765625
3128,628.0455322265625,799.43212890625,567.7446899414062,1069.535888671875,815.477294921875,1272.3046875
3129,603.5114135742188,777.9845581054688,537.8827514648438,1055.47021484375,703.166748046875,1278.814453125
3130,611.8741455078125,773.1677856445312,511.5713195800781,1040.904052734375,635.2998657226562,1298.2130126953125
3131,604.2229614257812,759.5631103515625,493.0993957519531,1032.59130859375,560.3231811523438,1320.0133056640625
3132,615.1146240234375,756.4105224609375,497.1451110839844,1050.2109375,484.80743408203125,1342.73583984375
3133,623.0321044921875,759.8163452148438,490.41064453125,1071.766845703125,462.3036804199219,1346.9644775390625
3134,632.433349609375,770.9474487304688,489.37200927734375,1093.81494140625,474.1910705566406,1338.2255859375
3135,622.7985229492188,789.7088623046875,483.9542541503906,1142.4635009765625,511.24822998046875,1345.1575927734375
3136,604.2500610351562,822.7437744140625,477.943359375,1173.3673095703125,573.6091918945312,1330.3323974609375
3137,602.724609375,847.2872314453125,491.2317810058594,1176.217529296875,637.693603515625,1343.1793212890625
3138,620.70849609375,847.2828979492188,545.9967041015625,1146.7501220703125,771.1640625,1318.6851806640625
3139,622.1930541992188,825.1990966796875,553.5703125,1110.8411865234375,794.3685302734375,1309.6446533203125
3140,653.4171752929688,795.6893920898438,568.5360717773438,1101.60205078125,795.2117309570312,1338.0352783203125
3141,661.4048461914062,776.90625,647.72900390625,1092.652587890625,884.4058837890625,1372.51904296875
3142,642.5841674804688,757.6018676757812,700.1898803710938,1072.06494140625,926.7207641601562,1358.8812255859375
3143,630.8671264648438,751.6328735351562,720.3660888671875,1032.819091796875,923.1954345703125,1311.5537109375
3144,614.6776733398438,759.744873046875,742.1367797851562,1029.12353515625,948.3396606445312,1287.9404296875
3145,608.6526489257812,764.669189453125,727.388671875,1027.5194091796875,963.37353515625,1260.11474609375
3146,605.0031127929688,773.1207275390625,704.219970703125,1039.4700927734375,961.982177734375,1238.5748291015625
3147,588.2462158203125,794.1299438476562,664.017578125,1059.75390625,927.3253784179688,1227.0062255859375
3148,600.3216552734375,811.447998046875,624.222900390625,1065.0235595703125,881.8682250976562,1228.5556640625
3149,606.8511962890625,813.5281372070312,580.050537109375,1062.845947265625,832.2520751953125,1238.1617431640625
3150,612.3314208984375,802.0838012695312,552.7738037109375,1071.9998779296875,768.5985717773438,1274.799072265625
3151,602.3618774414062,797.2904663085938,521.2129516601562,1073.399169921875,741.0411987304688,1291.5234375
3152,601.2233276367188,775.0462646484375,494.1045227050781,1041.396484375,638.3572387695312,1276.730712890625
3153,597.1961059570312,768.5431518554688,487.84918212890625,1041.6947021484375,577.2262573242188,1310.921630859375
3154,596.4911499023438,759.8501586914062,478.23980712890625,1044.3623046875,506.2794189453125,1322.6429443359375
3155,603.5723876953125,761.7822265625,480.7006530761719,1068.0667724609375,450.4646301269531,1358.657958984375
3156,610.4625244140625,770.505126953125,475.3257751464844,1088.9769287109375,446.01116943359375,1361.146728515625
3157,615.561279296875,779.7647705078125,465.5417175292969,1123.323486328125,457.5507507324219,1359.2955322265625
3158,614.5294799804688,801.33349609375,464.9720153808594,1156.37841796875,511.8368225097656,1338.9327392578125
3159,589.3348999023438,830.2732543945312,464.93731689453125,1178.401611328125,570.127685546875,1347.027099609375
3160,578.025146484375,839.6856689453125,470.7637939453125,1169.0498046875,633.74560546875,1341.16015625
3161,615.0851440429688,832.8299560546875,513.1952514648438,1137.8638916015625,722.306640625,1337.7498779296875
3162,625.7081909179688,813.3930053710938,535.793212890625,1108.95166015625,772.3353881835938,1331.2464599609375
3163,634.2848510742188,779.6268920898438,597.4329833984375,1091.9349365234375,814.6502075195312,1352.11962890625
3164,644.994384765625,756.8294677734375,659.8873901367188,1087.3179931640625,876.43359375,1385.7188720703125
3165,629.052734375,741.5682983398438,701.00634765625,1056.745849609375,907.7091674804688,1341.808349609375
3166,608.5252685546875,759.5420532226562,711.3555908203125,1018.8447875976562,913.874267578125,1290.4130859375
3167,600.8124389648438,750.1431884765625,730.975341796875,1022.125732421875,945.5191650390625,1271.586181640625
3168,599.836669921875,761.2566528320312,710.3807373046875,1029.051025390625,950.494140625,1247.320068359375
3169,595.6342163085938,776.0670776367188,683.8395385742188,1043.91357421875,938.6192016601562,1224.770263671875
3170,588.049560546875,802.8563232421875,641.1267700195312,1058.774658203125,903.3045043945312,1218.5533447265625
3171,593.595458984375,816.0882568359375,607.7706298828125,1059.1136474609375,867.4764404296875,1214.2427978515625
3172,603.734619140625,805.3695068359375,571.3858642578125,1054.7305908203125,809.7086791992188,1236.669677734375
3173,612.2652587890625,800.1874389648438,546.5733032226562,1050.8704833984375,759.9437255859375,1234.8253173828125
3174,626.1412353515625,791.8406982421875,513.100341796875,1058.6080322265625,706.488525390625,1275.135986328125
3175,618.376220703125,784.099365234375,494.1731872558594,1040.593505859375,616.1171264648438,1281.309814453125
3176,609.01904296875,768.3870849609375,489.22723388671875,1041.6739501953125,566.7454223632812,1317.040771484375
3177,607.9134521484375,755.10546875,495.416015625,1042.50341796875,505.2702941894531,1332.7232666015625
3178,614.6088256835938,756.2457885742188,489.9016418457031,1060.84130859375,466.5784606933594,1349.257568359375
3179,623.2249755859375,767.0819702148438,483.03717041015625,1088.2528076171875,465.33392333984375,1356.5360107421875
3180,627.1023559570312,790.3573608398438,481.10882568359375,1133.5728759765625,489.1016540527344,1351.2445068359375
3181,615.3175048828125,808.9473266601562,474.7814025878906,1166.23876953125,547.8212280273438,1346.0753173828125
3182,588.8865966796875,832.519775390625,482.25433349609375,1170.6240234375,618.6857299804688,1342.1954345703125
3183,595.3986206054688,842.56494140625,510.5298156738281,1160.303955078125,707.3693237304688,1333.9031982421875
3184,614.8355102539062,822.0604248046875,534.646728515625,1117.7557373046875,766.8202514648438,1315.2789306640625
3185,628.45068359375,807.1512451171875,538.0625610351562,1097.692626953125,786.37939453125,1320.7244873046875
3186,641.2374877929688,772.1898193359375,630.7450561523438,1083.408447265625,868.4022216796875,1368.541015625
3187,638.6477661132812,752.5029907226562,677.70068359375,1067.9534912109375,901.8290405273438,1384.207763671875
3188,632.242431640625,744.2798461914062,718.931640625,1044.901611328125,927.03076171875,1337.9952392578125
3189,611.85693359375,743.0953369140625,732.325927734375,1025.5299072265625,952.1061401367188,1293.368896484375
3190,599.950927734375,751.9612426757812,727.5784301757812,1024.6700439453125,970.9231567382812,1265.9078369140625
3191,594.0211181640625,771.3495483398438,706.1422119140625,1041.3990478515625,965.9419555664062,1247.6441650390625
3192,583.85595703125,795.4143676757812,670.87451171875,1056.0399169921875,937.921142578125,1225.30712890625
3193,589.5408325195312,805.643798828125,629.5864868164062,1062.7430419921875,889.3840942382812,1216.9053955078125
3194,592.1484375,806.105224609375,580.9329833984375,1067.773681640625,827.0570068359375,1241.8134765625
3195,591.9440307617188,803.2632446289062,533.0092163085938,1074.294921875,746.9404907226562,1276.2015380859375
3196,597.7974853515625,795.3611450195312,503.5192565917969,1072.61474609375,722.4878540039062,1300.2864990234375
3197,598.2941284179688,789.9631958007812,473.9862976074219,1044.267333984375,625.7586059570312,1269.9683837890625
3198,584.8936157226562,767.242919921875,479.05078125,1048.2020263671875,583.3802490234375,1317.7840576171875
3199,577.6124877929688,760.6054077148438,465.2601013183594,1049.04931640625,509.3719787597656,1332.94775390625
3200,583.9248046875,763.5811767578125,459.0472412109375,1069.5625,445.5022888183594,1354.2763671875
3201,595.0977172851562,768.1929931640625,454.77557373046875,1094.7880859375,434.238037109375,1358.8851318359375
3202,604.166015625,779.97509765625,447.38653564453125,1129.7330322265625,436.7456359863281,1370.8988037109375
3203,592.8578491210938,794.8123168945312,442.7654113769531,1158.59228515625,481.49652099609375,1364.887939453125
3204,570.6656494140625,821.9005737304688,434.5851745605469,1175.93408203125,535.7695922851562,1347.6968994140625
3205,563.8718872070312,827.0805053710938,436.00469970703125,1167.077392578125,582.2803344726562,1340.405029296875
3206,601.4940185546875,829.2369384765625,507.090087890625,1147.001953125,717.0758056640625,1358.832275390625
3207,589.5664672851562,819.7843017578125,497.6773681640625,1101.473876953125,729.3872680664062,1321.2830810546875
3208,627.7327880859375,796.0924072265625,571.873046875,1110.141845703125,797.5519409179688,1380.0677490234375
3209,625.6957397460938,768.519287109375,644.7572021484375,1101.2557373046875,859.0803833007812,1405.0738525390625
3210,614.3031616210938,743.2396240234375,673.111083984375,1059.0867919921875,866.6372680664062,1360.5491943359375
3211,594.1323852539062,742.7984619140625,703.803955078125,1032.8486328125,900.5205688476562,1315.7081298828125
3212,581.5147705078125,761.1537475585938,711.92529296875,1033.2352294921875,928.236328125,1283.906005859375
3213,580.3189086914062,763.9454956054688,695.9481811523438,1042.0023193359375,924.6348266601562,1261.8795166015625
3214,569.3124389648438,781.1149291992188,656.8656616210938,1049.6580810546875,915.6762084960938,1234.9775390625
3215,566.6686401367188,800.75634765625,622.074462890625,1053.63720703125,887.0681762695312,1215.4051513671875
3216,568.5851440429688,798.3909912109375,581.3211669921875,1061.808837890625,841.0149536132812,1227.6490478515625
3217,578.4190673828125,796.911865234375,546.491455078125,1066.8006591796875,781.7648315429688,1249.60107421875
3218,570.752685546875,803.9397583007812,509.6605529785156,1088.5997314453125,738.7366333007812,1306.484619140625
3219,568.9902954101562,798.3677368164062,481.6944580078125,1066.1158447265625,698.051513671875,1281.1866455078125
3220,582.2476196289062,788.3247680664062,458.2766418457031,1043.456298828125,589.74462890625,1279.7611083984375
3221,577.5301513671875,770.4475708007812,457.6498718261719,1050.482666015625,530.1868896484375,1324.5853271484375
3222,575.5182495117188,762.43017578125,459.01025390625,1058.08251953125,463.6600341796875,1348.1683349609375
3223,583.740234375,764.0872802734375,452.00018310546875,1076.002685546875,421.9058532714844,1355.814697265625
3224,593.38525390625,774.4660034179688,445.2425537109375,1103.4825439453125,430.99029541015625,1356.2615966796875
3225,588.6556396484375,785.3375854492188,442.42340087890625,1132.285400390625,473.3236083984375,1348.04296875
3226,577.2379760742188,809.7449340820312,439.79864501953125,1160.0423583984375,524.2575073242188,1344.511962890625
3227,554.3637084960938,837.4727783203125,439.0461730957031,1174.33642578125,587.5137329101562,1329.9605712890625
3228,573.9027709960938,840.32666015625,489.8131103515625,1167.76123046875,679.9774169921875,1332.0909423828125
3229,594.6882934570312,825.7501831054688,509.5168762207031,1114.70068359375,744.35546875,1320.2069091796875
3230,620.7272338867188,797.8478393554688,521.3783569335938,1105.1466064453125,752.508544921875,1340.18408203125
3231,626.1517944335938,780.3211669921875,624.843017578125,1096.453125,843.77490234375,1386.782470703125
3232,623.6910400390625,756.5501098632812,664.625244140625,1076.443359375,877.1451416015625,1366.720458984375
3233,605.877197265625,739.457763671875,684.3908081054688,1037.63232421875,885.3741455078125,1323.7462158203125
3234,586.2796630859375,751.3526000976562,707.3959350585938,1027.6787109375,921.9933471679688,1291.06689453125
3235,577.862060546875,761.9379272460938,704.9989624023438,1028.748291015625,939.951416015625,1264.045166015625
3236,569.8629760742188,774.7006225585938,675.8228149414062,1044.9049072265625,920.1196899414062,1244.4822998046875
3237,561.22021484375,792.4863891601562,636.0198364257812,1053.56689453125,908.7711791992188,1216.988525390625
3238,563.5545043945312,802.8305053710938,599.4298095703125,1067.0540771484375,869.2527465820312,1224.43603515625
3239,568.7085571289062,797.1006469726562,556.011962890625,1066.75244140625,809.2837524414062,1232.930419921875
3240,577.7026977539062,800.1815795898438,528.280517578125,1074.39306640625,751.8140258789062,1283.6353759765625
3241,567.6591186523438,796.5474243164062,492.10064697265625,1074.30859375,729.6652221679688,1300.0703125
3242,575.3209838867188,788.5435791015625,459.13287353515625,1051.8291015625,619.43505859375,1272.5633544921875
3243,574.0562744140625,779.0916748046875,454.4825439453125,1052.936279296875,562.61865234375,1311.3795166015625
3244,566.04443359375,759.4351196289062,453.9389953613281,1049.15283203125,498.04669189453125,1330.5413818359375
3245,574.009521484375,763.4057006835938,455.01068115234375,1070.52978515625,439.1862487792969,1356.13330078125
3246,583.2648315429688,763.3673095703125,445.9023742675781,1090.5030517578125,424.73291015625,1356.915283203125
3247,588.5798950195312,774.0474853515625,439.1932373046875,1119.2679443359375,440.0435485839844,1363.27587890625
3248,584.2333984375,791.2278442382812,433.6208801269531,1145.1622314453125,492.8236999511719,1348.5738525390625
3249,561.8933715820312,820.3204345703125,430.08062744140625,1173.27685546875,533.0468139648438,1342.9976806640625
3250,552.4893188476562,833.4794311523438,439.54559326171875,1177.5787353515625,601.8118286132812,1342.461181640625
3251,591.6057739257812,827.8802490234375,507.866455078125,1139.8839111328125,731.0206298828125,1336.924560546875
3252,581.4304809570312,811.7310791015625,497.332763671875,1101.4588623046875,754.100341796875,1307.9796142578125
3253,601.6980590820312,781.2529907226562,551.9189453125,1091.302490234375,778.017333984375,1348.794921875
3254,611.1895141601562,769.8399047851562,640.6322631835938,1093.4810791015625,862.9889526367188,1386.2821044921875
3255,609.4502563476562,754.6716918945312,676.73876953125,1070.57470703125,893.1566772460938,1354.218017578125
3256,586.8419189453125,747.9137573242188,692.964111328125,1037.7166748046875,895.204345703125,1311.6226806640625
3257,576.7208862304688,762.4513549804688,707.9710693359375,1034.2210693359375,927.4904174804688,1281.6741943359375
3258,575.7763061523438,771.2705078125,697.7034301757812,1043.848876953125,924.6200561523438,1260.8411865234375
3259,563.3326416015625,784.41162109375,651.1981201171875,1048.134521484375,912.8538818359375,1222.151123046875
3260,561.7388916015625,805.469970703125,618.7191772460938,1058.9007568359375,880.6190185546875,1218.62841796875
3261,561.6708984375,801.4495849609375,575.0654296875,1067.6795654296875,833.6467895507812,1229.02685546875
3262,577.932861328125,802.6652221679688,537.79931640625,1058.35546875,763.72119140625,1245.962158203125
3263,564.6781005859375,801.3096313476562,505.36981201171875,1078.587158203125,744.9609985351562,1288.9658203125
3264,572.4141845703125,788.1661987304688,459.54437255859375,1043.234619140625,639.358154296875,1260.4921875
3265,569.8137817382812,779.88720703125,451.7098693847656,1042.9718017578125,579.526123046875,1289.25537109375
3266,554.9598999023438,765.9376831054688,444.2801513671875,1049.8763427734375,513.465087890625,1320.7802734375
3267,571.0653076171875,752.7461547851562,458.27508544921875,1063.53369140625,454.3165283203125,1358.629638671875
3268,577.7135009765625,758.3018798828125,447.9955749511719,1079.351806640625,418.2159118652344,1352.029541015625
3269,582.4793701171875,768.7655639648438,440.3068542480469,1111.1796875,428.3762512207031,1365.6907958984375
3270,584.4158325195312,788.1588745117188,437.05645751953125,1142.6541748046875,474.5876159667969,1357.379150390625
3271,571.93017578125,807.0501708984375,437.5052795410156,1171.7376708984375,517.0626831054688,1351.008544921875
3272,541.044677734375,829.4271850585938,463.6000061035156,1148.5281982421875,655.7255859375,1289.9534912109375
3273,591.6744995117188,829.218017578125,497.0401916503906,1157.6500244140625,696.1474609375,1358.1884765625
3274,588.3598022460938,810.3094482421875,506.482666015625,1106.0115966796875,748.48388671875,1323.9581298828125
3275,615.599853515625,787.8058471679688,528.36962890625,1102.581787109375,752.70703125,1359.893310546875
3276,620.14306640625,769.0779418945312,626.14013671875,1098.179443359375,837.42626953125,1385.7042236328125
3277,618.157958984375,745.7411499023438,663.036376953125,1065.285400390625,873.4797973632812,1364.734130859375
3278,596.8741455078125,731.1432495117188,691.16162109375,1030.236328125,881.5547485351562,1324.7374267578125
3279,577.9149169921875,749.494873046875,707.5213012695312,1026.6171875,919.6538696289062,1291.6881103515625
3280,580.5656127929688,758.9124755859375,701.065673828125,1030.4864501953125,926.4808959960938,1267.197265625
3281,575.3973388671875,778.1266479492188,668.6889038085938,1047.328125,914.6006469726562,1243.497802734375
3282,566.9443359375,791.4774169921875,628.2308349609375,1056.7247314453125,898.7063598632812,1222.3507080078125
3283,564.1748657226562,804.5423583984375,591.1007080078125,1072.7156982421875,847.3485717773438,1236.01611328125
3284,577.5093383789062,807.298095703125,553.7819213867188,1069.7667236328125,797.5047607421875,1240.114013671875
3285,567.6885375976562,810.9719848632812,514.7184448242188,1086.6708984375,742.7000122070312,1291.7054443359375
3286,569.1764526367188,803.4935302734375,478.97607421875,1061.585205078125,707.6969604492188,1271.2701416015625
3287,584.3002319335938,790.8261108398438,457.7075500488281,1033.46826171875,595.783447265625,1260.1923828125
3288,574.698974609375,775.857421875,454.32452392578125,1048.25439453125,542.140625,1316.6529541015625
3289,570.46142578125,757.4512939453125,454.9493408203125,1039.44140625,477.97955322265625,1320.515380859375
3290,580.9825439453125,761.0094604492188,456.19940185546875,1063.7490234375,430.461669921875,1355.4302978515625
3291,586.5471801757812,771.4087524414062,446.1499328613281,1094.720703125,436.2096252441406,1351.7193603515625
3292,595.0546875,778.8960571289062,447.27978515625,1128.838134765625,458.8288879394531,1354.216796875
3293,578.1478271484375,807.459228515625,440.68450927734375,1163.123291015625,523.3006591796875,1342.42431640625
3294,557.4977416992188,838.01220703125,446.14617919921875,1179.4383544921875,582.5861206054688,1332.847412109375
3295,567.4067993164062,840.9349975585938,473.77947998046875,1175.1119384765625,654.3399658203125,1334.6165771484375
3296,589.3285522460938,828.759521484375,503.8502197265625,1121.107421875,747.2899169921875,1316.9998779296875
3297,613.78857421875,801.4757080078125,526.6144409179688,1110.241455078125,755.1688842773438,1348.3338623046875
3298,631.4447021484375,776.40771484375,614.7930908203125,1093.806640625,843.797607421875,1374.1888427734375
3299,628.0006103515625,759.050537109375,662.0545043945312,1079.1654052734375,877.31396484375,1376.4420166015625
3300,613.4092407226562,738.9215698242188,689.204833984375,1040.392578125,884.44580078125,1340.8533935546875
3301,593.6972045898438,748.387451171875,712.9969482421875,1031.8751220703125,917.6270141601562,1298.999755859375
3302,588.2360229492188,756.8325805664062,717.9426879882812,1029.7421875,938.271240234375,1270.2030029296875
3303,578.31689453125,769.2993774414062,694.9671020507812,1043.3492431640625,931.3938598632812,1249.798095703125
3304,569.973388671875,786.9885864257812,648.3733520507812,1052.8890380859375,911.3311157226562,1218.0406494140625
3305,563.4475708007812,802.94091796875,609.83056640625,1068.2537841796875,871.6124267578125,1222.6439208984375
3306,575.2158203125,799.2650756835938,560.5784301757812,1060.305908203125,804.5152587890625,1225.6065673828125
3307,589.483642578125,804.6015625,528.6670532226562,1056.8404541015625,755.3972778320312,1252.2027587890625
3308,582.2845458984375,795.3772583007812,495.1274719238281,1068.85400390625,730.3164672851562,1297.781982421875
3309,585.3301391601562,788.2886962890625,462.20172119140625,1041.8599853515625,618.8040161132812,1261.7633056640625
3310,576.6265258789062,776.8818969726562,457.5529479980469,1043.607177734375,561.9163818359375,1302.9515380859375
3311,566.8075561523438,761.2698364257812,446.7417297363281,1042.6976318359375,484.15283203125,1328.504638671875
3312,583.6032104492188,750.4049682617188,458.4178161621094,1059.390625,431.3236083984375,1355.343505859375
3313,592.5225219726562,752.746826171875,447.8609619140625,1077.4559326171875,416.0071105957031,1347.78515625
3314,596.4213256835938,765.0159301757812,441.03546142578125,1113.8687744140625,441.25213623046875,1355.9864501953125
3315,601.651611328125,783.0612182617188,445.9946594238281,1144.8465576171875,480.3397521972656,1353.5540771484375
3316,584.2789306640625,805.1231689453125,445.3818054199219,1169.0582275390625,524.7418212890625,1329.7894287109375
3317,552.973388671875,828.771484375,445.8936767578125,1159.153564453125,603.9739990234375,1309.2264404296875
3318,579.0032958984375,826.7305908203125,512.291748046875,1127.2364501953125,730.5285034179688,1291.1700439453125
3319,587.78125,822.5079956054688,497.6634826660156,1102.7462158203125,747.2977294921875,1309.1005859375
3320,619.3375244140625,793.0493774414062,546.955322265625,1099.3851318359375,764.3856811523438,1344.001953125
3321,634.2803344726562,774.8186645507812,637.8426513671875,1095.976318359375,845.9293212890625,1391.5562744140625
3322,617.4939575195312,752.2767944335938,671.7239379882812,1071.822998046875,882.9811401367188,1369.9842529296875
3323,605.6405639648438,735.383056640625,696.9674072265625,1030.05859375,890.8524169921875,1323.3687744140625
3324,590.6876220703125,741.1767578125,718.2291259765625,1022.6824951171875,929.513916015625,1289.6964111328125
3325,576.3565063476562,756.2554931640625,710.2166748046875,1023.8353271484375,940.6726684570312,1254.5626220703125
3326,573.65673828125,772.89404296875,685.1978149414062,1037.7672119140625,932.5030517578125,1237.95703125
3327,567.4658813476562,786.384521484375,642.3984985351562,1043.6466064453125,907.9187622070312,1203.8892822265625
3328,560.2554321289062,804.0479736328125,600.1307373046875,1061.90087890625,862.7720947265625,1206.95361328125
3329,570.1038208007812,792.7273559570312,562.4954223632812,1060.11669921875,809.8374633789062,1223.3287353515625
3330,585.7155151367188,795.4158325195312,532.670654296875,1060.3013916015625,752.5831298828125,1259.220947265625
3331,574.8096923828125,788.2042236328125,478.04388427734375,1051.360107421875,693.3759155273438,1266.2958984375
3332,588.5914916992188,782.5966186523438,462.1968688964844,1032.967529296875,610.7844848632812,1260.277587890625
3333,572.802978515625,767.4421997070312,457.93267822265625,1040.779052734375,559.556396484375,1309.8153076171875
3334,566.9014892578125,741.6548461914062,453.774169921875,1034.985107421875,485.75482177734375,1325.611083984375
3335,579.482177734375,748.7203369140625,456.4276428222656,1064.5247802734375,429.8709716796875,1354.6126708984375
3336,586.9907836914062,758.5220947265625,449.0299377441406,1086.8890380859375,422.97100830078125,1350.2384033203125
3337,591.1454467773438,774.8612060546875,442.9472351074219,1123.1561279296875,436.9646301269531,1360.166748046875
3338,586.65087890625,792.3265380859375,443.69818115234375,1153.3621826171875,490.40771484375,1347.3057861328125
3339,560.0809936523438,823.0859985351562,429.1688232421875,1173.0616455078125,538.373046875,1324.2337646484375
3340,560.118408203125,835.0384521484375,446.4324645996094,1172.1112060546875,615.040283203125,1337.4149169921875
3341,591.77294921875,835.86181640625,505.9090576171875,1139.078857421875,731.6493530273438,1343.8992919921875
3342,593.9448852539062,808.907470703125,519.5447998046875,1104.77490234375,752.9502563476562,1310.8087158203125
3343,621.464599609375,778.57763671875,580.0016479492188,1083.0006103515625,790.5946655273438,1349.23828125
3344,614.6404418945312,755.1572875976562,640.4864501953125,1075.08349609375,861.36181640625,1363.962646484375
3345,614.6975708007812,733.800537109375,672.7589111328125,1055.7891845703125,876.2845458984375,1350.0777587890625
3346,586.143310546875,736.774658203125,693.4290161132812,1028.4580078125,890.7196655273438,1305.42626953125
3347,578.7265625,746.8717041015625,706.3928833007812,1021.3251342773438,927.3239135742188,1275.218017578125
3348,578.5571899414062,753.06884765625,689.31201171875,1028.432373046875,920.9578857421875,1251.884521484375
3349,573.3240966796875,777.7551879882812,655.2169189453125,1046.0968017578125,902.0943603515625,1232.7410888671875
3350,569.3270263671875,792.6119995117188,622.121337890625,1052.09619140625,880.3469848632812,1217.3814697265625
3351,565.4540405273438,792.9520263671875,579.83544921875,1057.4981689453125,833.6759033203125,1221.6392822265625
3352,584.6083374023438,790.699462890625,539.1984252929688,1058.79345703125,766.6636962890625,1250.42138671875
3353,574.1644897460938,805.1848754882812,505.49993896484375,1083.8258056640625,743.8986206054688,1305.9063720703125
3354,579.5775146484375,793.9194946289062,461.69439697265625,1048.7593994140625,644.2705078125,1264.36572265625
3355,581.251953125,788.0697021484375,457.1123046875,1044.9114990234375,575.871337890625,1284.850830078125
3356,574.7924194335938,762.9793090820312,455.3558349609375,1048.677978515625,515.7896728515625,1328.1614990234375
3357,572.7081298828125,759.2843017578125,457.8414001464844,1066.018798828125,453.59051513671875,1363.88818359375
3358,584.7456665039062,759.564208984375,449.5572509765625,1084.9874267578125,412.4192810058594,1368.6866455078125
3359,590.1327514648438,771.256591796875,440.5257873535156,1113.53759765625,422.8070068359375,1364.115966796875
3360,594.6802978515625,784.4514770507812,438.97760009765625,1145.5433349609375,466.28265380859375,1369.06201171875
3361,574.0902099609375,810.9630126953125,434.36041259765625,1172.949462890625,516.0580444335938,1352.4281005859375
3362,547.5723266601562,836.02294921875,432.30267333984375,1166.4708251953125,582.8311767578125,1320.1759033203125
3363,585.3236083984375,832.821533203125,480.82958984375,1162.90869140625,655.1495361328125,1354.6864013671875
3364,595.8003540039062,825.9188842773438,497.3951416015625,1119.09814453125,742.5949096679688,1334.2265625
3365,621.6453247070312,800.349609375,522.8030395507812,1115.9984130859375,746.8873901367188,1374.6937255859375
3366,631.87890625,774.5087280273438,618.5343627929688,1104.1378173828125,825.4775390625,1393.0069580078125
3367,628.7841796875,752.7240600585938,664.328369140625,1082.3770751953125,868.7747192382812,1389.101806640625
3368,612.0498046875,736.4276733398438,696.3768310546875,1040.9342041015625,890.3990478515625,1341.921142578125
3369,589.6936645507812,748.5435791015625,719.1837768554688,1032.6866455078125,924.9078979492188,1294.8577880859375
3370,591.6624755859375,753.31787109375,714.3327026367188,1030.192626953125,944.9115600585938,1266.7176513671875
3371,579.8457641601562,768.7007446289062,682.1896362304688,1044.188720703125,923.4864501953125,1241.591064453125
3372,570.1435546875,786.523681640625,643.0095825195312,1054.6328125,904.5657348632812,1214.7791748046875
3373,573.3358154296875,800.4889526367188,611.4502563476562,1063.9107666015625,867.0982055664062,1221.8397216796875
3374,584.7683715820312,797.6369018554688,565.3994140625,1067.4957275390625,800.6990356445312,1248.6795654296875
3375,580.5181274414062,807.09375,521.5362548828125,1086.7470703125,743.6260986328125,1293.5380859375
3376,588.0531005859375,794.143310546875,491.7422790527344,1064.3536376953125,700.72412109375,1286.3154296875
3377,589.7351684570312,786.5524291992188,470.4335632324219,1038.0699462890625,607.0023193359375,1263.0609130859375
3378,586.20068359375,768.9171752929688,481.5384826660156,1048.6419677734375,559.4346313476562,1326.045166015625
3379,582.1950073242188,759.8662719726562,475.7035217285156,1049.3858642578125,483.501708984375,1345.4229736328125
3380,590.0214233398438,758.0470581054688,470.33380126953125,1067.111328125,434.1507568359375,1364.0941162109375
3381,599.1497192382812,765.9450073242188,466.39849853515625,1092.3631591796875,445.10833740234375,1363.3438720703125
3382,604.7283935546875,776.4181518554688,460.7771301269531,1128.9447021484375,468.1097717285156,1365.268798828125
3383,600.0841674804688,802.2828979492188,464.2463684082031,1170.036865234375,531.3775634765625,1355.8707275390625
3384,575.1619873046875,837.1546020507812,470.0913391113281,1179.31201171875,600.625732421875,1341.91259765625
3385,591.2139892578125,842.2472534179688,523.6803588867188,1152.421875,729.64599609375,1318.0557861328125
3386,609.6486206054688,831.2288818359375,514.1752319335938,1121.7291259765625,750.186767578125,1323.6302490234375
3387,632.4735717773438,808.8278198242188,527.5023803710938,1104.9825439453125,769.24951171875,1334.994140625
3388,639.718505859375,784.4530029296875,622.0999145507812,1094.2349853515625,848.709228515625,1370.524169921875
3389,653.080810546875,758.8294677734375,672.0140991210938,1087.382568359375,873.97119140625,1405.6380615234375
3390,638.9190063476562,743.9938354492188,705.4449462890625,1047.68408203125,906.0503540039062,1345.4049072265625
3391,610.7627563476562,744.2232055664062,726.03857421875,1031.84912109375,932.8598022460938,1300.6900634765625
3392,599.0256958007812,753.3621826171875,722.3223266601562,1027.628173828125,960.7413940429688,1268.07958984375
3393,592.524658203125,770.2762451171875,704.7193603515625,1046.2138671875,945.6735229492188,1249.9000244140625
3394,581.7083129882812,789.61767578125,660.654296875,1055.4539794921875,922.8521118164062,1226.9388427734375
3395,572.7889404296875,802.6131591796875,617.5911865234375,1064.4334716796875,883.2986450195312,1212.9771728515625
3396,587.5283203125,803.0984497070312,570.8214111328125,1068.8863525390625,813.23681640625,1245.1259765625
3397,595.9213256835938,799.1951904296875,545.0593872070312,1073.1494140625,761.7609252929688,1274.918701171875
3398,592.5564575195312,794.6724243164062,507.04388427734375,1065.83056640625,736.7999267578125,1283.5015869140625
3399,597.0440673828125,784.4657592773438,476.0592346191406,1037.516845703125,621.537841796875,1264.6248779296875
3400,579.63427734375,770.2402954101562,473.8843688964844,1044.238525390625,567.82275390625,1307.56005859375
3401,578.243408203125,754.372314453125,472.21539306640625,1036.896240234375,501.5045471191406,1324.0833740234375
3402,589.924072265625,754.0067138671875,473.55865478515625,1058.3505859375,444.6827087402344,1359.183837890625
3403,598.000244140625,757.5919799804688,470.958251953125,1077.442138671875,436.4674987792969,1355.7081298828125
3404,604.8414306640625,767.3650512695312,463.4512939453125,1107.498291015625,458.58428955078125,1357.5010986328125
3405,607.3929443359375,789.2880249023438,460.328369140625,1150.011474609375,506.0423889160156,1359.0863037109375
3406,583.4769897460938,819.2515869140625,463.0557861328125,1177.9622802734375,560.5734252929688,1345.706787109375
3407,570.357421875,846.4822998046875,466.05224609375,1178.4591064453125,626.31298828125,1336.25439453125
3408,599.0308837890625,840.9444580078125,532.2586669921875,1132.736572265625,767.7178344726562,1307.2236328125
3409,604.9801025390625,825.5973510742188,519.18896484375,1106.828369140625,775.7288818359375,1306.19921875
3410,629.4241333007812,797.8443603515625,562.6785278320312,1102.8123779296875,792.1046142578125,1353.5130615234375
3411,643.5567626953125,773.489501953125,652.6792602539062,1097.9776611328125,873.58447265625,1397.3037109375
3412,638.2215576171875,746.3897705078125,680.1420288085938,1061.9552001953125,882.3250122070312,1371.19677734375
3413,616.9219970703125,740.78759765625,716.4312133789062,1035.1905517578125,919.8845825195312,1319.500732421875
3414,600.7296752929688,750.0615234375,728.0010986328125,1026.857666015625,946.5913696289062,1284.5582275390625
3415,598.2149658203125,759.938232421875,707.74072265625,1031.736572265625,943.808349609375,1258.986328125
3416,582.7310791015625,778.3167114257812,686.738037109375,1051.3814697265625,943.802734375,1238.0311279296875
3417,582.0429077148438,796.730224609375,641.646484375,1064.452880859375,904.8224487304688,1231.531494140625
3418,583.9279174804688,809.4844360351562,604.5477905273438,1065.423828125,860.2483520507812,1224.003173828125
3419,594.1027221679688,800.4600219726562,566.4744873046875,1063.965087890625,807.3310546875,1245.4005126953125
3420,591.1103515625,800.724853515625,530.4942016601562,1082.6002197265625,761.4386596679688,1299.3223876953125
3421,595.1651000976562,792.9158935546875,502.7816467285156,1063.2176513671875,725.433349609375,1285.0037841796875
3422,589.641357421875,784.5498657226562,472.1165771484375,1040.1920166015625,607.5599365234375,1278.0091552734375
3423,580.8938598632812,765.4906005859375,475.8045959472656,1044.4156494140625,560.3370361328125,1327.9014892578125
3424,583.4637451171875,762.9444580078125,472.0892028808594,1054.6842041015625,486.2295227050781,1343.3726806640625
3425,591.8243408203125,766.749755859375,471.3970947265625,1080.61669921875,433.2750549316406,1365.61376953125
3426,606.9111328125,772.4447021484375,464.23126220703125,1108.2783203125,444.4554748535156,1365.228271484375
3427,604.7373657226562,788.641845703125,461.25732421875,1159.6912841796875,478.0665283203125,1362.44580078125
3428,572.861328125,818.9658203125,447.6372375488281,1180.0819091796875,536.2268676757812,1333.427001953125
3429,570.4439697265625,828.1250610351562,462.1588439941406,1191.7906494140625,593.2967529296875,1348.319091796875
3430,589.8576049804688,828.580322265625,543.0248413085938,1133.5732421875,776.7525024414062,1293.522705078125
3431,603.9188232421875,825.6447143554688,519.1287841796875,1115.284912109375,768.7395629882812,1313.4781494140625
3432,625.3767700195312,791.3298950195312,544.5082397460938,1098.4822998046875,775.0540161132812,1332.1319580078125
3433,634.4232177734375,775.1171264648438,634.7559814453125,1098.842041015625,858.6519165039062,1396.0264892578125
3434,628.6508178710938,749.2249755859375,663.971923828125,1073.786865234375,876.5213012695312,1396.3125
3435,621.6005859375,735.76220703125,705.1318969726562,1038.6419677734375,910.0448608398438,1330.91455078125
3436,602.3660278320312,743.0255126953125,728.9392700195312,1028.1629638671875,945.1726684570312,1293.8707275390625
3437,591.7420654296875,759.95166015625,727.1466674804688,1028.2547607421875,965.120361328125,1261.2645263671875
3438,588.1499633789062,770.353515625,704.4133911132812,1039.78125,956.8024291992188,1234.8189697265625
3439,578.4862060546875,793.357177734375,656.8750610351562,1052.080078125,928.4672241210938,1221.127197265625
3440,575.2373657226562,807.5018920898438,615.7700805664062,1065.3824462890625,882.7150268554688,1216.364013671875
3441,576.8593139648438,798.9135131835938,576.2969970703125,1060.827392578125,833.197998046875,1222.2049560546875
3442,590.950927734375,785.6793823242188,545.2560424804688,1055.395751953125,766.9176635742188,1254.343505859375
3443,572.3887939453125,789.00390625,501.9006042480469,1062.9764404296875,749.8093872070312,1278.3719482421875
3444,575.5305786132812,775.4666748046875,467.1523132324219,1046.867431640625,631.3828735351562,1274.87158203125
3445,564.0484008789062,759.9677734375,463.4282531738281,1044.0106201171875,575.7035522460938,1315.79150390625
3446,558.730224609375,754.1377563476562,454.6554870605469,1040.701416015625,497.92474365234375,1328.696044921875
3447,578.2102661132812,747.8247680664062,457.0192565917969,1057.46484375,441.5655517578125,1355.66455078125
3448,585.12255859375,754.1575317382812,456.61431884765625,1079.817626953125,426.758056640625,1355.2672119140625
3449,589.2208251953125,764.6093139648438,444.3067932128906,1117.9757080078125,439.531494140625,1365.522216796875
3450,584.1090087890625,787.053955078125,444.1445617675781,1158.4281005859375,484.5196838378906,1364.2052001953125
3451,560.7901611328125,817.6609497070312,437.3531799316406,1180.4647216796875,535.9057006835938,1339.903076171875
3452,556.369384765625,827.080078125,442.225341796875,1165.101318359375,602.637451171875,1325.9024658203125
3453,593.9114379882812,835.2557983398438,513.9855346679688,1138.3828125,738.4779663085938,1322.055908203125
3454,590.2494506835938,824.904296875,502.486083984375,1101.3717041015625,755.52099609375,1312.1180419921875
3455,615.428466796875,797.0011596679688,553.8219604492188,1102.721435546875,773.212158203125,1351.715087890625
3456,630.7888793945312,774.5962524414062,637.4254760742188,1104.1256103515625,859.6072998046875,1401.9140625
3457,623.8255004882812,745.9219360351562,662.3413696289062,1070.6190185546875,885.6854248046875,1370.16552734375
3458,606.1466674804688,734.0601196289062,686.6273803710938,1034.8333740234375,891.2728271484375,1319.996826171875
3459,592.977783203125,743.9599609375,708.1834106445312,1026.4732666015625,926.7083129882812,1284.2618408203125
3460,582.3479614257812,756.6923828125,695.9798583984375,1029.55126953125,930.72802734375,1252.8829345703125
3461,575.1856689453125,771.2516479492188,666.8448486328125,1037.3792724609375,920.32763671875,1224.1715087890625
3462,565.6078491210938,792.8314819335938,625.9846801757812,1052.8543701171875,892.152099609375,1210.10009765625
3463,563.2723388671875,806.5032348632812,591.3906860351562,1067.20654296875,843.0390625,1219.42138671875
3464,580.9949340820312,802.3228149414062,549.0027465820312,1063.404541015625,786.313720703125,1231.5721435546875
3465,576.4231567382812,801.2018432617188,516.2305908203125,1063.6373291015625,748.9168090820312,1257.1776123046875
3466,564.3353881835938,798.9224853515625,476.6169738769531,1063.2626953125,694.9367065429688,1276.9593505859375
3467,575.75634765625,787.6096801757812,453.45867919921875,1028.9471435546875,592.622802734375,1253.062744140625
3468,575.4619750976562,760.11328125,460.90777587890625,1040.5113525390625,539.4381103515625,1314.38525390625
3469,569.6378173828125,750.1639404296875,458.8702697753906,1045.828125,472.6928405761719,1337.149658203125
3470,577.56787109375,749.79638671875,455.496826171875,1064.977294921875,420.25634765625,1349.9359130859375
3471,586.1162109375,751.3379516601562,449.0939025878906,1085.8919677734375,420.4052429199219,1349.645263671875
3472,588.3707885742188,766.3521118164062,443.10113525390625,1117.535888671875,441.16790771484375,1353.9521484375
3473,585.4771118164062,784.597412109375,441.0057678222656,1150.3145751953125,492.2375793457031,1336.9498291015625
3474,552.6858520507812,821.39453125,445.96197509765625,1146.9447021484375,579.6296997070312,1294.5494384765625
3475,562.0867919921875,836.6612548828125,458.82965087890625,1165.889892578125,630.0115966796875,1328.434326171875
3476,595.7640380859375,833.929931640625,496.5849914550781,1137.9630126953125,719.6620483398438,1340.54052734375
3477,597.752197265625,819.2763061523438,506.2060546875,1100.3160400390625,753.7564086914062,1303.9598388671875
3478,626.3037109375,791.089599609375,574.550048828125,1096.895751953125,779.9708862304688,1368.3109130859375
3479,626.2864379882812,765.107177734375,644.0861206054688,1095.5989990234375,857.2145385742188,1390.31005859375
3480,624.1781616210938,737.4984741210938,671.5723876953125,1051.97998046875,859.3689575195312,1360.0013427734375
3481,600.8201293945312,737.2911376953125,706.6925048828125,1030.288330078125,895.097900390625,1310.982666015625
3482,589.6839599609375,749.473388671875,709.6531372070312,1022.2901000976562,930.0104370117188,1275.53662109375
3483,589.2129516601562,756.1885986328125,695.0282592773438,1030.58349609375,923.09716796875,1250.4271240234375
3484,575.2115478515625,773.345947265625,661.4705810546875,1045.809814453125,909.6566162109375,1226.8912353515625
3485,573.0886840820312,796.1715087890625,626.0694580078125,1052.545166015625,883.2207641601562,1216.39990234375
3486,576.51611328125,800.9024658203125,588.292724609375,1053.7532958984375,841.047607421875,1211.726806640625
3487,585.2054443359375,793.6904907226562,548.5548095703125,1050.156005859375,781.4786376953125,1226.62841796875
3488,576.824951171875,807.0056762695312,515.4439086914062,1073.2860107421875,752.353271484375,1276.313232421875
3489,579.5817260742188,796.641357421875,481.3905029296875,1055.66015625,697.9044189453125,1267.614013671875
3490,582.3560791015625,787.69580078125,460.4565124511719,1032.075439453125,590.3814697265625,1259.9990234375
3491,574.3779296875,772.4779052734375,452.5946350097656,1041.4873046875,529.8943481445312,1315.037841796875
3492,580.22265625,755.6030883789062,460.4081726074219,1051.279296875,469.44097900390625,1342.5728759765625
3493,584.046142578125,756.0294189453125,455.9635009765625,1068.76318359375,427.2184753417969,1349.349609375
3494,595.9385986328125,761.29638671875,450.64453125,1097.3096923828125,425.62347412109375,1357.1949462890625
3495,597.4713745117188,780.9298706054688,443.2085266113281,1135.537353515625,454.5450439453125,1360.840087890625
3496,583.540771484375,800.21044921875,439.836181640625,1165.351806640625,503.58599853515625,1357.4451904296875
3497,553.5128784179688,831.7687377929688,434.2557067871094,1181.77880859375,556.12939453125,1334.563232421875
3498,574.7722778320312,834.918701171875,464.757568359375,1171.5767822265625,628.0782470703125,1344.0704345703125
3499,596.6400756835938,828.3228759765625,498.4801025390625,1122.3782958984375,735.4879760742188,1334.3294677734375
3500,615.9153442382812,804.3305053710938,519.6113891601562,1117.8701171875,762.136962890625,1364.314453125
3501,627.6038818359375,781.0757446289062,604.7781982421875,1103.102783203125,823.0079956054688,1390.73291015625
3502,625.040771484375,752.742919921875,656.5128784179688,1085.995849609375,873.64990234375,1394.63232421875
3503,611.98681640625,738.0278930664062,690.0205078125,1056.59765625,900.7494506835938,1345.523193359375
3504,587.037353515625,738.7284545898438,704.3682861328125,1027.435791015625,915.7813110351562,1304.2510986328125
3505,582.6985473632812,746.9229125976562,712.386962890625,1025.962158203125,942.5077514648438,1276.383544921875
3506,577.6292724609375,760.67041015625,690.8314819335938,1040.37060546875,928.220947265625,1250.97119140625
3507,563.6264038085938,784.7918701171875,645.65087890625,1048.7208251953125,919.8369140625,1213.80615234375
3508,566.7388305664062,803.5690307617188,617.6488037109375,1058.4669189453125,881.1163330078125,1217.8876953125
3509,568.4058837890625,798.5945434570312,565.5211181640625,1063.103515625,822.3358154296875,1228.3671875
3510,586.0620727539062,800.943603515625,542.3898315429688,1067.2503662109375,762.539794921875,1264.15185546875
3511,570.507568359375,801.2098388671875,495.18011474609375,1075.1502685546875,736.6522216796875,1298.059326171875
3512,583.8685913085938,785.8804931640625,462.719970703125,1042.9010009765625,630.385009765625,1264.5296630859375
3513,571.4396362304688,774.1781616210938,452.49114990234375,1040.569580078125,573.916015625,1295.90087890625
3514,557.5103149414062,760.2886962890625,443.42962646484375,1044.5870361328125,502.6802062988281,1319.094482421875
3515,566.1860961914062,746.2368774414062,449.03277587890625,1053.345703125,439.9895324707031,1350.0908203125
3516,574.359130859375,754.1929321289062,441.8445739746094,1079.2294921875,410.0332946777344,1354.6951904296875
3517,582.1642456054688,762.9508666992188,433.0544128417969,1113.22265625,418.9047546386719,1367.884765625
3518,585.37353515625,781.9620361328125,429.9526062011719,1144.6763916015625,464.203125,1357.40380859375
3519,560.468994140625,809.713134765625,425.5051574707031,1174.6995849609375,503.3718566894531,1338.5302734375
3520,554.4378662109375,843.6104736328125,442.00006103515625,1172.60595703125,579.6976318359375,1344.70068359375
3521,576.364013671875,837.5901489257812,525.3356323242188,1125.8521728515625,759.1972045898438,1293.2391357421875
3522,569.4940795898438,828.7163696289062,493.6513671875,1113.510498046875,748.1975708007812,1317.552734375
3523,607.4581909179688,795.5432739257812,507.88507080078125,1103.6876220703125,744.4957275390625,1334.2071533203125
3524,608.7615966796875,784.6162719726562,609.4931640625,1101.9400634765625,843.2941284179688,1399.5386962890625
3525,609.3905639648438,755.6140747070312,650.2488403320312,1078.744384765625,878.830810546875,1383.1556396484375
3526,593.6665649414062,740.4952392578125,681.1576538085938,1042.44482421875,899.6502685546875,1323.823486328125
3527,578.3436279296875,769.7742919921875,689.5625610351562,1027.876953125,903.7570190429688,1293.0355224609375
3528,574.7918701171875,775.6898803710938,685.7716674804688,1022.1483764648438,933.138427734375,1263.275390625
3529,555.6472778320312,779.23046875,673.1658325195312,1043.82080078125,908.994873046875,1239.5390625
3530,543.112060546875,788.85791015625,630.2721557617188,1050.7401123046875,907.2640380859375,1211.4403076171875
3531,549.3526611328125,808.8951416015625,596.8456420898438,1073.003662109375,864.2349243164062,1227.706298828125
3532,547.6682739257812,812.3560180664062,530.6986083984375,1062.0477294921875,795.3356323242188,1209.48193359375
3533,568.1497192382812,803.287353515625,517.8521728515625,1056.712646484375,756.1729125976562,1252.312255859375
3534,557.8016967773438,789.8062133789062,485.9085693359375,1072.5916748046875,721.9922485351562,1297.184326171875
3535,552.9484252929688,781.4650268554688,449.69525146484375,1044.8616943359375,607.5116577148438,1265.691650390625
3536,548.2322387695312,769.455322265625,441.4454345703125,1051.6168212890625,560.15673828125,1315.47998046875
3537,545.7616577148438,746.1806030273438,438.1837463378906,1042.26416015625,481.04534912109375,1328.0716552734375
3538,556.3099365234375,750.7606201171875,438.56781005859375,1061.359619140625,422.6124572753906,1352.6302490234375
3539,564.7122192382812,759.8128051757812,429.5404357910156,1083.697265625,401.30181884765625,1359.9210205078125
3540,566.511962890625,770.074462890625,414.8804626464844,1113.2222900390625,409.9892578125,1354.8502197265625
3541,564.7374267578125,786.7037353515625,415.1087951660156,1158.4007568359375,451.4524841308594,1350.087646484375
3542,530.3446655273438,824.66748046875,396.44970703125,1176.48046875,501.8353271484375,1314.399658203125
3543,537.8926391601562,844.7340087890625,428.9899597167969,1181.0325927734375,576.7926635742188,1350.6015625
3544,566.5638427734375,833.3080444335938,496.738525390625,1141.0994873046875,728.1817016601562,1330.478515625
3545,556.4468994140625,819.4439086914062,492.733642578125,1106.752197265625,738.2055053710938,1306.29296875
3546,578.9526977539062,782.0546264648438,524.80615234375,1091.0030517578125,748.1647338867188,1340.299072265625
3547,592.0184326171875,754.6339111328125,601.9945678710938,1086.459228515625,827.4105834960938,1373.4649658203125
3548,590.0948486328125,739.8993530273438,648.2018432617188,1056.8408203125,852.6890258789062,1343.99267578125
3549,568.8766479492188,734.2423095703125,679.505126953125,1034.9476318359375,880.4672241210938,1314.3099365234375
3550,559.3595581054688,769.80615234375,680.8269653320312,1021.4649047851562,900.6636352539062,1282.43994140625
3551,561.330810546875,780.68505859375,671.7310791015625,1025.660888671875,917.9925537109375,1251.7467041015625
3552,552.7157592773438,767.356201171875,646.4789428710938,1034.052978515625,901.8818359375,1222.330810546875
3553,542.2119750976562,791.6380615234375,614.1293334960938,1054.7703857421875,886.8052368164062,1206.885009765625
3554,547.3854370117188,813.1956176757812,568.2974243164062,1073.0201416015625,841.7228393554688,1213.15234375
3555,561.9155883789062,801.8573608398438,541.137451171875,1050.5360107421875,774.1624755859375,1220.337646484375
3556,570.5870361328125,795.3162841796875,514.2529907226562,1065.5762939453125,743.848388671875,1268.786865234375
3557,563.914794921875,779.4981079101562,467.754638671875,1046.559814453125,683.0408935546875,1265.2913818359375
3558,564.5675659179688,764.7748413085938,452.0427551269531,1033.41064453125,583.8026733398438,1275.0509033203125
3559,557.531982421875,755.4470825195312,445.38519287109375,1037.618896484375,525.3696899414062,1322.25341796875
3560,546.6047973632812,745.3460083007812,441.7232666015625,1046.0166015625,450.5127868652344,1344.6383056640625
3561,565.2210083007812,741.5115966796875,442.9166564941406,1063.4285888671875,411.2528991699219,1349.8975830078125
3562,576.477783203125,746.2657470703125,438.8852233886719,1084.465576171875,412.3492431640625,1353.9124755859375
3563,569.7606811523438,764.6347045898438,426.83807373046875,1118.0068359375,441.7144775390625,1356.9107666015625
3564,558.5585327148438,788.4157104492188,419.8307189941406,1152.888427734375,486.569091796875,1325.2110595703125
3565,537.3789672851562,826.2261352539062,413.7884216308594,1161.5394287109375,549.101318359375,1300.7269287109375
3566,560.6392211914062,848.783203125,469.0660400390625,1165.736572265625,652.1353149414062,1347.83447265625
3567,564.297607421875,834.1473999023438,491.761962890625,1131.228515625,733.6414184570312,1319.87451171875
3568,570.6952514648438,810.6251220703125,487.5593566894531,1110.4501953125,759.6083374023438,1324.2711181640625
3569,596.5459594726562,787.24072265625,571.9678344726562,1103.5631103515625,799.2682495117188,1367.9439697265625
3570,599.9378662109375,766.580078125,622.1083374023438,1083.9412841796875,846.9966430664062,1382.73828125
3571,588.6007690429688,746.3086547851562,661.1375122070312,1050.1285400390625,878.7837524414062,1334.1708984375
3572,559.6360473632812,738.1311645507812,681.6405639648438,1028.2042236328125,906.14208984375,1291.333251953125
3573,552.5444946289062,774.8351440429688,678.0560302734375,1021.0040283203125,922.0427856445312,1270.01318359375
3574,560.0656127929688,781.5169067382812,665.0081176757812,1030.58447265625,915.5473022460938,1247.3909912109375
3575,536.1954345703125,786.1891479492188,634.5028076171875,1047.2777099609375,904.2359619140625,1214.1053466796875
3576,530.1378173828125,802.818115234375,585.13134765625,1053.914306640625,845.3831176757812,1215.9854736328125
3577,531.3195190429688,823.0028686523438,532.7109375,1039.694091796875,801.3154907226562,1193.6070556640625
3578,562.4279174804688,809.0436401367188,528.116943359375,1050.6666259765625,748.3348388671875,1227.806640625
3579,553.90966796875,800.8505859375,483.1563720703125,1059.9205322265625,710.9320068359375,1261.4417724609375
3580,545.9859008789062,791.6849365234375,439.6429138183594,1049.5211181640625,636.1312866210938,1262.1016845703125
3581,549.7203369140625,769.39111328125,441.0466003417969,1044.3309326171875,552.9462890625,1296.160400390625
3582,545.159912109375,752.1220092773438,440.7624206542969,1045.7471923828125,487.06787109375,1328.1651611328125
3583,550.40478515625,745.523193359375,436.80047607421875,1045.8223876953125,418.1811218261719,1341.4542236328125
3584,561.6685791015625,749.8262329101562,430.1199645996094,1070.3763427734375,391.38812255859375,1354.9173583984375
3585,570.1351928710938,756.3499145507812,425.2087097167969,1097.5826416015625,396.5100402832031,1358.9722900390625
3586,562.2039184570312,768.6036987304688,418.4105529785156,1129.978759765625,432.46014404296875,1344.0064697265625
3587,547.31640625,798.9664916992188,403.5365295410156,1156.98486328125,477.2813415527344,1306.0201416015625
3588,520.0842895507812,832.55078125,398.1566162109375,1179.7369384765625,527.88427734375,1320.2427978515625
3589,567.05419921875,837.1932373046875,513.97216796875,1117.887451171875,740.1651000976562,1288.9093017578125
3590,558.3135375976562,836.8943481445312,478.1905517578125,1122.6461181640625,718.4124755859375,1314.9063720703125
3591,577.4071655273438,810.906005859375,486.6987609863281,1106.644287109375,729.3110961914062,1345.92626953125
3592,597.0731811523438,783.2763671875,577.0160522460938,1097.71044921875,800.1740112304688,1367.0364990234375
3593,605.037109375,766.3359985351562,625.26025390625,1082.4344482421875,838.5728759765625,1382.4100341796875
3594,587.3768920898438,744.8768920898438,664.7693481445312,1043.2806396484375,848.527587890625,1339.188232421875
3595,572.2808837890625,740.7807006835938,685.2155151367188,1025.4764404296875,882.5328979492188,1300.4599609375
3596,566.5241088867188,774.14306640625,683.1154174804688,1019.9906616210938,916.223876953125,1263.97607421875
3597,557.9214477539062,781.4591674804688,654.3081665039062,1035.369140625,911.70849609375,1242.8616943359375
3598,538.7311401367188,782.6878051757812,636.363525390625,1045.6541748046875,909.425537109375,1202.2852783203125
3599,545.2894287109375,796.2299194335938,600.9966430664062,1057.1636962890625,861.4876098632812,1209.3599853515625
3600,550.8967895507812,807.6287841796875,553.0092163085938,1040.8961181640625,810.6123657226562,1203.435302734375
3601,560.9430541992188,797.4129638671875,525.4594116210938,1048.7132568359375,750.1304321289062,1229.5843505859375
3602,561.9257202148438,783.5194702148438,490.6783447265625,1072.578125,720.5806274414062,1301.1602783203125
3603,559.8103637695312,755.7301635742188,470.099853515625,1037.8458251953125,616.9279174804688,1273.427001953125
3604,556.8184204101562,762.4998779296875,449.7554931640625,1036.7886962890625,561.3283081054688,1295.97265625
3605,549.98681640625,739.8041381835938,443.5979919433594,1034.5517578125,488.3125305175781,1317.7314453125
3606,552.4502563476562,742.3267822265625,439.1164855957031,1050.9307861328125,428.0356750488281,1346.5887451171875
3607,570.6727905273438,750.405517578125,435.7803039550781,1077.996826171875,401.20880126953125,1353.726318359375
3608,577.5552368164062,757.2095947265625,429.98291015625,1107.239990234375,410.00518798828125,1354.6099853515625
3609,581.6217651367188,782.6192016601562,431.7538146972656,1150.3958740234375,452.0840148925781,1356.116455078125
3610,555.5245971679688,811.4745483398438,409.263427734375,1168.6151123046875,489.2303466796875,1311.3720703125
3611,552.3063354492188,847.7904663085938,437.03338623046875,1178.47412109375,566.5112915039062,1350.627685546875
3612,582.3475341796875,841.1726684570312,505.95703125,1129.877197265625,734.1491088867188,1312.153076171875
3613,575.47412109375,828.015380859375,483.80712890625,1109.4742431640625,734.0648803710938,1306.7647705078125
3614,607.598388671875,800.9780883789062,511.44085693359375,1108.757080078125,734.8970947265625,1357.8062744140625
3615,625.2678833007812,778.4218139648438,612.9020385742188,1105.209716796875,821.42236328125,1407.977294921875
3616,617.6162109375,750.2770385742188,649.8803100585938,1074.1375732421875,857.0680541992188,1381.2242431640625
3617,603.1759643554688,730.6784057617188,680.1749877929688,1036.1258544921875,870.5985717773438,1340.7667236328125
3618,580.793212890625,744.7830200195312,700.7743530273438,1026.195556640625,909.989013671875,1296.3358154296875
3619,581.8063354492188,756.7465209960938,704.0361938476562,1026.3179931640625,926.3148803710938,1267.9617919921875
3620,575.2305908203125,763.447998046875,673.3013305664062,1041.2164306640625,911.599609375,1246.98046875
3621,570.8280639648438,781.389404296875,640.1158447265625,1049.720947265625,910.747802734375,1218.3388671875
3622,568.1278076171875,802.2854614257812,604.9103393554688,1066.2071533203125,870.2692260742188,1221.629150390625
3623,578.7797241210938,808.92626953125,565.1986694335938,1070.4393310546875,821.4417114257812,1237.9501953125
3624,590.9876098632812,802.8623657226562,539.6656494140625,1067.52490234375,767.787841796875,1257.536865234375
3625,569.597900390625,809.5761108398438,496.4612731933594,1091.76416015625,745.2410888671875,1314.7021484375
3626,574.8165893554688,799.8131103515625,459.5820007324219,1056.781982421875,630.2876586914062,1267.7587890625
3627,582.030517578125,779.9264526367188,466.0580139160156,1058.063720703125,572.7843017578125,1319.59716796875
3628,569.5120239257812,771.482666015625,451.3466796875,1052.019287109375,509.8191833496094,1330.25146484375
3629,576.0455932617188,766.5161743164062,451.1322326660156,1071.143798828125,440.8487548828125,1363.50341796875
3630,586.1465454101562,769.3253784179688,447.1258850097656,1090.1539306640625,419.09033203125,1355.6488037109375
3631,598.1171264648438,774.9163208007812,444.3634948730469,1120.1942138671875,432.5313720703125,1367.374267578125
3632,583.1174926757812,788.9664916992188,437.0131530761719,1151.8394775390625,485.7698669433594,1363.3154296875
3633,563.5354614257812,823.2618408203125,430.39373779296875,1174.2828369140625,540.4402465820312,1344.96826171875
3634,557.35400390625,833.0673217773438,435.0162048339844,1179.1416015625,591.8613891601562,1343.8155517578125
3635,599.2085571289062,834.6148681640625,504.6827087402344,1154.7806396484375,717.0415649414062,1352.6727294921875
3636,581.25439453125,824.3717651367188,495.24639892578125,1106.73876953125,747.0956420898438,1305.5526123046875
3637,620.535888671875,791.5447998046875,557.250244140625,1109.98974609375,776.7528686523438,1372.259765625
3638,629.5446166992188,775.3040771484375,641.5107421875,1106.1123046875,864.2618408203125,1403.95458984375
3639,629.26953125,752.1724243164062,672.0053100585938,1075.756591796875,892.9127197265625,1371.6593017578125
3640,604.0648193359375,742.7529907226562,699.8547973632812,1038.7667236328125,903.810302734375,1328.57275390625
3641,590.2655639648438,750.919921875,718.8648681640625,1027.94384765625,941.3482055664062,1282.654541015625
3642,584.9223022460938,762.0023803710938,708.5953369140625,1036.064697265625,947.5068969726562,1262.7125244140625
3643,575.3646240234375,782.4937744140625,672.560546875,1049.48046875,939.185546875,1233.495849609375
3644,574.478271484375,798.3594360351562,631.9391479492188,1064.01611328125,902.0971069335938,1229.977783203125
3645,571.9200439453125,813.2033081054688,601.6758422851562,1075.6529541015625,862.2564697265625,1227.5953369140625
3646,575.1326904296875,807.29443359375,560.0354614257812,1076.95458984375,812.0780639648438,1244.213134765625
3647,572.7982177734375,799.0513916015625,527.8336791992188,1074.1153564453125,756.03515625,1270.7578125
3648,579.6278686523438,800.8251953125,488.53521728515625,1068.9041748046875,721.3016967773438,1280.869384765625
3649,580.3685302734375,795.0728759765625,456.146484375,1050.6702880859375,606.876220703125,1273.031982421875
3650,576.3041381835938,765.2979125976562,463.9573059082031,1049.02685546875,558.64599609375,1323.429443359375
3651,569.806884765625,757.173583984375,451.0439147949219,1052.925537109375,486.2923278808594,1339.000732421875
3652,581.0216674804688,759.2806396484375,449.5718994140625,1073.581298828125,431.6402282714844,1355.7642822265625
3653,584.322509765625,767.5567016601562,434.7568359375,1098.849853515625,418.21392822265625,1359.1900634765625
3654,593.2985229492188,780.8082275390625,432.1425476074219,1132.0511474609375,444.3002014160156,1365.7620849609375
3655,578.4635009765625,799.9823608398438,430.31231689453125,1163.884765625,483.7344665527344,1358.286376953125
3656,554.9981079101562,832.6234741210938,417.6298828125,1173.4420166015625,534.9342041015625,1335.899169921875
3657,566.6564331054688,827.2208862304688,440.7890625,1166.066650390625,592.8167724609375,1342.0458984375
3658,594.1761474609375,828.64990234375,494.8691711425781,1130.73974609375,726.447265625,1340.6534423828125
3659,592.3001098632812,801.19189453125,491.99212646484375,1096.63818359375,734.7943725585938,1329.8236083984375
3660,617.2722778320312,782.8861694335938,590.8988037109375,1102.2528076171875,798.7846069335938,1384.4290771484375
3661,625.525390625,759.649169921875,653.2520751953125,1090.3973388671875,854.0501098632812,1392.4173583984375
3662,606.52880859375,732.0286254882812,675.8242797851562,1045.22998046875,864.6035766601562,1350.734375
3663,585.18994140625,735.820556640625,708.8392333984375,1033.46484375,905.9910278320312,1314.3189697265625
3664,579.7843017578125,750.6835327148438,715.1290283203125,1027.481689453125,938.7198486328125,1276.91455078125
3665,578.7703857421875,758.9170532226562,694.7155151367188,1038.7718505859375,933.1637573242188,1256.6041259765625
3666,574.582763671875,785.71142578125,659.0189819335938,1052.8492431640625,921.1433715820312,1226.571533203125
3667,574.3657836914062,795.4537353515625,617.24658203125,1057.9688720703125,877.4522705078125,1227.1715087890625
3668,570.7991943359375,795.3860473632812,575.8893432617188,1065.7232666015625,831.4266357421875,1227.2615966796875
3669,588.7340698242188,795.9495849609375,545.7442016601562,1066.368896484375,764.5794067382812,1269.7421875
3670,576.1663818359375,797.4362182617188,508.4612731933594,1076.348388671875,753.607177734375,1295.1778564453125
3671,582.3458251953125,790.1802978515625,469.14678955078125,1046.176025390625,624.510986328125,1267.189453125
3672,565.8063354492188,775.7247314453125,459.506103515625,1047.30810546875,572.7930297851562,1310.14892578125
3673,561.76025390625,756.1546630859375,459.322265625,1039.093505859375,509.4311218261719,1323.8876953125
3674,576.6901245117188,757.1802978515625,463.9408264160156,1071.4515380859375,444.7548522949219,1370.661376953125
3675,584.90234375,755.1331176757812,457.5008239746094,1090.9119873046875,432.3808898925781,1361.0501708984375
3676,598.9227294921875,766.3857421875,451.0418701171875,1121.213134765625,438.5596008300781,1372.33056640625
3677,600.2132568359375,785.716796875,451.5412902832031,1156.892333984375,486.4693908691406,1370.2972412109375
3678,575.6643676757812,819.3546752929688,442.90081787109375,1176.942138671875,543.4976806640625,1344.42041015625
3679,560.070556640625,829.7852783203125,445.2652587890625,1172.8465576171875,603.8492431640625,1346.8028564453125
3680,603.3981323242188,826.4615478515625,512.795654296875,1145.6304931640625,729.4834594726562,1351.01806640625
3681,600.3969116210938,812.8817138671875,511.1694030761719,1101.3472900390625,764.9754638671875,1307.413818359375
3682,622.2723999023438,785.2443237304688,571.4989624023438,1094.3045654296875,789.1849365234375,1356.6812744140625
3683,636.3643188476562,763.2017211914062,653.4652099609375,1095.6080322265625,869.1179809570312,1400.835205078125
3684,631.4825439453125,744.8604125976562,691.0701293945312,1073.2705078125,899.2238159179688,1369.566162109375
3685,604.9705810546875,735.6508178710938,719.24267578125,1039.5823974609375,916.4842529296875,1325.6505126953125
3686,596.1011352539062,745.826171875,729.1300048828125,1029.4124755859375,948.3012084960938,1288.708251953125
3687,590.1478271484375,758.2942504882812,710.9389038085938,1037.4803466796875,944.1207275390625,1261.3187255859375
3688,583.8036499023438,778.224609375,679.00634765625,1051.4510498046875,945.66650390625,1240.0885009765625
3689,575.72802734375,792.3919067382812,636.7643432617188,1064.9111328125,897.693115234375,1225.9822998046875
3690,578.4944458007812,804.7679443359375,593.8314819335938,1065.9183349609375,854.7568359375,1229.243408203125
3691,595.4029541015625,798.6665649414062,560.71875,1062.981201171875,795.555908203125,1251.547119140625
3692,587.264404296875,803.8195190429688,524.515869140625,1077.8126220703125,766.8952026367188,1288.3560791015625
3693,604.9759521484375,789.1146240234375,482.451416015625,1042.4805908203125,662.8385620117188,1260.9466552734375
3694,594.5086669921875,771.7470703125,485.6290588378906,1040.9783935546875,602.0220947265625,1295.9468994140625
3695,599.3104248046875,763.9771728515625,479.786865234375,1040.642333984375,535.8075561523438,1325.2406005859375
3696,596.1857299804688,760.9442138671875,476.2562255859375,1057.09814453125,464.9012145996094,1357.3927001953125
3697,605.7710571289062,765.8984375,476.0736083984375,1081.477294921875,435.6358337402344,1363.3116455078125
3698,613.3508911132812,772.0501708984375,468.7894592285156,1106.001220703125,452.7470703125,1355.374267578125
3699,611.73046875,786.709228515625,462.7557678222656,1148.3997802734375,488.6906433105469,1343.15625
3700,592.1578369140625,816.6171264648438,461.7987976074219,1170.0316162109375,544.1837158203125,1324.822265625
3701,569.4468994140625,837.16259765625,469.9918212890625,1185.8582763671875,611.5442504882812,1330.4110107421875
3702,591.2470092773438,840.8016357421875,528.2647705078125,1156.710693359375,741.0426635742188,1314.53759765625
3703,595.9920043945312,825.5654907226562,513.1072998046875,1112.4495849609375,764.8377685546875,1298.4112548828125
3704,627.8916015625,793.741943359375,553.4060668945312,1094.572021484375,772.7158813476562,1326.8367919921875
3705,631.6904907226562,769.7323608398438,625.1185302734375,1082.8765869140625,856.2689819335938,1358.5880126953125
3706,627.6897583007812,746.6969604492188,668.7027587890625,1065.2860107421875,869.3593139648438,1374.83154296875
3707,613.123046875,738.2401123046875,703.275390625,1032.79833984375,902.942138671875,1320.9371337890625
3708,597.7064208984375,744.3111572265625,726.3104858398438,1022.9705810546875,938.052978515625,1287.904296875
3709,585.8917846679688,760.013916015625,719.1526489257812,1024.39013671875,954.99755859375,1248.802490234375
3710,579.1871337890625,779.4263305664062,695.4004516601562,1042.2835693359375,946.5113525390625,1235.114990234375
3711,571.0030517578125,793.3379516601562,641.7566528320312,1050.731689453125,911.9852294921875,1210.6566162109375
3712,567.8515014648438,809.7269897460938,608.7158203125,1068.2662353515625,870.1885986328125,1212.840576171875
3713,573.3094482421875,800.9807739257812,562.2130126953125,1068.067626953125,813.1903076171875,1231.3004150390625
3714,587.06494140625,804.3502807617188,538.3943481445312,1070.1207275390625,763.4107055664062,1261.8280029296875
3715,576.1613159179688,795.150146484375,488.06854248046875,1067.0897216796875,705.121337890625,1286.5008544921875
3716,593.75732421875,783.340576171875,468.56134033203125,1039.4739990234375,611.5037841796875,1266.696533203125
3717,577.2890625,772.0653686523438,462.5787048339844,1044.886962890625,550.3507690429688,1315.3375244140625
3718,571.602294921875,761.6548461914062,455.4136962890625,1048.2332763671875,472.2204284667969,1329.317138671875
3719,587.6732177734375,753.851806640625,461.8824462890625,1067.277587890625,426.22540283203125,1355.187744140625
3720,593.398681640625,760.040771484375,452.8999328613281,1092.5936279296875,423.6761169433594,1359.116455078125
3721,595.366943359375,773.3549194335938,443.8257751464844,1128.3558349609375,446.04400634765625,1358.4276123046875
3722,589.0582885742188,795.2294921875,443.34576416015625,1161.693115234375,504.83001708984375,1344.1768798828125
3723,564.7669067382812,832.0834350585938,436.636962890625,1173.45166015625,568.3909912109375,1321.266357421875
3724,565.234619140625,842.4768676757812,474.3146667480469,1163.950439453125,672.1703491210938,1315.774658203125
3725,593.151611328125,842.3043823242188,499.3737487792969,1125.667236328125,749.159912109375,1326.6790771484375
3726,594.0443115234375,824.514404296875,510.20379638671875,1128.11376953125,749.5829467773438,1355.542236328125
3727,610.4267578125,789.9255981445312,606.1774291992188,1104.66845703125,846.1821899414062,1390.4971923828125
3728,613.6651611328125,772.6177368164062,647.4199829101562,1090.2650146484375,877.1958618164062,1391.68017578125
3729,596.8822021484375,752.0771484375,676.3884887695312,1044.159423828125,904.5736694335938,1334.746337890625
3730,567.3365478515625,771.3847045898438,688.75048828125,1029.129150390625,904.6608276367188,1296.435546875
3731,555.828369140625,775.4148559570312,687.3492431640625,1028.66943359375,937.1517944335938,1267.6351318359375
3732,545.814208984375,782.7470092773438,679.5574951171875,1047.539794921875,924.504150390625,1241.4595947265625
3733,520.0838623046875,807.79248046875,620.83740234375,1053.4083251953125,892.6463012695312,1207.5186767578125
3734,521.40185546875,825.7305908203125,570.2975463867188,1050.2838134765625,833.9547729492188,1201.8846435546875
3735,523.8748168945312,828.059326171875,521.4069213867188,1065.565185546875,777.7772827148438,1224.243896484375
3736,527.3699340820312,804.7064208984375,493.0867614746094,1065.0694580078125,731.7891235351562,1247.624267578125
3737,517.3733520507812,802.3031616210938,434.6602478027344,1076.0950927734375,667.8427734375,1280.221435546875
3738,504.2362976074219,791.918701171875,389.6404113769531,1049.0028076171875,538.844970703125,1263.632080078125
3739,489.6301574707031,769.0591430664062,394.8291320800781,1048.7486572265625,503.4803466796875,1316.163330078125
3740,481.4043273925781,762.7516479492188,374.6578674316406,1048.5091552734375,415.71844482421875,1322.5140380859375
3741,484.6293640136719,767.3672485351562,367.3107604980469,1075.297607421875,342.8398132324219,1347.5211181640625
3742,489.03729248046875,763.75634765625,358.47894287109375,1099.2149658203125,321.599365234375,1359.6571044921875
3743,490.1286926269531,778.1723022460938,351.3630065917969,1138.8328857421875,341.3687744140625,1351.9107666015625
3744,470.3318786621094,800.0455322265625,341.8766784667969,1163.27783203125,388.9365234375,1329.521484375
3745,454.14825439453125,827.3150024414062,330.3586730957031,1177.59033203125,435.0155029296875,1317.5194091796875
3746,473.0025634765625,857.685302734375,360.6473693847656,1166.0745849609375,535.7694091796875,1364.4168701171875
3747,458.1130676269531,841.89208984375,398.5496826171875,1129.8758544921875,629.2953491210938,1322.6334228515625
3748,466.7440185546875,813.6302490234375,403.2245178222656,1103.3466796875,656.505615234375,1327.486572265625
3749,487.27752685546875,786.6179809570312,471.7672424316406,1100.662353515625,696.7553100585938,1370.4874267578125
3750,477.4285583496094,756.851806640625,528.03955078125,1080.5498046875,774.5731201171875,1371.1055908203125
3751,460.1341552734375,726.8447265625,577.1744384765625,1034.96484375,768.1157836914062,1321.4892578125
3752,444.64703369140625,732.29150390625,597.436767578125,1026.1737060546875,799.3562622070312,1297.97900390625
3753,430.3541564941406,748.5294799804688,589.7957153320312,1015.4634399414062,826.4634399414062,1260.8660888671875
3754,421.61090087890625,760.0477294921875,561.564697265625,1026.7161865234375,820.6871948242188,1231.5850830078125
3755,406.1627502441406,800.3416137695312,516.6770629882812,1043.356201171875,797.7105102539062,1193.025634765625
3756,395.76483154296875,821.2864990234375,455.69580078125,1048.7972412109375,722.99169921875,1199.53955078125
3757,390.8127136230469,819.9415283203125,410.94964599609375,1038.213623046875,680.1882934570312,1185.5389404296875
3758,398.28369140625,811.089111328125,380.13165283203125,1056.685546875,618.9415893554688,1253.3800048828125
3759,390.2271423339844,805.8912963867188,338.7677001953125,1056.4793701171875,562.3403930664062,1257.6845703125
3760,378.479736328125,782.2846069335938,295.63946533203125,1039.02587890625,450.83843994140625,1255.5084228515625
3761,378.3934326171875,762.026611328125,297.2474670410156,1041.7613525390625,392.9886779785156,1306.76806640625
3762,372.9853210449219,751.3782348632812,283.0300598144531,1037.7294921875,324.7893981933594,1311.48583984375
3763,391.996337890625,749.969970703125,294.49102783203125,1058.9034423828125,265.55548095703125,1338.322998046875
3764,410.9672546386719,758.3653564453125,292.3569030761719,1095.4691162109375,258.080322265625,1358.43310546875
3765,400.4535827636719,771.2862548828125,280.4012451171875,1143.3441162109375,278.4562683105469,1349.666748046875
3766,381.03277587890625,799.7979125976562,273.620361328125,1175.9403076171875,330.8363342285156,1326.6181640625
3767,359.9808044433594,837.2803344726562,281.8113098144531,1179.5875244140625,393.0332336425781,1336.3414306640625
3768,371.02789306640625,847.7288818359375,307.99969482421875,1161.337158203125,487.5615234375,1319.2247314453125
3769,377.5909729003906,836.4767456054688,306.80908203125,1096.835205078125,566.9571533203125,1279.2659912109375
3770,424.9834899902344,812.5803833007812,326.8083801269531,1101.30078125,576.1688232421875,1332.57470703125
3771,448.4612731933594,786.5502319335938,446.5296936035156,1112.2149658203125,667.9383544921875,1404.148681640625
3772,420.21844482421875,740.6500854492188,498.2535400390625,1083.5875244140625,713.7467651367188,1380.2109375
3773,402.28948974609375,721.9569091796875,527.2534790039062,1028.916259765625,710.7841186523438,1331.9608154296875
3774,400.4051818847656,728.453125,539.4805908203125,1022.324951171875,741.921630859375,1293.32666015625
3775,403.5279235839844,745.95849609375,537.3023071289062,1025.3228759765625,758.8275756835938,1260.9239501953125
3776,392.15179443359375,774.7855834960938,491.73486328125,1033.990234375,733.9614868164062,1218.380126953125
3777,379.32000732421875,800.232421875,449.2469177246094,1036.7088623046875,714.4264526367188,1170.5272216796875
3778,386.1008605957031,815.6804809570312,399.374755859375,1049.938720703125,641.3984985351562,1201.99951171875
3779,396.93597412109375,811.4066162109375,362.5736389160156,1045.04248046875,588.087890625,1207.6376953125
3780,421.8473815917969,801.4418334960938,346.25372314453125,1067.8809814453125,550.0145263671875,1276.97900390625
3781,421.5171203613281,787.7227172851562,303.497314453125,1055.4224853515625,504.16326904296875,1276.118408203125
3782,399.544921875,759.9880981445312,288.89080810546875,1035.725341796875,396.6616516113281,1259.6053466796875
3783,403.861572265625,759.3837890625,282.6259460449219,1044.6815185546875,348.2209167480469,1309.5888671875
3784,387.8762512207031,749.7638549804688,278.7577819824219,1052.3782958984375,274.7362060546875,1335.3450927734375
3785,404.14227294921875,744.5198974609375,287.570556640625,1065.9859619140625,238.1535186767578,1341.522705078125
3786,407.4844665527344,750.5672607421875,282.4179382324219,1098.427490234375,242.08865356445312,1355.72900390625
3787,389.32305908203125,775.1189575195312,266.2042236328125,1139.2203369140625,270.8720703125,1353.087890625
3788,363.5594177246094,803.178466796875,261.11407470703125,1161.2076416015625,327.82196044921875,1329.761962890625
3789,353.78973388671875,831.7987060546875,275.9562072753906,1148.735595703125,403.4637451171875,1311.623291015625
3790,376.4224548339844,838.7792358398438,317.7348327636719,1123.844970703125,536.283447265625,1292.78466796875
3791,368.66455078125,826.5278930664062,294.37261962890625,1076.8260498046875,564.3466796875,1258.994873046875
3792,423.8372497558594,811.5862426757812,334.9903564453125,1103.726318359375,579.9702758789062,1335.2852783203125
3793,443.3130798339844,788.6619873046875,443.09765625,1108.4820556640625,665.5469970703125,1403.4814453125
3794,417.3728942871094,747.1726684570312,498.22174072265625,1086.8731689453125,719.3974609375,1384.7138671875
3795,410.46551513671875,725.810302734375,531.21533203125,1037.278564453125,727.95361328125,1337.5240478515625
3796,398.56890869140625,730.42529296875,552.770751953125,1016.1568603515625,758.085205078125,1293.361083984375
3797,401.5873107910156,749.5822143554688,553.1131591796875,1026.12744140625,776.4327392578125,1263.5673828125
3798,397.86163330078125,767.4547119140625,529.3924560546875,1037.708251953125,763.3213500976562,1231.7044677734375
3799,384.8843078613281,805.3588256835938,482.21575927734375,1057.758544921875,743.6378784179688,1208.9810791015625
3800,386.15032958984375,826.1171875,445.3053894042969,1065.8294677734375,712.1181030273438,1201.6307373046875
3801,380.82110595703125,816.2286987304688,386.77490234375,1046.4891357421875,642.12744140625,1199.9755859375
3802,402.31988525390625,799.964599609375,369.1077575683594,1056.4459228515625,591.1355590820312,1241.85009765625
3803,425.0451965332031,776.9249267578125,340.85064697265625,1054.9044189453125,530.9522094726562,1264.672607421875
3804,438.85931396484375,769.2308959960938,320.0214538574219,1036.6343994140625,446.9578857421875,1260.59228515625
3805,427.58782958984375,751.9469604492188,323.118896484375,1038.973388671875,389.6383056640625,1308.6771240234375
3806,417.97589111328125,744.5003051757812,313.9263000488281,1029.9161376953125,322.9979553222656,1311.5496826171875
3807,433.0265808105469,743.2929077148438,314.14044189453125,1045.6739501953125,274.9831237792969,1336.6263427734375
3808,444.19500732421875,750.8333740234375,318.381591796875,1082.48681640625,253.31333923339844,1356.2615966796875
3809,445.71112060546875,767.5061645507812,300.0151062011719,1114.0760498046875,278.622314453125,1343.55810546875
3810,429.9068298339844,791.6942138671875,299.7751770019531,1162.62060546875,314.8143310546875,1323.8922119140625
3811,417.6929626464844,829.5848388671875,297.9364318847656,1181.186767578125,372.7957763671875,1326.886474609375
3812,406.2186584472656,845.9495239257812,323.9158020019531,1138.8304443359375,469.4432678222656,1297.4527587890625
3813,428.5540466308594,847.77685546875,369.9979553222656,1164.100341796875,555.7189331054688,1348.493896484375
3814,414.7380065917969,837.054931640625,383.4615173339844,1089.40478515625,628.7603759765625,1276.27783203125
3815,460.7098388671875,791.128662109375,417.5460205078125,1094.57177734375,626.939453125,1332.6888427734375
3816,468.7961730957031,760.2238159179688,487.65997314453125,1085.20458984375,692.2340698242188,1368.80615234375
3817,478.675048828125,739.1360473632812,526.7393798828125,1047.98876953125,720.00146484375,1338.9471435546875
3818,458.8918151855469,723.670166015625,572.7645874023438,1029.537109375,748.3773193359375,1301.906005859375
3819,458.6632995605469,744.8009643554688,596.8566284179688,1027.560546875,787.8069458007812,1280.5845947265625
3820,457.7679138183594,767.8670654296875,566.0413208007812,1016.6649780273438,794.5458984375,1252.335205078125
3821,470.946533203125,782.0731201171875,543.2080078125,1032.78857421875,793.9854736328125,1231.453125
3822,457.4041442871094,788.6004638671875,536.6107788085938,1044.579833984375,792.7135620117188,1203.7877197265625
3823,452.0240478515625,805.5531005859375,499.510009765625,1060.891845703125,751.1962280273438,1212.8768310546875
3824,455.33782958984375,819.4207763671875,445.9164733886719,1055.9503173828125,714.4172973632812,1194.5093994140625
3825,478.91693115234375,817.4136352539062,428.4773254394531,1070.822509765625,659.62353515625,1247.80908203125
3826,488.0515441894531,821.4841918945312,402.2373962402344,1091.4730224609375,640.399169921875,1303.0379638671875
3827,469.5830383300781,810.4509887695312,377.162841796875,1065.0179443359375,558.7111206054688,1271.490478515625
3828,493.14422607421875,788.429443359375,368.9995422363281,1047.321533203125,480.5438232421875,1287.8218994140625
3829,492.66644287109375,769.3738403320312,365.146484375,1055.29248046875,414.8155517578125,1326.7105712890625
3830,492.53021240234375,762.9271240234375,366.5549011230469,1063.0396728515625,356.4703063964844,1341.50537109375
3831,506.3053894042969,768.6630249023438,366.68621826171875,1084.205078125,329.4991149902344,1351.988037109375
3832,517.5857543945312,777.2955322265625,367.8629455566406,1113.487548828125,344.8769226074219,1359.8363037109375
3833,513.5863647460938,791.6127319335938,368.0658874511719,1143.1878662109375,394.9717712402344,1352.6070556640625
3834,491.0019226074219,824.095703125,362.531005859375,1170.826171875,444.2613220214844,1335.29443359375
3835,489.8226013183594,851.3768920898438,378.5241394042969,1187.8560791015625,528.7666625976562,1344.3853759765625
3836,514.1742553710938,840.2139282226562,424.79510498046875,1130.03759765625,636.641845703125,1324.806396484375
3837,517.49560546875,831.5048217773438,440.77496337890625,1093.9954833984375,667.4971923828125,1287.9666748046875
3838,548.7936401367188,799.7197875976562,467.995361328125,1088.3851318359375,699.2823486328125,1323.6318359375
3839,566.4844360351562,775.0599975585938,573.8085327148438,1094.4635009765625,779.0820922851562,1384.4498291015625
3840,577.8773193359375,762.2591552734375,609.7562255859375,1060.890380859375,820.941650390625,1340.29248046875
3841,547.4389038085938,739.925048828125,639.489990234375,1035.618896484375,827.969482421875,1315.677490234375
3842,532.3540649414062,749.88427734375,658.0513916015625,1033.083984375,864.7009887695312,1294.6158447265625
3843,535.880126953125,773.8284301757812,637.9210205078125,1037.798583984375,871.2283325195312,1264.4586181640625
3844,526.6160278320312,777.6813354492188,619.6535034179688,1039.4923095703125,871.8059692382812,1226.2158203125
3845,517.28173828125,802.8103637695312,583.3859252929688,1054.67724609375,840.7777099609375,1213.886474609375
3846,518.6064453125,817.0426025390625,545.1542358398438,1055.3590087890625,804.7449340820312,1212.0150146484375
3847,541.0929565429688,828.550048828125,504.27777099609375,1062.4107666015625,765.1594848632812,1242.4158935546875
3848,548.70703125,811.278076171875,495.5218811035156,1063.13720703125,727.9740600585938,1249.6285400390625
3849,540.715576171875,794.1332397460938,447.6028137207031,1053.726318359375,666.2571411132812,1264.7520751953125
3850,537.153564453125,779.8275756835938,438.5279846191406,1040.0301513671875,573.6395874023438,1266.3109130859375
3851,541.2938842773438,770.701904296875,436.74078369140625,1045.781982421875,520.7227172851562,1311.1256103515625
3852,547.4004516601562,751.7933349609375,440.0483093261719,1053.5396728515625,454.84295654296875,1342.829833984375
3853,560.1956176757812,753.6307983398438,435.90155029296875,1064.2191162109375,405.2353820800781,1344.6375732421875
3854,571.6005249023438,762.6295166015625,434.02313232421875,1092.830322265625,406.8607482910156,1351.9686279296875
3855,570.2748413085938,775.6932373046875,431.271240234375,1121.9805908203125,437.2409362792969,1346.4158935546875
3856,563.57373046875,800.5867919921875,434.748779296875,1162.4071044921875,494.95086669921875,1321.16748046875
3857,549.6737060546875,835.9341430664062,435.0901794433594,1176.7071533203125,555.5575561523438,1310.130615234375
3858,574.2847900390625,833.6072387695312,504.1658935546875,1151.0584716796875,709.6959228515625,1304.4598388671875
3859,591.6187133789062,835.8624267578125,500.3450622558594,1119.80810546875,750.1083984375,1315.459716796875
3860,618.1348266601562,807.4764404296875,515.4671630859375,1109.041015625,762.87109375,1336.963623046875
3861,632.6602783203125,787.0089111328125,617.6848754882812,1103.63720703125,847.7864379882812,1395.8997802734375
3862,631.7754516601562,761.2003784179688,658.5667114257812,1081.35009765625,857.4724731445312,1391.651123046875
3863,628.4066772460938,739.574462890625,693.866455078125,1044.1595458984375,893.1106567382812,1342.8465576171875
3864,603.2097778320312,743.8341064453125,720.91845703125,1030.578369140625,928.9927368164062,1297.011474609375
3865,599.8522338867188,756.9910278320312,723.849853515625,1026.0184326171875,950.51904296875,1261.809814453125
3866,604.8741455078125,765.7214965820312,707.7244262695312,1041.378662109375,947.1989135742188,1240.0712890625
3867,588.6840209960938,787.2530517578125,664.2822875976562,1054.824462890625,923.7066650390625,1217.1005859375
3868,588.6362915039062,805.0588989257812,625.06298828125,1061.2518310546875,878.9536743164062,1216.810546875
3869,597.382080078125,807.7113647460938,587.96435546875,1051.8778076171875,839.467041015625,1214.454345703125
3870,610.288330078125,800.6218872070312,547.2044677734375,1054.4091796875,769.4945068359375,1244.91259765625
3871,598.45166015625,794.8927612304688,520.5745849609375,1073.9967041015625,754.09521484375,1288.53271484375
3872,608.3868408203125,787.3480224609375,489.17303466796875,1037.4158935546875,634.42138671875,1255.9833984375
3873,605.035400390625,767.3468627929688,502.684326171875,1042.9290771484375,597.2490234375,1315.6395263671875
3874,612.9569091796875,743.1198120117188,486.6103820800781,1041.8507080078125,505.6789855957031,1332.512939453125
3875,614.03173828125,754.8609008789062,490.4770202636719,1059.9466552734375,464.4476623535156,1344.8701171875
3876,621.647705078125,765.4721069335938,488.2712707519531,1088.6982421875,447.8133544921875,1360.545166015625
3877,634.9528198242188,781.70068359375,482.0402526855469,1125.2244873046875,470.8948974609375,1355.7821044921875
3878,632.1691284179688,805.0731811523438,480.0983581542969,1176.537109375,520.300537109375,1352.33642578125
3879,615.892822265625,837.1843872070312,482.643310546875,1187.588134765625,586.2816162109375,1339.0323486328125
3880,618.8931884765625,847.15576171875,496.1239929199219,1156.770751953125,664.817138671875,1333.0074462890625
3881,636.8873291015625,845.7160034179688,563.3988647460938,1121.4635009765625,807.0322875976562,1304.3287353515625
3882,643.4485473632812,821.0205688476562,548.0380249023438,1106.8919677734375,812.3705444335938,1312.790771484375
3883,664.6856689453125,791.0812377929688,637.6968383789062,1103.2884521484375,884.057373046875,1380.7357177734375
3884,674.8248291015625,768.2107543945312,693.7841796875,1086.0587158203125,923.3926391601562,1403.164306640625
3885,663.3094482421875,751.5927124023438,739.5637817382812,1056.30322265625,948.6475219726562,1357.0291748046875
3886,640.3668823242188,752.8380737304688,760.6644287109375,1037.52783203125,983.3113403320312,1315.4456787109375
3887,626.3870239257812,777.8961181640625,750.4384155273438,1033.7816162109375,977.6840209960938,1278.516357421875
3888,620.347412109375,768.3191528320312,733.137451171875,1037.5469970703125,989.2337036132812,1240.5692138671875
3889,616.7513427734375,791.828857421875,699.1529541015625,1048.9107666015625,967.809814453125,1201.61669921875
3890,613.9988403320312,803.6927490234375,652.2081298828125,1055.804443359375,912.7322387695312,1218.1678466796875
3891,622.4830322265625,809.588623046875,605.0401611328125,1044.84765625,870.123779296875,1205.7879638671875
3892,629.8579711914062,792.6139526367188,585.9620361328125,1041.8306884765625,815.8782958984375,1220.03173828125
3893,622.1969604492188,789.3963012695312,541.8663330078125,1061.6676025390625,785.056640625,1275.5311279296875
3894,614.8953857421875,781.7206420898438,513.1944580078125,1038.242431640625,665.44140625,1264.3780517578125
3895,609.5747680664062,769.6386108398438,501.15985107421875,1041.85986328125,600.9812622070312,1306.9512939453125
3896,618.769775390625,756.6350708007812,500.56805419921875,1029.9793701171875,543.973388671875,1310.0350341796875
3897,628.400634765625,751.2352905273438,499.9111633300781,1061.317626953125,478.6187438964844,1349.564208984375
3898,634.9486083984375,766.7554321289062,497.6046142578125,1084.9560546875,472.49334716796875,1340.304931640625
3899,642.7217407226562,763.4842529296875,500.78851318359375,1106.7572021484375,488.77130126953125,1342.4000244140625
3900,645.0574340820312,800.2732543945312,507.4012145996094,1168.289794921875,539.7781372070312,1321.7537841796875
3901,606.3242797851562,829.2770385742188,472.7865905761719,1164.069580078125,604.4205322265625,1282.5780029296875
3902,629.1597290039062,846.2136840820312,582.7467041015625,1127.5946044921875,801.9283447265625,1272.5377197265625
3903,650.35205078125,844.0079956054688,584.9696044921875,1125.5213623046875,830.0779418945312,1292.6912841796875
3904,648.518798828125,820.4557495117188,544.015380859375,1083.153076171875,835.0519409179688,1288.882080078125
3905,685.834716796875,791.6907348632812,606.94775390625,1092.16259765625,868.8136596679688,1344.7535400390625
3906,696.17333984375,773.3241577148438,699.853271484375,1086.1585693359375,941.8156127929688,1394.322509765625
3907,677.7244262695312,753.4762573242188,731.3342895507812,1057.9224853515625,965.7008666992188,1366.73583984375
3908,661.131591796875,745.106201171875,766.2978515625,1032.1114501953125,988.3458862304688,1311.867919921875
3909,641.3429565429688,770.2219848632812,767.8628540039062,1027.540771484375,996.3737182617188,1280.509765625
3910,638.1256103515625,761.1927490234375,748.6506958007812,1029.5771484375,989.8953247070312,1244.681884765625
3911,631.9552612304688,785.3466796875,727.8861694335938,1037.0947265625,991.0629272460938,1205.80615234375
3912,631.4710693359375,795.9523315429688,682.5924072265625,1043.507568359375,934.1653442382812,1209.0985107421875
3913,627.1961059570312,813.4865112304688,620.8930053710938,1041.5411376953125,887.1947021484375,1196.388916015625
3914,646.6270751953125,788.3493041992188,610.4556884765625,1055.46435546875,840.3666381835938,1232.5400390625
3915,634.7561645507812,808.9327392578125,568.962646484375,1065.5556640625,821.6640014648438,1257.6983642578125
3916,619.3203125,785.503662109375,521.1397705078125,1035.276123046875,712.728515625,1239.2044677734375
3917,625.1065063476562,775.5415649414062,521.54296875,1040.5477294921875,649.9732055664062,1280.4697265625
3918,620.4003295898438,766.305419921875,501.7810363769531,1039.007080078125,575.5907592773438,1314.944091796875
3919,631.556884765625,755.6209106445312,498.7530517578125,1051.6751708984375,495.3563537597656,1334.710205078125
3920,634.137451171875,763.3065185546875,494.36932373046875,1076.6846923828125,475.2056884765625,1337.1951904296875
3921,646.2651977539062,770.3345947265625,497.94158935546875,1101.1929931640625,482.6142883300781,1330.5751953125
3922,653.3187866210938,795.3733520507812,501.95098876953125,1156.540771484375,505.07574462890625,1338.5474853515625
3923,639.0794067382812,823.5228881835938,499.66607666015625,1179.6361083984375,571.010498046875,1331.5946044921875
3924,621.9826049804688,842.4826049804688,510.4715881347656,1160.5277099609375,656.1632080078125,1322.091796875
3925,653.4325561523438,842.4717407226562,596.6896362304688,1122.074951171875,823.1173095703125,1285.957763671875
3926,644.0370483398438,836.2033081054688,554.3351440429688,1097.5264892578125,810.021240234375,1293.076171875
3927,684.0462646484375,798.971923828125,585.1362915039062,1090.8414306640625,825.0948486328125,1324.8848876953125
3928,690.637451171875,776.4274291992188,686.9274291992188,1087.7801513671875,899.755615234375,1371.73291015625
3929,684.1569213867188,756.039306640625,724.7764892578125,1065.372314453125,941.7951049804688,1371.0260009765625
3930,674.0394287109375,744.6464233398438,768.2741088867188,1039.054931640625,973.1680297851562,1323.6817626953125
3931,659.398681640625,762.6621704101562,773.0333862304688,1024.0689697265625,982.4679565429688,1288.9395751953125
3932,638.898681640625,758.715087890625,764.1005859375,1029.1322021484375,1003.169677734375,1254.9920654296875
3933,639.5908203125,777.0282592773438,741.5118408203125,1026.49951171875,978.4500732421875,1208.12841796875
3934,637.3411254882812,793.9373168945312,707.3200073242188,1030.7860107421875,951.4356079101562,1186.5992431640625
3935,623.9631958007812,814.3795776367188,659.0078125,1044.1702880859375,915.5131225585938,1198.6190185546875
3936,646.81591796875,811.8161010742188,622.429443359375,1036.823486328125,860.722412109375,1191.391357421875
3937,641.724609375,814.9074096679688,588.5297241210938,1063.3009033203125,824.3236083984375,1240.5699462890625
3938,628.9021606445312,798.1943359375,533.167236328125,1044.7164306640625,761.2329711914062,1246.546142578125
3939,637.5863647460938,785.5340576171875,529.3108520507812,1035.1697998046875,671.337158203125,1254.1666259765625
3940,630.8058471679688,771.3239135742188,513.9042358398438,1040.042724609375,604.0477294921875,1312.970947265625
3941,636.7198486328125,753.6929321289062,518.7421875,1033.7471923828125,529.6140747070312,1317.648193359375
3942,648.8121948242188,763.6597290039062,512.1063842773438,1063.8746337890625,478.3406066894531,1346.0560302734375
3943,644.91748046875,766.2079467773438,509.1468200683594,1087.2769775390625,475.0243835449219,1336.8060302734375
3944,654.1224975585938,775.4326782226562,510.2333984375,1120.1959228515625,498.6169738769531,1341.931640625
3945,641.2227783203125,803.1784057617188,506.3101501464844,1174.4683837890625,553.3035888671875,1329.1820068359375
3946,631.7648315429688,844.1495361328125,515.28955078125,1191.861083984375,627.0529174804688,1345.1470947265625
3947,645.79833984375,845.55615234375,572.7266235351562,1148.0123291015625,773.965087890625,1314.5252685546875
3948,653.6251831054688,839.256591796875,582.7203369140625,1120.3944091796875,830.9141235351562,1298.5909423828125
3949,673.6060180664062,810.56982421875,570.6253051757812,1090.8350830078125,847.4308471679688,1298.1046142578125
3950,696.7695922851562,789.1091918945312,670.5151977539062,1101.8858642578125,904.3548583984375,1369.210693359375
3951,699.506103515625,766.8705444335938,722.1542358398438,1082.2216796875,960.9691772460938,1390.9354248046875
3952,695.1240234375,745.1043090820312,763.8334350585938,1049.50537109375,988.2654418945312,1353.3985595703125
3953,664.7217407226562,745.8557739257812,786.5626831054688,1036.3941650390625,1014.9133911132812,1303.3712158203125
3954,661.5834350585938,754.6255493164062,793.38818359375,1033.143310546875,1031.945556640625,1272.27392578125
3955,656.060302734375,763.4562377929688,763.8944091796875,1024.806884765625,1011.9300537109375,1225.03466796875
3956,646.4407348632812,794.4417114257812,734.2117309570312,1031.862060546875,1002.6041259765625,1191.173583984375
3957,647.9600830078125,800.020263671875,686.5668334960938,1049.5328369140625,933.8485107421875,1219.4876708984375
3958,654.1455688476562,811.4616088867188,638.1010131835938,1046.7315673828125,885.4453125,1216.831787109375
3959,659.1866455078125,808.4051513671875,594.4512939453125,1074.803955078125,823.3533325195312,1271.703857421875
3960,635.3842163085938,794.1000366210938,546.006591796875,1047.8565673828125,782.58544921875,1253.7955322265625
3961,640.3588256835938,786.0661010742188,532.23486328125,1034.7845458984375,685.4139404296875,1242.5111083984375
3962,643.3201904296875,775.59912109375,528.35546875,1039.11962890625,624.2160034179688,1302.590087890625
3963,643.5280151367188,755.002685546875,523.5281982421875,1031.0245361328125,539.6722412109375,1315.57275390625
3964,659.7398681640625,762.8856811523438,518.5274658203125,1058.1373291015625,480.76458740234375,1347.039306640625
3965,657.935302734375,751.0145874023438,508.0665283203125,1091.748046875,449.5802307128906,1339.465087890625
3966,667.38916015625,777.5029907226562,519.5782470703125,1110.98974609375,505.56280517578125,1329.0040283203125
3967,654.153076171875,795.359130859375,508.71826171875,1167.650146484375,543.589599609375,1331.994873046875
3968,634.4459228515625,838.5770874023438,514.1985473632812,1180.84912109375,610.6712646484375,1339.629150390625
3969,647.2582397460938,840.7520141601562,567.5428466796875,1130.88818359375,756.6113891601562,1288.3092041015625
3970,660.647705078125,845.5200805664062,581.738525390625,1133.588623046875,818.9732666015625,1309.4368896484375
3971,658.8841552734375,824.7369384765625,566.173095703125,1091.3521728515625,839.9639282226562,1284.887451171875
3972,705.4865112304688,797.7020874023438,638.3582153320312,1099.0645751953125,876.9935913085938,1360.724853515625
3973,690.879638671875,773.4576416015625,721.6681518554688,1086.719970703125,955.8350830078125,1377.9554443359375
3974,695.184814453125,756.2008666992188,755.7901611328125,1058.319580078125,976.321533203125,1357.572509765625
3975,669.84619140625,753.8890380859375,785.8507690429688,1039.3936767578125,1004.4732666015625,1302.93310546875
3976,663.7720336914062,766.9183349609375,784.729248046875,1027.5809326171875,1011.1069946289062,1282.5289306640625
3977,660.9434204101562,769.32421875,773.191650390625,1035.7635498046875,1004.5147705078125,1246.350830078125
3978,652.8603515625,795.6868896484375,735.0538330078125,1042.8165283203125,978.9114990234375,1212.2647705078125
3979,649.00732421875,807.5523071289062,700.5572509765625,1049.7406005859375,947.8890380859375,1205.961181640625
3980,649.1023559570312,815.2940063476562,641.7222290039062,1039.1328125,902.1107177734375,1196.3299560546875
3981,671.5828857421875,808.5426635742188,620.9966430664062,1048.164306640625,852.6033325195312,1222.093994140625
3982,657.4757080078125,811.138427734375,593.73046875,1069.7288818359375,845.5327758789062,1268.258056640625
3983,633.6271362304688,788.6746826171875,553.6107788085938,1042.960693359375,739.5419921875,1256.69775390625
3984,652.6367797851562,785.9337768554688,535.0791015625,1034.857177734375,664.8007202148438,1269.8072509765625
3985,648.6242065429688,772.6287231445312,524.6722412109375,1038.16259765625,583.9308471679688,1310.4300537109375
3986,655.4456176757812,763.7218017578125,527.5397338867188,1042.7449951171875,524.4765014648438,1318.160888671875
3987,661.7565307617188,756.1339111328125,513.3258056640625,1081.779052734375,447.6166076660156,1340.7315673828125
3988,671.374267578125,782.1445922851562,519.1801147460938,1103.769287109375,478.3103942871094,1339.3868408203125
3989,671.9708862304688,797.5924072265625,523.3272094726562,1153.0435791015625,538.472412109375,1318.1689453125
3990,643.0269775390625,826.6763305664062,504.79681396484375,1178.249267578125,579.9305419921875,1308.380126953125
3991,639.8395385742188,853.6865844726562,551.7020874023438,1166.5928955078125,710.0064697265625,1305.91748046875
3992,669.8662109375,856.4827880859375,591.8128662109375,1127.0826416015625,833.3443603515625,1287.040283203125
3993,664.4957885742188,843.7619018554688,578.500732421875,1103.740478515625,824.7015380859375,1288.0079345703125
3994,698.1920166015625,814.4095458984375,641.0169677734375,1108.7105712890625,856.8491821289062,1357.8697509765625
3995,711.205078125,783.7340698242188,716.1734008789062,1087.8984375,936.255615234375,1386.43115234375
3996,687.815185546875,770.4204711914062,746.1282958984375,1050.1065673828125,961.4291381835938,1349.18896484375
3997,661.3491821289062,774.6353759765625,773.6104125976562,1039.8057861328125,978.2662963867188,1315.1239013671875
3998,647.4364013671875,781.1372680664062,778.2420043945312,1036.1851806640625,997.4063110351562,1289.3935546875
3999,637.5189208984375,779.691650390625,765.4295654296875,1047.1025390625,1002.0996704101562,1260.9854736328125
4000,627.5291137695312,789.1862182617188,724.1006469726562,1041.2105712890625,990.1142578125,1204.7860107421875
4001,619.7327270507812,804.1552734375,677.0506591796875,1057.1700439453125,936.7120971679688,1214.1160888671875
4002,626.0267333984375,814.3245849609375,623.3390502929688,1043.5350341796875,882.4465942382812,1195.7333984375
4003,643.4447021484375,803.7665405273438,600.9746704101562,1039.5789794921875,831.5066528320312,1208.633056640625
4004,627.4735107421875,796.8051147460938,556.7023315429688,1035.8050537109375,798.800537109375,1214.385498046875
4005,617.5017700195312,787.0446166992188,503.8144226074219,1021.9178466796875,690.371337890625,1235.0106201171875
4006,617.4188232421875,772.486328125,505.1356201171875,1030.443603515625,616.6338500976562,1279.2955322265625
4007,623.4443969726562,757.779296875,503.211181640625,1021.5306396484375,560.5350952148438,1303.7169189453125
4008,623.9165649414062,747.1014404296875,494.51751708984375,1033.3114013671875,485.9891052246094,1323.7686767578125
4009,631.8104248046875,752.9249267578125,494.8059997558594,1065.0098876953125,459.9979248046875,1339.760009765625
4010,646.0596923828125,757.7120971679688,499.66748046875,1090.7662353515625,466.38592529296875,1337.28173828125
4011,649.3016967773438,785.31298828125,498.2752990722656,1145.8172607421875,496.24432373046875,1341.78125
4012,643.2987060546875,803.5946655273438,497.50152587890625,1172.16455078125,547.882568359375,1332.3582763671875
4013,603.2545776367188,832.5551147460938,487.6541748046875,1170.379638671875,644.1549682617188,1293.960205078125
4014,643.658447265625,833.1688842773438,616.2725830078125,1091.202392578125,859.6565551757812,1241.03515625
4015,643.3359375,834.2131958007812,562.4579467773438,1112.6256103515625,803.3746948242188,1299.48486328125
4016,667.148681640625,802.479736328125,570.4689331054688,1106.1988525390625,828.6243896484375,1330.2598876953125
4017,695.3067626953125,781.385009765625,659.3370361328125,1086.5430908203125,905.0304565429688,1365.1441650390625
4018,697.3055419921875,760.0850830078125,715.069580078125,1067.6240234375,940.3433227539062,1383.7042236328125
4019,675.714111328125,752.7313842773438,751.9326782226562,1043.546630859375,956.68359375,1340.450927734375
4020,658.652099609375,765.0983276367188,768.9043579101562,1023.6480102539062,973.740478515625,1295.4285888671875
4021,651.203857421875,775.7481689453125,762.8253173828125,1029.642333984375,984.1226806640625,1269.254150390625
4022,639.7564697265625,783.1886596679688,729.9252319335938,1042.7872314453125,983.3156127929688,1229.545654296875
4023,634.7482299804688,796.1493530273438,703.1593017578125,1042.549072265625,965.0692749023438,1198.599609375
4024,629.6958618164062,806.8639526367188,661.8975830078125,1051.7281494140625,917.5551147460938,1217.48291015625
4025,647.172607421875,812.5481567382812,620.5878295898438,1043.2950439453125,868.7178955078125,1213.5758056640625
4026,650.8912353515625,813.6529541015625,590.5220947265625,1062.4683837890625,828.3466186523438,1249.86181640625
4027,624.6139526367188,798.167724609375,527.3910522460938,1050.132080078125,756.5204467773438,1254.224853515625
4028,630.8697509765625,780.4656982421875,522.7527465820312,1038.36376953125,673.6204223632812,1263.9676513671875
4029,633.0621948242188,769.7269287109375,512.9947509765625,1041.6002197265625,610.3529663085938,1311.9012451171875
4030,639.0843505859375,749.2932739257812,514.81640625,1034.9949951171875,532.1383666992188,1320.1175537109375
4031,652.95361328125,754.264892578125,510.3668518066406,1058.2562255859375,477.6654968261719,1347.4349365234375
4032,650.25439453125,766.2579956054688,509.296875,1081.9622802734375,473.5958251953125,1334.921630859375
4033,654.9822387695312,772.0084228515625,507.95965576171875,1105.4622802734375,494.1605529785156,1331.0277099609375
4034,651.5692749023438,795.233154296875,506.9344787597656,1162.9483642578125,542.4261474609375,1320.00927734375
4035,611.5756225585938,836.3137817382812,487.45697021484375,1161.0662841796875,621.3026733398438,1279.6248779296875
4036,641.5166015625,844.9149780273438,546.7515258789062,1149.6510009765625,712.003662109375,1312.4986572265625
4037,664.3575439453125,841.5396118164062,581.95703125,1132.2900390625,822.0298461914062,1316.4932861328125
4038,654.664306640625,819.24755859375,570.6659545898438,1094.6474609375,837.9239501953125,1282.7735595703125
4039,685.771728515625,794.9295043945312,648.2376708984375,1098.6336669921875,876.4859619140625,1352.25341796875
4040,703.8118286132812,773.2705078125,716.3533325195312,1086.9376220703125,944.3062133789062,1388.4327392578125
4041,685.8897705078125,755.7702026367188,744.9578857421875,1049.829345703125,965.2824096679688,1340.25146484375
4042,670.3819580078125,770.1939697265625,771.7683715820312,1034.730224609375,974.9608154296875,1307.47412109375
4043,658.0409545898438,776.5676879882812,777.2169799804688,1028.7392578125,1003.669921875,1280.2144775390625
4044,646.4827880859375,772.7125854492188,764.9864501953125,1039.3092041015625,994.2438354492188,1256.3775634765625
4045,637.1953125,792.1686401367188,730.15234375,1043.5352783203125,984.8027954101562,1213.5029296875
4046,634.465576171875,803.0552368164062,692.3724975585938,1050.296875,942.71142578125,1215.4656982421875
4047,633.78955078125,813.4378662109375,631.1417846679688,1040.943603515625,889.26708984375,1204.8507080078125
4048,648.1543579101562,781.9299926757812,610.86279296875,1057.7379150390625,838.3851928710938,1241.0328369140625
4049,643.1438598632812,802.809814453125,580.1878051757812,1069.9761962890625,824.86962890625,1273.253662109375
4050,636.294189453125,786.2579956054688,539.6786499023438,1033.698486328125,710.9533081054688,1241.87109375
4051,634.3025512695312,776.3485717773438,531.1908569335938,1034.15625,650.0571899414062,1281.4107666015625
4052,634.1824340820312,761.037841796875,514.1940307617188,1034.3883056640625,562.8759155273438,1313.7938232421875
4053,651.4180908203125,750.8876342773438,524.3411865234375,1041.0953369140625,504.12213134765625,1330.82080078125
4054,661.7012329101562,762.5858154296875,522.4229125976562,1071.135009765625,481.6592102050781,1340.2371826171875
4055,653.0789794921875,767.6314086914062,517.7119140625,1095.7353515625,489.0601806640625,1333.54541015625
4056,661.6494140625,786.4352416992188,519.5650634765625,1142.6680908203125,539.00634765625,1328.2156982421875
4057,633.6284790039062,821.6610717773438,499.2964782714844,1175.136474609375,584.294677734375,1307.298828125
4058,633.2651977539062,842.964111328125,513.2921142578125,1176.7171630859375,669.7830200195312,1305.8157958984375
4059,670.8292236328125,849.2640991210938,607.1473388671875,1128.6937255859375,843.9662475585938,1295.6630859375
4060,660.718994140625,830.1815795898438,587.366943359375,1101.8446044921875,854.1727294921875,1284.0228271484375
4061,701.522216796875,799.5084838867188,618.3894653320312,1096.408935546875,843.6634521484375,1326.338623046875
4062,713.4398803710938,783.1907958984375,716.1990966796875,1100.2540283203125,945.5352172851562,1396.6363525390625
4063,701.4988403320312,761.7525634765625,749.8929443359375,1069.547119140625,983.3485107421875,1368.6834716796875
4064,691.9542846679688,759.6071166992188,771.6388549804688,1035.0872802734375,974.5236206054688,1319.84765625
4065,673.893798828125,767.0048828125,786.4072265625,1030.2916259765625,1003.144775390625,1289.9732666015625
4066,664.3604736328125,765.7822265625,783.9922485351562,1038.6185302734375,1016.947998046875,1259.9169921875
4067,650.3298950195312,786.1556396484375,748.910888671875,1040.4141845703125,1007.4625854492188,1226.9541015625
4068,653.1912841796875,810.3896484375,713.51171875,1056.2406005859375,971.9652099609375,1213.6824951171875
4069,645.2732543945312,829.6201171875,651.0438842773438,1052.510009765625,906.9569091796875,1203.5030517578125
4070,661.58349609375,800.820556640625,624.18994140625,1068.3577880859375,862.5294799804688,1242.4246826171875
4071,643.886474609375,788.5203247070312,607.7291259765625,1067.5859375,843.0196533203125,1250.219970703125
4072,633.9247436523438,792.8070068359375,554.6325073242188,1056.8526611328125,750.8021850585938,1277.59228515625
4073,640.7546997070312,785.625244140625,536.04833984375,1046.6427001953125,670.3341064453125,1285.190185546875
4074,645.9819946289062,766.0704345703125,541.5978393554688,1045.149169921875,592.3167114257812,1330.9205322265625
4075,645.2389526367188,759.7543334960938,529.2432861328125,1049.69873046875,522.7634887695312,1337.027099609375
4076,649.1925659179688,769.44677734375,522.4672241210938,1080.988037109375,472.00579833984375,1349.9326171875
4077,658.0956420898438,776.7108764648438,518.4813232421875,1103.8172607421875,479.1937255859375,1349.006591796875
4078,663.24609375,790.4279174804688,527.65673828125,1147.0169677734375,534.7767333984375,1335.917724609375
4079,645.5595092773438,816.8683471679688,509.3009338378906,1179.996826171875,579.7123413085938,1327.482177734375
4080,623.4647827148438,844.7136840820312,518.1495361328125,1174.0469970703125,678.9113159179688,1308.7086181640625
4081,665.9219360351562,844.4117431640625,613.93115234375,1126.65966796875,858.3241577148438,1295.2781982421875
4082,662.403564453125,829.5652465820312,596.0848999023438,1110.990234375,862.7183227539062,1310.2467041015625
4083,694.5857543945312,796.4920043945312,600.6488647460938,1102.1683349609375,839.6852416992188,1335.4871826171875
4084,699.2047729492188,778.5147094726562,698.6725463867188,1097.6390380859375,938.7323608398438,1374.596435546875
4085,708.5535278320312,753.400146484375,740.5263061523438,1068.4896240234375,973.623779296875,1375.4542236328125
4086,683.036865234375,747.6168823242188,771.439697265625,1036.3626708984375,989.2335205078125,1318.5689697265625
4087,664.0457153320312,752.7179565429688,792.3777465820312,1026.5291748046875,1018.6671752929688,1281.3929443359375
4088,656.3237915039062,766.4182739257812,786.9761352539062,1029.385009765625,1012.9337768554688,1255.07861328125
4089,645.2618408203125,790.5507202148438,737.9154052734375,1032.106201171875,992.859375,1206.1112060546875
4090,644.4552612304688,792.4253540039062,707.8688354492188,1028.5997314453125,959.7618408203125,1181.3690185546875
4091,641.56201171875,806.3656005859375,672.9396362304688,1045.7376708984375,922.0277709960938,1201.3265380859375
4092,653.2177124023438,797.2595825195312,623.3565673828125,1057.5589599609375,872.2597045898438,1209.593994140625
4093,653.8094482421875,803.1461791992188,593.6505126953125,1053.9803466796875,827.5025634765625,1233.7984619140625
4094,643.3009643554688,783.9071655273438,549.1990966796875,1046.7357177734375,772.204345703125,1255.5855712890625
4095,649.35498046875,773.612548828125,535.4185791015625,1025.612548828125,672.5626831054688,1247.3145751953125
4096,648.8905029296875,763.5780029296875,525.4443969726562,1031.2540283203125,610.39306640625,1303.6058349609375
4097,649.2999267578125,743.51318359375,535.4979858398438,1035.85986328125,539.6471557617188,1323.6495361328125
4098,662.0845336914062,751.6237182617188,526.150146484375,1058.0595703125,488.6992492675781,1344.32421875
4099,668.0018920898438,752.36865234375,516.3541870117188,1096.0635986328125,463.3702087402344,1337.4486083984375
4100,666.3634033203125,776.2515258789062,518.93701171875,1114.0308837890625,518.1256103515625,1342.83740234375
4101,661.1590576171875,813.2525634765625,521.6632080078125,1173.7935791015625,583.1587524414062,1329.6009521484375
4102,629.9227294921875,837.0275268554688,538.3583374023438,1153.8211669921875,710.092529296875,1271.8018798828125
4103,657.1741333007812,842.953369140625,594.2653198242188,1134.311279296875,805.6083984375,1292.580322265625
4104,670.673095703125,842.5463256835938,587.370849609375,1121.2384033203125,845.4075317382812,1301.0904541015625
4105,681.1441650390625,825.2105712890625,586.3284301757812,1122.7474365234375,846.6472778320312,1343.6353759765625
4106,711.8155517578125,796.5038452148438,694.9699096679688,1113.8341064453125,936.1235961914062,1402.1773681640625
4107,706.3870239257812,776.7463989257812,735.1803588867188,1084.874755859375,968.3868408203125,1385.2994384765625
4108,692.2471313476562,761.3104858398438,772.3034057617188,1050.9644775390625,991.2800903320312,1343.66552734375
4109,678.540283203125,762.602783203125,795.678466796875,1036.031982421875,998.9448852539062,1291.8065185546875
4110,651.3300170898438,781.5877075195312,779.3117065429688,1034.8662109375,999.1153564453125,1264.0177001953125
4111,653.7903442382812,786.42333984375,772.0529174804688,1043.90185546875,997.4755249023438,1237.3162841796875
4112,641.367431640625,817.6888427734375,728.4004516601562,1064.7781982421875,982.7223510742188,1223.6141357421875
4113,639.7413940429688,826.4448852539062,689.0694580078125,1071.783447265625,922.4044189453125,1233.2618408203125
4114,650.79833984375,817.0867919921875,634.603515625,1076.5792236328125,870.3776245117188,1236.5911865234375
4115,652.6715087890625,800.36572265625,615.1820678710938,1074.1865234375,828.2847900390625,1258.070068359375
4116,623.891845703125,817.3011474609375,544.609375,1062.9078369140625,764.2800903320312,1255.818359375
4117,629.239013671875,797.4862670898438,533.532958984375,1055.2225341796875,671.9262084960938,1271.957763671875
4118,628.3819580078125,785.1334228515625,519.2290649414062,1057.0177001953125,598.26904296875,1322.572265625
4119,621.909912109375,776.0244750976562,509.79876708984375,1053.4566650390625,519.0472412109375,1325.0782470703125
4120,627.9879760742188,770.6854858398438,503.56787109375,1074.9150390625,468.67529296875,1346.3565673828125
4121,641.5640258789062,777.429931640625,505.62481689453125,1099.3922119140625,452.3294677734375,1343.902587890625
4122,645.177490234375,784.54248046875,503.457763671875,1125.661865234375,477.25982666015625,1349.40283203125
4123,636.696044921875,812.8648681640625,494.2830810546875,1178.2681884765625,524.6547241210938,1348.7607421875
4124,625.3060302734375,848.5119018554688,498.6242980957031,1187.0340576171875,603.9609985351562,1343.846923828125
4125,622.8538818359375,853.2158203125,528.92431640625,1138.8575439453125,724.6254272460938,1299.001708984375
4126,653.2588500976562,847.5540161132812,580.138916015625,1127.3707275390625,834.5131225585938,1313.9278564453125
4127,661.2498779296875,817.27587890625,564.8447875976562,1100.6055908203125,834.5174560546875,1304.6209716796875
4128,690.7385864257812,792.2437744140625,639.1414184570312,1096.4771728515625,884.51611328125,1357.7242431640625
4129,692.25732421875,776.244873046875,711.8538818359375,1090.68896484375,942.486572265625,1400.5286865234375
4130,688.88232421875,756.10107421875,752.1857299804688,1048.0118408203125,965.8565063476562,1348.5491943359375
4131,664.6969604492188,753.9335327148438,783.73046875,1036.0906982421875,1002.4662475585938,1307.08154296875
4132,652.4820556640625,773.4371337890625,778.2096557617188,1027.8702392578125,1008.5093994140625,1278.78173828125
4133,646.4578857421875,775.98046875,761.36572265625,1035.311279296875,1008.4248046875,1246.364501953125
4134,633.0435791015625,797.06787109375,726.0703125,1044.306884765625,986.4937133789062,1208.7864990234375
4135,628.7076416015625,817.62890625,684.9751586914062,1061.8443603515625,947.9767456054688,1215.5570068359375
4136,637.1378173828125,820.3446044921875,642.3287963867188,1067.1636962890625,908.1090698242188,1208.3485107421875
4137,659.143798828125,815.3031616210938,616.324951171875,1051.458251953125,844.2528076171875,1225.7904052734375
4138,634.071533203125,811.0645751953125,572.0767822265625,1084.3447265625,816.1096801757812,1282.86767578125
4139,647.9503784179688,789.584716796875,534.9774169921875,1046.8470458984375,706.0531616210938,1262.425048828125
4140,642.1400146484375,782.195068359375,524.2899169921875,1046.80615234375,641.7772216796875,1295.367431640625
4141,632.073486328125,772.0986938476562,507.13934326171875,1035.514404296875,552.7708129882812,1309.855224609375
4142,638.544189453125,765.1171875,499.01953125,1062.0172119140625,482.04052734375,1344.306884765625
4143,645.9067993164062,766.8402709960938,493.51007080078125,1079.26904296875,459.4562072753906,1340.0107421875
4144,647.1787719726562,780.087158203125,494.2430725097656,1106.9024658203125,467.3954772949219,1338.4791259765625
4145,649.47119140625,802.146240234375,488.84271240234375,1153.5638427734375,507.5981140136719,1330.5672607421875
4146,632.640380859375,829.9780883789062,486.76519775390625,1174.248046875,575.7593994140625,1329.5850830078125
4147,599.4417724609375,849.6514892578125,515.2979736328125,1162.1220703125,732.8211059570312,1269.8603515625
4148,634.7472534179688,845.99560546875,574.7161865234375,1109.427001953125,825.5101318359375,1274.2060546875
4149,627.5753173828125,832.2911376953125,548.2798461914062,1099.7991943359375,800.5418701171875,1294.8428955078125
4150,664.19140625,799.556640625,584.0721435546875,1100.1798095703125,835.1863403320312,1363.1158447265625
4151,661.0139770507812,765.8428344726562,672.1213989257812,1084.3857421875,891.0548095703125,1389.3670654296875
4152,646.0784301757812,754.13916015625,722.3822021484375,1061.3133544921875,954.7894287109375,1349.146728515625
4153,631.4600830078125,753.197998046875,742.9607543945312,1033.645263671875,948.644775390625,1304.79443359375
4154,617.5565185546875,772.4139404296875,738.8120727539062,1020.9157104492188,979.465576171875,1276.682861328125
4155,611.099609375,765.93701171875,728.8604736328125,1027.052734375,968.6162109375,1243.4766845703125
4156,601.3920288085938,774.4116821289062,698.1095581054688,1037.6290283203125,962.9951171875,1214.970703125
4157,581.795654296875,804.9900512695312,650.0540771484375,1054.8291015625,906.5010375976562,1199.114501953125
4158,604.5249633789062,809.3939208984375,607.3229370117188,1051.82421875,864.03515625,1214.622802734375
4159,610.4508666992188,799.1342163085938,566.0055541992188,1042.3704833984375,808.8118896484375,1219.3248291015625
4160,612.2798461914062,793.507568359375,540.3821411132812,1039.859375,768.7619018554688,1239.1453857421875
4161,609.6586303710938,786.5272216796875,491.74468994140625,1041.2646484375,693.8111572265625,1262.68359375
4162,611.7846069335938,772.6544189453125,487.12420654296875,1027.182861328125,609.96142578125,1274.6435546875
4163,607.7831420898438,758.3562622070312,481.1122741699219,1030.3419189453125,542.16943359375,1311.217529296875
4164,608.1499633789062,751.3746948242188,477.2463684082031,1035.402099609375,473.2347106933594,1324.326416015625
4165,609.8225708007812,755.1326904296875,477.0436706542969,1062.9166259765625,431.6136779785156,1338.746826171875
4166,619.4822998046875,760.2705688476562,472.74053955078125,1087.46240234375,441.14208984375,1344.5277099609375
4167,627.3760986328125,771.3733520507812,461.0934753417969,1125.962890625,465.1042785644531,1335.6793212890625
4168,613.6432495117188,799.2401733398438,464.390625,1165.3314208984375,524.0358276367188,1324.5904541015625
4169,587.3076171875,829.3543090820312,469.0592041015625,1179.413818359375,582.4273681640625,1330.387451171875
4170,606.533447265625,844.6542358398438,490.2309265136719,1168.1741943359375,653.4338989257812,1337.8814697265625
4171,616.4967651367188,839.5199584960938,524.5015869140625,1110.264404296875,760.3118286132812,1284.3009033203125
4172,639.4462280273438,812.3499755859375,544.5726318359375,1099.9925537109375,790.6754760742188,1319.9501953125
4173,649.7425537109375,776.8922119140625,614.026123046875,1085.2376708984375,847.3606567382812,1346.25146484375
4174,649.5340576171875,764.113037109375,669.0453491210938,1082.5279541015625,879.1387939453125,1395.2593994140625
4175,640.442138671875,755.00537109375,726.6041259765625,1058.9093017578125,945.327392578125,1342.7655029296875
4176,623.4585571289062,754.986572265625,733.3356323242188,1031.602294921875,940.1802978515625,1298.1732177734375
4177,621.516845703125,763.4404907226562,744.7462158203125,1031.8470458984375,967.8733520507812,1277.605224609375
4178,616.8316650390625,770.6741333007812,717.766845703125,1030.4600830078125,962.5682373046875,1235.144287109375
4179,604.1128540039062,787.3558959960938,676.6290283203125,1046.031494140625,946.519287109375,1207.5887451171875
4180,603.6281127929688,802.5293579101562,640.59765625,1054.7108154296875,903.8764038085938,1219.9312744140625
4181,619.688232421875,806.7314453125,603.2496948242188,1047.097412109375,865.4511108398438,1216.5576171875
4182,632.6643676757812,795.3876953125,574.9347534179688,1056.2200927734375,809.5631103515625,1249.0433349609375
4183,611.6934814453125,798.1448364257812,527.4710693359375,1069.519775390625,768.0729370117188,1280.3477783203125
4184,625.2781372070312,780.93408203125,513.576171875,1040.265380859375,665.173583984375,1268.9290771484375
4185,620.921630859375,775.2206420898438,505.9001770019531,1046.1031494140625,611.4318237304688,1311.97412109375
4186,624.585205078125,762.9951782226562,487.7998352050781,1036.458740234375,529.651611328125,1318.03125
4187,623.5909423828125,763.8512573242188,486.572021484375,1060.3614501953125,475.8899230957031,1342.3690185546875
4188,632.2862548828125,770.6378173828125,482.7557373046875,1085.596435546875,455.6875305175781,1349.296142578125
4189,645.40576171875,778.1691284179688,484.3600158691406,1119.400390625,472.66400146484375,1358.23828125
4190,645.2449951171875,798.8867797851562,480.65167236328125,1165.7049560546875,526.7974853515625,1346.537841796875
4191,621.6417846679688,837.8194580078125,481.8641052246094,1182.241455078125,606.554443359375,1354.3787841796875
4192,617.44189453125,845.614013671875,505.9578857421875,1159.5704345703125,687.7977294921875,1335.7630615234375
4193,639.9088745117188,834.0357666015625,563.5166015625,1118.5284423828125,812.5916748046875,1308.64794921875
4194,642.7714233398438,809.4943237304688,544.1331176757812,1096.6578369140625,818.6174926757812,1312.152099609375
4195,671.7615966796875,780.541259765625,637.14599609375,1093.44140625,891.869384765625,1370.9654541015625
4196,654.841064453125,759.4811401367188,701.4293212890625,1076.6824951171875,947.9404907226562,1371.3304443359375
4197,663.188232421875,746.8558959960938,735.7012939453125,1045.961669921875,948.3908081054688,1345.414794921875
4198,635.4303588867188,743.8387451171875,755.864501953125,1025.515869140625,981.2559814453125,1303.322509765625
4199,621.7699584960938,773.8536987304688,752.448486328125,1028.3988037109375,982.308837890625,1281.0897216796875
4200,618.3762817382812,766.1619873046875,745.371337890625,1034.035400390625,986.7693481445312,1244.144287109375
4201,613.5422973632812,782.5639038085938,708.1447143554688,1039.775390625,991.736083984375,1193.2379150390625
4202,605.6182861328125,804.4544677734375,661.3234252929688,1053.0784912109375,929.9760131835938,1217.4837646484375
4203,612.4064331054688,812.8427124023438,618.208251953125,1046.6129150390625,886.6265869140625,1203.2183837890625
4204,629.5195922851562,790.0548706054688,595.290283203125,1040.6253662109375,830.0885009765625,1219.4609375
4205,611.5984497070312,796.4397583007812,551.7965698242188,1068.2464599609375,797.43017578125,1270.197021484375
4206,597.7390747070312,778.2032470703125,528.5946655273438,1045.6346435546875,676.0947875976562,1276.445068359375
4207,617.7294921875,771.211669921875,510.15032958984375,1035.629638671875,613.9080810546875,1302.4779052734375
4208,604.4514770507812,760.0435180664062,491.800048828125,1023.3593139648438,536.2166748046875,1304.4310302734375
4209,610.9534912109375,755.0222778320312,493.05352783203125,1055.6368408203125,470.62628173828125,1347.44140625
4210,613.3075561523438,763.2064208984375,485.3338623046875,1077.3250732421875,448.5267333984375,1349.6868896484375
4211,624.8531494140625,774.7086791992188,485.2610778808594,1105.98193359375,467.1042785644531,1337.1632080078125
4212,619.0966186523438,798.3621826171875,485.3597717285156,1157.0474853515625,519.7882080078125,1330.00634765625
4213,594.1983642578125,829.1010131835938,484.4734802246094,1183.614990234375,588.7369995117188,1327.6021728515625
4214,598.9850463867188,847.0279541015625,512.5045166015625,1160.416259765625,690.09521484375,1314.77685546875
4215,625.6497802734375,851.950439453125,577.3192749023438,1133.3970947265625,813.8622436523438,1291.269775390625
4216,619.499755859375,828.2236328125,548.54150390625,1115.440673828125,802.0123901367188,1304.4169921875
4217,642.988037109375,796.8208618164062,578.1635131835938,1093.27978515625,823.8651733398438,1320.2864990234375
4218,655.9989624023438,783.4004516601562,661.2046508789062,1084.90869140625,922.5570068359375,1364.0780029296875
4219,649.5355224609375,759.61767578125,699.6421508789062,1060.5135498046875,929.315185546875,1362.7064208984375
4220,627.7882080078125,755.7677001953125,733.4203491210938,1037.6693115234375,956.1271362304688,1308.6778564453125
4221,619.6624145507812,758.7764282226562,759.3475341796875,1031.2379150390625,995.9769287109375,1286.3306884765625
4222,612.942626953125,771.2069091796875,741.7496337890625,1039.7711181640625,985.3201904296875,1254.14208984375
4223,605.296142578125,793.1497802734375,708.154296875,1050.5462646484375,979.1748046875,1212.0233154296875
4224,597.7565307617188,811.1876220703125,666.9180908203125,1064.59619140625,926.6878662109375,1224.92724609375
4225,601.89501953125,823.1385498046875,617.044189453125,1056.03271484375,879.8772583007812,1208.76171875
4226,614.69091796875,809.2999877929688,584.663330078125,1059.0186767578125,827.1793823242188,1233.9906005859375
4227,610.8601684570312,804.3432006835938,551.4844360351562,1049.65869140625,786.83935546875,1231.5389404296875
4228,607.2310791015625,792.7849731445312,502.88592529296875,1048.2784423828125,710.8553466796875,1263.77880859375
4229,602.2099609375,774.2271118164062,495.7152099609375,1036.0723876953125,625.1812744140625,1282.3148193359375
4230,599.6321411132812,764.1235961914062,489.2264099121094,1040.130615234375,564.3738403320312,1315.2679443359375
4231,600.3831787109375,757.5311889648438,481.1855163574219,1046.4140625,483.9178466796875,1340.03955078125
4232,606.957763671875,762.2649536132812,476.53509521484375,1075.6512451171875,441.1623229980469,1361.0960693359375
4233,615.2162475585938,772.998779296875,472.22222900390625,1101.949462890625,447.4673767089844,1357.52001953125
4234,622.63525390625,789.0623168945312,468.6193542480469,1152.56494140625,481.4794006347656,1350.1070556640625
4235,605.7462158203125,818.8665161132812,462.5353088378906,1180.3564453125,537.16845703125,1340.77734375
4236,575.2225341796875,837.0311279296875,477.9262390136719,1178.725341796875,618.63427734375,1338.683837890625
4237,608.5035400390625,837.3272094726562,546.5728149414062,1137.44580078125,777.5484619140625,1310.662109375
4238,610.7064819335938,823.3651123046875,534.4085693359375,1110.2515869140625,783.685791015625,1302.772705078125
4239,654.6312255859375,791.4804077148438,571.8489379882812,1095.292236328125,801.5568237304688,1337.709716796875
4240,655.1151733398438,769.7430419921875,657.0418090820312,1096.4332275390625,882.7702026367188,1394.504638671875
4241,651.5361328125,748.87939453125,692.9537353515625,1065.801513671875,908.2835693359375,1379.037353515625
4242,615.4432983398438,714.1513671875,729.3718872070312,1029.012451171875,928.1515502929688,1323.345458984375
4243,617.43603515625,742.754150390625,753.9390258789062,1025.61474609375,973.3734741210938,1294.2659912109375
4244,615.9743041992188,758.9916381835938,740.8616333007812,1031.8734130859375,977.9549560546875,1258.536376953125
4245,604.9248046875,775.912353515625,713.4942626953125,1043.5030517578125,980.4566040039062,1230.72509765625
4246,598.8004150390625,798.7100830078125,667.2921752929688,1057.111572265625,929.1875610351562,1222.1898193359375
4247,598.6609497070312,814.004150390625,621.9239501953125,1056.2303466796875,879.485595703125,1209.6981201171875
4248,611.4129028320312,808.0087280273438,589.9583129882812,1052.162109375,832.442138671875,1219.0968017578125
4249,607.626220703125,802.6666259765625,556.470703125,1056.767822265625,782.5400390625,1234.9998779296875
4250,620.1244506835938,793.3740234375,509.6828918457031,1053.058837890625,718.97265625,1271.47314453125
4251,606.4280395507812,787.3630981445312,483.2314453125,1038.1678466796875,612.2774047851562,1277.2347412109375
4252,607.1514892578125,768.6964111328125,488.5029602050781,1035.3680419921875,565.0020751953125,1313.3609619140625
4253,599.0480346679688,761.2821655273438,477.24774169921875,1037.6810302734375,488.5987243652344,1328.550048828125
4254,607.7362060546875,769.1676635742188,471.6629333496094,1070.2327880859375,440.0257873535156,1356.7633056640625
4255,617.5253295898438,777.778076171875,474.0489807128906,1097.8297119140625,437.7776184082031,1347.53466796875
4256,624.094482421875,791.036865234375,467.1474609375,1146.5556640625,472.02227783203125,1340.3643798828125
4257,604.6620483398438,823.2457275390625,466.3853759765625,1177.9681396484375,539.6807250976562,1329.530029296875
4258,578.8326416015625,846.1495971679688,475.6339416503906,1191.2186279296875,606.8359985351562,1345.5904541015625
4259,598.01953125,848.431884765625,514.51318359375,1161.4190673828125,712.0720825195312,1324.2506103515625
4260,602.7711181640625,834.923095703125,548.0286254882812,1105.245849609375,799.0889282226562,1270.3389892578125
4261,645.6832275390625,807.12109375,559.0577392578125,1114.74658203125,794.4774169921875,1349.9051513671875
4262,643.841796875,768.4616088867188,620.9829711914062,1080.4010009765625,857.1719970703125,1354.5030517578125
4263,650.59130859375,753.7169189453125,684.6868286132812,1070.0938720703125,904.19921875,1380.484130859375
4264,624.941162109375,720.1722412109375,732.609375,1035.2442626953125,926.0462646484375,1331.7596435546875
4265,616.5558471679688,745.9093017578125,742.9867553710938,1024.4678955078125,965.2598876953125,1289.921630859375
4266,610.8952026367188,761.8698120117188,746.0128784179688,1031.5445556640625,978.7662963867188,1264.140869140625
4267,605.197265625,772.9872436523438,714.3424072265625,1038.0162353515625,972.3069458007812,1233.7589111328125
4268,595.197265625,793.0111694335938,678.0270385742188,1055.3017578125,944.6221313476562,1216.0206298828125
4269,594.814208984375,812.8140258789062,631.285400390625,1060.5164794921875,889.3603515625,1215.0416259765625
4270,603.2318725585938,814.3558959960938,591.0473022460938,1052.402587890625,845.1038818359375,1213.189208984375
4271,608.5162963867188,802.5232543945312,555.2660522460938,1076.8402099609375,769.420166015625,1272.5262451171875
4272,603.3986206054688,793.5440063476562,517.1641235351562,1062.447509765625,739.5701293945312,1276.884521484375
4273,604.5789794921875,793.0023193359375,481.5222473144531,1048.075927734375,624.0086669921875,1271.122802734375
4274,600.629150390625,771.3353271484375,491.87640380859375,1045.0330810546875,583.4996948242188,1318.3232421875
4275,599.4219970703125,762.9183349609375,482.4708557128906,1044.924560546875,505.6379089355469,1338.5345458984375
4276,605.0487670898438,765.911376953125,478.5166015625,1072.0548095703125,444.94683837890625,1365.4638671875
4277,609.8096923828125,781.7896728515625,468.1418151855469,1096.062744140625,439.90869140625,1358.495849609375
4278,614.8515014648438,791.4369506835938,466.80999755859375,1138.0107421875,461.0737609863281,1347.2178955078125
4279,608.7434692382812,815.2954711914062,464.2234802246094,1179.8756103515625,528.8886108398438,1343.334716796875
4280,574.3947143554688,838.4598999023438,466.1441345214844,1179.7001953125,589.6546630859375,1333.9547119140625
4281,578.4949951171875,843.2662353515625,500.3869934082031,1159.305908203125,701.2646484375,1320.78662109375
4282,601.0889282226562,833.3323974609375,528.3094482421875,1118.508544921875,768.323974609375,1296.7711181640625
4283,626.1499633789062,808.83642578125,541.9315795898438,1109.3453369140625,798.0397338867188,1329.7669677734375
4284,634.142333984375,784.6814575195312,633.178955078125,1101.411865234375,865.1863403320312,1382.1328125
4285,636.8555297851562,758.8389282226562,672.8711547851562,1082.1954345703125,893.3798217773438,1391.381591796875
4286,634.822021484375,745.6952514648438,712.7492065429688,1049.5867919921875,924.8153686523438,1336.4998779296875
4287,613.4468994140625,748.2227783203125,732.5505981445312,1033.5191650390625,957.7553100585938,1294.466796875
4288,598.6754150390625,764.3148193359375,730.4149169921875,1034.0921630859375,967.5243530273438,1265.8472900390625
4289,585.4298095703125,776.951171875,703.8455200195312,1041.403564453125,969.5460205078125,1242.068115234375
4290,579.3369750976562,797.2579345703125,663.2824096679688,1057.76953125,934.0274047851562,1221.044677734375
4291,570.9805297851562,814.8795776367188,612.3070678710938,1074.730224609375,875.016357421875,1224.434326171875
4292,582.6436767578125,806.9606323242188,565.829345703125,1070.504150390625,818.11181640625,1240.705078125
4293,574.7042846679688,784.2925415039062,527.2701416015625,1072.2445068359375,746.264892578125,1273.59130859375
4294,572.58154296875,793.1942138671875,485.53118896484375,1067.681396484375,710.75830078125,1292.60546875
4295,581.0257568359375,783.5369262695312,457.79461669921875,1037.2283935546875,605.2427368164062,1262.2642822265625
4296,572.3956909179688,761.556396484375,462.3735656738281,1040.38623046875,547.36865234375,1320.607421875
4297,563.6314697265625,749.735107421875,455.49554443359375,1042.743408203125,477.77392578125,1331.18359375
4298,575.6998901367188,749.1019287109375,452.7057800292969,1064.186279296875,417.9368591308594,1351.5185546875
4299,585.5531616210938,757.7564697265625,445.4043273925781,1085.312744140625,417.6197204589844,1346.4901123046875
4300,594.2369384765625,764.7003784179688,446.1343688964844,1120.5186767578125,439.8869934082031,1351.6710205078125
4301,588.7329711914062,784.4278564453125,444.15911865234375,1157.537353515625,494.9736328125,1343.901611328125
4302,564.8761596679688,824.124755859375,442.25933837890625,1177.7940673828125,546.5609130859375,1333.335693359375
4303,563.3523559570312,830.4450073242188,470.39190673828125,1170.78076171875,633.2525634765625,1330.078125
4304,595.3771362304688,839.0553588867188,508.32147216796875,1128.50634765625,750.0254516601562,1322.29443359375
4305,605.7506713867188,811.283447265625,510.97076416015625,1101.02197265625,760.6674194335938,1307.023681640625
4306,634.6954345703125,781.914794921875,599.7589111328125,1092.7115478515625,814.412109375,1361.2779541015625
4307,626.4541625976562,757.446533203125,656.6932983398438,1077.020263671875,879.0333251953125,1366.370361328125
4308,631.1146240234375,740.9876708984375,694.6231079101562,1055.0313720703125,913.9000854492188,1346.042724609375
4309,610.9820556640625,742.5675659179688,719.6180419921875,1024.0037841796875,929.8012084960938,1300.5030517578125
4310,598.2523193359375,754.6307373046875,729.4365234375,1021.45166015625,964.3484497070312,1264.5428466796875
4311,592.26123046875,768.2574462890625,713.9141845703125,1031.8992919921875,960.3438720703125,1238.4840087890625
4312,589.1702880859375,783.861572265625,678.754638671875,1040.927001953125,938.0889282226562,1211.6766357421875
4313,580.2387084960938,806.45068359375,633.1065673828125,1047.51123046875,893.4049682617188,1200.0299072265625
4314,584.278564453125,811.3535766601562,599.46826171875,1055.5081787109375,859.3727416992188,1208.369873046875
4315,597.8521728515625,797.267822265625,561.3912963867188,1050.9730224609375,793.6825561523438,1225.781982421875
4316,594.8111572265625,799.909423828125,526.51611328125,1076.8865966796875,757.381591796875,1280.7574462890625
4317,615.9984741210938,783.5546875,489.8364562988281,1042.1258544921875,667.1416625976562,1255.5596923828125
4318,598.116943359375,768.4465942382812,487.7198486328125,1034.2496337890625,603.1405639648438,1287.23388671875
4319,596.4793090820312,757.4605712890625,482.9211730957031,1037.0040283203125,543.8941650390625,1318.4420166015625
4320,595.5767211914062,758.6156616210938,475.9835205078125,1050.372802734375,472.496337890625,1343.6192626953125
4321,605.9715576171875,760.2024536132812,474.2205505371094,1071.6392822265625,434.5950622558594,1355.0509033203125
4322,612.5338745117188,771.1419067382812,467.5296936035156,1100.98828125,449.87103271484375,1352.638671875
4323,615.7235107421875,794.4615478515625,464.5617370605469,1156.123779296875,481.5522766113281,1342.3992919921875
4324,601.505126953125,815.706298828125,466.60211181640625,1176.40869140625,542.0853881835938,1332.2113037109375
4325,579.1700439453125,839.62451171875,473.8711853027344,1183.3916015625,620.1153564453125,1343.5078125
4326,605.302001953125,830.6492309570312,561.5855712890625,1125.142578125,791.4227294921875,1292.4041748046875
4327,612.8984985351562,822.9766845703125,528.3400268554688,1107.454833984375,773.6549072265625,1304.038818359375
4328,648.3237915039062,796.7337036132812,566.6050415039062,1100.7579345703125,792.5568237304688,1342.601318359375
4329,645.537841796875,772.0321655273438,656.7987670898438,1100.0150146484375,889.4971313476562,1391.90478515625
4330,642.8545532226562,749.1975708007812,693.15087890625,1062.997314453125,914.95263671875,1376.5841064453125
4331,632.5731811523438,740.3297119140625,730.5033569335938,1036.232421875,939.5520629882812,1322.3790283203125
4332,617.345947265625,745.2913208007812,751.3538818359375,1030.7457275390625,975.6940307617188,1303.67138671875
4333,604.9435424804688,761.4921875,738.422607421875,1038.2576904296875,983.1073608398438,1267.51416015625
4334,596.7306518554688,780.6427001953125,705.708984375,1044.8372802734375,975.5311889648438,1234.4061279296875
4335,594.766845703125,798.9867553710938,663.7155151367188,1058.561767578125,928.3226318359375,1217.151611328125
4336,598.4273681640625,805.4886474609375,623.225830078125,1054.9844970703125,886.1063232421875,1206.7779541015625
4337,609.0130615234375,794.0861206054688,588.5640258789062,1047.331298828125,830.9507446289062,1225.1983642578125
4338,605.8950805664062,803.410400390625,554.52880859375,1050.156005859375,785.1661987304688,1230.8779296875
4339,621.0254516601562,789.385986328125,503.6725158691406,1047.4970703125,700.5885009765625,1258.0177001953125
4340,603.9636840820312,778.9464111328125,484.91436767578125,1039.499267578125,609.5731811523438,1283.690185546875
4341,604.0075073242188,762.8767700195312,487.5344543457031,1037.300048828125,553.859130859375,1318.793701171875
4342,606.697265625,755.1720581054688,476.5753173828125,1035.7745361328125,479.7051086425781,1324.58349609375
4343,615.4386596679688,763.7138671875,477.89630126953125,1069.5245361328125,439.9957580566406,1350.815673828125
4344,623.6736450195312,770.5468139648438,470.9781494140625,1094.492431640625,450.7742919921875,1350.018310546875
4345,636.69384765625,784.4657592773438,471.34344482421875,1141.430419921875,476.2239074707031,1350.25390625
4346,619.8226318359375,807.608642578125,466.8690490722656,1170.6177978515625,539.7173461914062,1326.0765380859375
4347,596.3082275390625,837.53564453125,477.48321533203125,1178.6905517578125,612.1763305664062,1342.5831298828125
4348,622.4120483398438,839.3966674804688,530.83740234375,1151.5458984375,727.17138671875,1329.1865234375
4349,624.087158203125,828.72802734375,529.0692138671875,1106.12646484375,770.0269775390625,1297.78369140625
4350,657.14794921875,805.1270141601562,555.46435546875,1101.704833984375,786.6234741210938,1346.3931884765625
4351,660.6061401367188,781.3284301757812,647.9747314453125,1099.512451171875,872.8584594726562,1392.0194091796875
4352,659.19677734375,747.5468139648438,690.7903442382812,1066.8101806640625,904.2504272460938,1383.0228271484375
4353,646.9960327148438,742.4336547851562,734.3087768554688,1042.1473388671875,932.0565185546875,1335.199951171875
4354,626.5283203125,742.24365234375,753.39697265625,1027.6141357421875,971.2744140625,1298.80712890625
4355,625.063232421875,776.3972778320312,739.7708129882812,1037.6630859375,965.7762451171875,1277.876708984375
4356,620.876220703125,768.6018676757812,716.8482055664062,1037.0408935546875,976.19970703125,1238.0018310546875
4357,610.6111450195312,789.3607177734375,683.4375,1049.5291748046875,953.6537475585938,1213.4957275390625
4358,607.9852294921875,804.2811279296875,636.388427734375,1053.538818359375,904.34326171875,1212.42236328125
4359,623.9637451171875,809.5512084960938,588.7471313476562,1053.583984375,835.418701171875,1227.9356689453125
4360,626.6151733398438,801.1375732421875,567.6688232421875,1061.5877685546875,791.2752685546875,1261.677978515625
4361,616.6668090820312,797.5369262695312,521.2000122070312,1061.8558349609375,743.3342895507812,1278.3614501953125
4362,624.0448608398438,787.9171142578125,496.3765869140625,1043.0665283203125,635.9928588867188,1275.8497314453125
4363,626.2891235351562,770.540283203125,501.808349609375,1042.83154296875,587.6221923828125,1315.187255859375
4364,619.3088989257812,757.0452880859375,490.5883483886719,1031.2313232421875,507.6471862792969,1315.2896728515625
4365,629.1876831054688,760.7691650390625,494.5012512207031,1064.530029296875,463.2935485839844,1352.206787109375
4366,634.9122924804688,766.825927734375,491.1100158691406,1079.65576171875,463.2559509277344,1343.338623046875
4367,648.9465942382812,777.6769409179688,497.959716796875,1110.44482421875,491.9971923828125,1344.537353515625
4368,642.5933837890625,796.4166870117188,497.4906005859375,1158.279052734375,543.8333129882812,1334.4752197265625
4369,607.2384033203125,834.5205688476562,469.3197326660156,1172.8350830078125,605.0645141601562,1310.677490234375
4370,634.93701171875,841.6527709960938,577.6506958007812,1132.6861572265625,796.2281494140625,1305.218505859375
4371,648.2459106445312,831.3556518554688,575.39990234375,1117.367431640625,824.8103637695312,1309.320556640625
4372,655.2800903320312,811.9656372070312,553.4470825195312,1090.7645263671875,825.1223754882812,1302.8775634765625
4373,684.5794677734375,783.8984985351562,660.4904174804688,1091.689453125,888.7774658203125,1366.1387939453125
4374,680.2413940429688,767.1480102539062,719.963623046875,1079.3577880859375,955.8790893554688,1373.3192138671875
4375,685.7947998046875,744.0051879882812,750.5736694335938,1044.255859375,960.3565673828125,1346.2618408203125
4376,664.3243408203125,743.681640625,781.3370361328125,1031.7344970703125,996.123779296875,1306.599609375
4377,650.2326049804688,779.53515625,775.35302734375,1028.7333984375,997.9932861328125,1276.906494140625
4378,650.80859375,769.2573852539062,759.4535522460938,1031.2640380859375,997.4219970703125,1243.414794921875
4379,641.0136108398438,790.8351440429688,717.24365234375,1042.3203125,985.2332763671875,1206.1422119140625
4380,634.41259765625,809.25,679.620361328125,1058.7734375,935.2651977539062,1212.2572021484375
4381,647.5576782226562,803.0377807617188,631.52978515625,1062.1480712890625,889.7764892578125,1224.16259765625
4382,656.7681884765625,810.7415771484375,594.913330078125,1070.2205810546875,833.5563354492188,1260.12451171875
4383,634.6279907226562,800.2337036132812,539.5010986328125,1051.682373046875,771.640869140625,1254.19384765625
4384,634.7646484375,786.5313720703125,530.593017578125,1043.8499755859375,674.16552734375,1263.3116455078125
4385,630.2973022460938,776.2036743164062,513.7467651367188,1040.891845703125,604.9785766601562,1309.19384765625
4386,634.2882080078125,754.7582397460938,520.2848510742188,1034.914794921875,527.5281372070312,1314.633544921875
4387,653.0699462890625,762.0139770507812,511.32696533203125,1060.6981201171875,475.0306091308594,1345.0184326171875
4388,650.5645141601562,771.0075073242188,506.3271789550781,1086.617431640625,461.1253967285156,1340.503173828125
4389,654.2625122070312,781.222412109375,509.3075866699219,1112.1019287109375,487.8101806640625,1341.3594970703125
4390,651.843994140625,800.767822265625,506.7815856933594,1170.924560546875,538.8399047851562,1325.3287353515625
4391,618.4735717773438,836.6343994140625,483.76519775390625,1176.53466796875,602.516845703125,1304.369384765625
4392,639.7587890625,846.7739868164062,526.4053955078125,1155.9368896484375,694.5407104492188,1324.4600830078125
4393,658.6505126953125,836.6248168945312,590.1253662109375,1123.638671875,845.0454711914062,1306.81689453125
4394,659.3483276367188,813.6117553710938,553.6105346679688,1089.003662109375,834.0340576171875,1296.7935791015625
4395,689.9745483398438,788.3549194335938,651.80712890625,1100.325927734375,884.2498168945312,1374.071044921875
4396,692.33935546875,765.1543579101562,712.3163452148438,1082.1190185546875,933.9320068359375,1392.7735595703125
4397,684.84765625,743.215087890625,746.2650146484375,1044.54931640625,957.6168823242188,1346.59716796875
4398,666.9373779296875,741.7029418945312,773.3629760742188,1030.2266845703125,990.791748046875,1308.2816162109375
4399,648.507080078125,774.470947265625,772.6610107421875,1031.8648681640625,996.71435546875,1286.3697509765625
4400,642.7058715820312,762.0533447265625,753.3989868164062,1036.47998046875,991.3614501953125,1251.2003173828125
4401,635.8660888671875,791.1264038085938,717.7350463867188,1044.0780029296875,974.80029296875,1212.908935546875
4402,630.5443725585938,803.1113891601562,676.8583984375,1056.126708984375,930.2764892578125,1220.7137451171875
4403,628.5592041015625,814.9273681640625,612.1336669921875,1048.3880615234375,874.45849609375,1208.162841796875
4404,647.9755249023438,805.0167846679688,602.6107788085938,1064.597900390625,835.435546875,1257.2069091796875
4405,628.1341552734375,798.99853515625,544.3412475585938,1070.032470703125,786.240966796875,1284.4307861328125
4406,619.4924926757812,775.3361206054688,541.763671875,1054.71435546875,679.3829956054688,1292.1116943359375
4407,619.8305053710938,770.1123046875,519.9926147460938,1047.65771484375,620.8203735351562,1319.8232421875
4408,619.6697998046875,754.4652709960938,509.5236511230469,1039.8304443359375,539.7318115234375,1329.5284423828125
4409,633.4055786132812,755.2218017578125,508.8684997558594,1064.870849609375,477.7134094238281,1359.0692138671875
4410,637.6281127929688,761.5433959960938,509.16461181640625,1086.1622314453125,467.9501037597656,1352.4627685546875
4411,651.927978515625,776.0762329101562,514.6668090820312,1114.3204345703125,485.5966491699219,1355.97509765625
4412,662.9200439453125,795.5352172851562,519.4146118164062,1164.4044189453125,521.66064453125,1355.9031982421875
4413,617.3040161132812,817.83056640625,484.8549499511719,1178.7186279296875,578.3607177734375,1306.388427734375
4414,625.5094604492188,839.4673461914062,523.5106811523438,1170.376220703125,678.4622192382812,1330.6759033203125
4415,654.972900390625,828.709716796875,610.8788452148438,1116.3294677734375,854.4815063476562,1284.5731201171875
4416,636.6744384765625,825.8775024414062,577.9967651367188,1103.27197265625,843.1240234375,1298.768798828125
4417,668.3826293945312,792.1353149414062,618.781494140625,1090.929443359375,860.3040161132812,1318.4171142578125
4418,693.0636596679688,765.4901733398438,704.8702392578125,1093.2515869140625,940.1634521484375,1397.0126953125
4419,683.7218627929688,745.397216796875,740.041259765625,1057.45849609375,980.93212890625,1363.975830078125
4420,675.8809814453125,739.4480590820312,776.6334228515625,1032.4703369140625,999.758056640625,1313.2362060546875
4421,653.49951171875,753.42333984375,792.5960693359375,1028.6661376953125,1027.3848876953125,1281.2933349609375
4422,642.7100830078125,764.9482421875,758.909423828125,1027.3641357421875,1008.749267578125,1244.5096435546875
4423,637.5919189453125,785.9784545898438,721.72265625,1041.865966796875,991.7880249023438,1215.9285888671875
4424,626.9501953125,801.1005249023438,677.2589111328125,1052.790771484375,943.8510131835938,1212.474365234375
4425,637.3785400390625,807.4122314453125,628.1480712890625,1046.363037109375,893.8580932617188,1210.78271484375
4426,645.39794921875,806.7788696289062,585.11572265625,1088.9881591796875,817.9542846679688,1287.427734375
4427,632.5629272460938,795.6004638671875,543.286865234375,1057.2037353515625,794.6378173828125,1263.791748046875
4428,637.1226806640625,783.47265625,522.4234008789062,1027.7537841796875,681.4405517578125,1242.6983642578125
4429,624.6839599609375,772.2197265625,512.0209350585938,1036.8314208984375,627.6150512695312,1301.68603515625
4430,618.6348266601562,766.3873901367188,494.9510192871094,1030.5665283203125,540.0562744140625,1305.8642578125
4431,625.9658203125,760.8353881835938,491.0845642089844,1062.2008056640625,474.2431640625,1345.5391845703125
4432,636.8334350585938,754.0704956054688,482.54168701171875,1094.029296875,427.84405517578125,1340.360595703125
4433,642.3289184570312,778.833251953125,489.9405212402344,1111.5164794921875,472.09130859375,1338.2098388671875
4434,638.3798217773438,800.2465209960938,492.32293701171875,1168.7193603515625,515.774658203125,1322.1639404296875
4435,613.9276123046875,835.9816284179688,489.81353759765625,1182.72998046875,590.38427734375,1325.0908203125
4436,609.0807495117188,840.3671875,511.4891357421875,1150.986328125,682.1417846679688,1308.17138671875
4437,631.058349609375,841.1297607421875,574.3248901367188,1126.7669677734375,806.4122924804688,1293.086669921875
4438,634.9539184570312,810.0970458984375,551.6166381835938,1093.9586181640625,806.989013671875,1287.5634765625
4439,658.6851196289062,770.13232421875,597.2872314453125,1069.257568359375,838.7203369140625,1309.761474609375
4440,655.9564819335938,754.1950073242188,685.9832763671875,1069.322021484375,914.4767456054688,1360.49951171875
4441,644.2064208984375,744.4725952148438,727.3218383789062,1054.524658203125,948.296142578125,1338.803466796875
4442,624.2896728515625,738.9207153320312,740.2112426757812,1019.880615234375,951.186767578125,1290.6011962890625
4443,610.7868041992188,750.0692138671875,742.5926513671875,1014.3784790039062,967.2103271484375,1251.8389892578125
4444,610.986572265625,761.5173950195312,728.2030639648438,1018.4968872070312,977.6288452148438,1230.7662353515625
4445,598.072998046875,776.2559204101562,682.8817749023438,1028.373291015625,950.8279418945312,1187.2152099609375
4446,600.9715576171875,799.2532348632812,653.4680786132812,1052.5621337890625,907.2645263671875,1203.1748046875
4447,609.805419921875,805.1317749023438,605.4964599609375,1038.0677490234375,868.9736938476562,1198.6341552734375
4448,617.4358520507812,796.0507202148438,579.0214233398438,1049.911376953125,814.3814086914062,1225.653076171875
4449,613.7398071289062,798.5842895507812,542.8345947265625,1070.6265869140625,782.4351196289062,1277.1346435546875
4450,615.6328735351562,789.1635131835938,489.86895751953125,1039.7498779296875,665.2661743164062,1255.8271484375
4451,613.8009033203125,774.5934448242188,498.38153076171875,1038.245361328125,607.4254760742188,1302.558837890625
4452,603.6167602539062,756.9135131835938,482.2145690917969,1033.9544677734375,535.5184936523438,1310.103515625
4453,601.871826171875,758.704833984375,475.9339904785156,1056.3033447265625,464.5107421875,1352.223388671875
4454,602.5918579101562,767.2916870117188,469.7128601074219,1079.68212890625,434.04913330078125,1353.945556640625
4455,614.6529541015625,777.0148315429688,464.98992919921875,1116.1658935546875,445.707275390625,1346.17236328125
4456,619.8286743164062,801.123046875,458.975830078125,1168.63037109375,482.276123046875,1342.6224365234375
4457,601.7921142578125,824.6884155273438,456.20452880859375,1175.4923095703125,539.6986083984375,1328.4700927734375
4458,573.5455322265625,838.1723022460938,464.4663391113281,1185.8404541015625,610.9907836914062,1342.433837890625
4459,600.8530883789062,836.3131713867188,536.0701904296875,1138.8145751953125,753.4524536132812,1307.7593994140625
4460,606.0900268554688,819.1588134765625,519.768310546875,1102.322021484375,775.7323608398438,1298.39453125
4461,637.1056518554688,789.0287475585938,561.3224487304688,1094.405029296875,778.9728393554688,1334.1148681640625
4462,641.76123046875,766.16455078125,647.5682373046875,1094.3309326171875,872.4051513671875,1389.0303955078125
4463,633.8067626953125,736.308349609375,681.6140747070312,1054.032470703125,887.77734375,1365.5391845703125
4464,616.4651489257812,731.7308959960938,712.1091918945312,1027.617919921875,925.8704223632812,1310.9150390625
4465,601.7974853515625,742.5165405273438,736.105224609375,1018.2240600585938,960.6780395507812,1281.4405517578125
4466,597.365478515625,753.6188354492188,727.4172973632812,1024.49462890625,961.4234619140625,1246.8360595703125
4467,586.2591552734375,774.2999877929688,700.2210083007812,1036.8280029296875,968.4041748046875,1225.6644287109375
4468,588.9210205078125,795.92724609375,663.2724609375,1054.4786376953125,926.683837890625,1210.612548828125
4469,591.4619750976562,808.862548828125,621.6951293945312,1055.4716796875,885.550048828125,1205.4583740234375
4470,596.0907592773438,799.5304565429688,588.8189086914062,1054.2557373046875,839.8836059570312,1220.2054443359375
4471,596.0093994140625,797.7722778320312,531.137451171875,1068.2601318359375,747.1166381835938,1269.8492431640625
4472,607.029296875,797.4796142578125,511.90130615234375,1061.64697265625,740.7745971679688,1278.8123779296875
4473,594.3803100585938,773.7314453125,489.0621032714844,1035.316162109375,620.2893676757812,1278.039306640625
4474,588.8333129882812,762.1257934570312,480.3716125488281,1039.5355224609375,557.7921752929688,1317.1790771484375
4475,588.9439086914062,758.7388305664062,468.4281921386719,1043.548828125,479.7367858886719,1329.7391357421875
4476,604.9492797851562,762.76708984375,471.4009094238281,1075.1802978515625,428.3130798339844,1357.93310546875
4477,611.1864013671875,771.8963012695312,462.5402526855469,1101.6412353515625,439.513916015625,1353.13134765625
4478,612.7764892578125,787.1753540039062,457.3039855957031,1148.137939453125,461.79217529296875,1352.648681640625
4479,603.3485107421875,813.5198364257812,458.0469665527344,1173.2490234375,519.989501953125,1332.0726318359375
4480,578.6441040039062,836.3133544921875,459.5120849609375,1178.794921875,583.954833984375,1332.2376708984375
4481,592.4362182617188,837.175048828125,517.533935546875,1158.1409912109375,711.8305053710938,1327.4765625
4482,604.1964111328125,823.1940307617188,511.5675048828125,1109.649658203125,741.108642578125,1317.67236328125
4483,628.6919555664062,797.9682006835938,540.9547119140625,1102.1727294921875,763.3799438476562,1349.27392578125
4484,640.564453125,763.844482421875,624.4911499023438,1088.6588134765625,838.8872680664062,1375.9853515625
4485,640.8755493164062,741.7349853515625,674.2699584960938,1066.1441650390625,862.6142578125,1383.0439453125
4486,618.9158935546875,753.095703125,700.4951782226562,1025.7633056640625,900.3275756835938,1313.429443359375
4487,601.9906005859375,741.48876953125,730.4537353515625,1022.3450317382812,936.6209716796875,1288.3297119140625
4488,600.6798095703125,752.233154296875,727.0233764648438,1022.4662475585938,946.6052856445312,1256.3753662109375
4489,601.7489013671875,763.007080078125,708.2203369140625,1035.795166015625,954.9716186523438,1235.123046875
4490,589.2227783203125,786.0438232421875,666.3924560546875,1047.45556640625,929.2213134765625,1201.587646484375
4491,583.8818969726562,803.2800903320312,624.2783203125,1057.1053466796875,883.056884765625,1210.1796875
4492,594.8453979492188,811.0499267578125,585.9981079101562,1054.1966552734375,841.6840209960938,1215.99462890625
4493,601.0631103515625,802.3865356445312,536.936279296875,1073.878662109375,743.640625,1267.1881103515625
4494,606.2599487304688,797.830810546875,514.8104858398438,1068.9200439453125,735.26953125,1285.845458984375
4495,613.5010986328125,788.49853515625,487.8539733886719,1036.324951171875,625.1821899414062,1252.7471923828125
4496,610.5450439453125,767.2918701171875,495.3988342285156,1037.296142578125,576.8595581054688,1305.783447265625
4497,608.6268310546875,743.6439208984375,480.8969421386719,1043.93115234375,492.34954833984375,1328.3975830078125
4498,609.6792602539062,756.4888916015625,485.5015869140625,1068.9708251953125,452.5996398925781,1355.7513427734375
4499,624.2482299804688,761.07568359375,486.3089294433594,1084.2685546875,448.9087829589844,1354.3258056640625
4500,624.317626953125,775.19384765625,478.83544921875,1115.3154296875,475.40570068359375,1346.015625
4501,622.390869140625,797.5816040039062,474.4382629394531,1162.329345703125,531.97119140625,1334.9857177734375
4502,593.21630859375,829.5949096679688,475.293212890625,1166.2532958984375,596.631591796875,1327.2264404296875
4503,605.1754150390625,844.2807006835938,500.987548828125,1158.3065185546875,680.4620971679688,1322.0064697265625
4504,625.5065307617188,833.0784301757812,544.4278564453125,1122.0535888671875,777.0450439453125,1301.6114501953125
4505,642.4039916992188,811.7734375,542.1633911132812,1105.8443603515625,803.678466796875,1331.2672119140625
4506,653.73974609375,783.2011108398438,634.1105346679688,1099.442138671875,870.0377807617188,1380.275634765625
4507,658.2660522460938,764.5069580078125,680.9247436523438,1079.180908203125,905.6138305664062,1397.267333984375
4508,651.2686767578125,751.6435546875,728.3994140625,1050.574951171875,933.2139282226562,1351.548583984375
4509,627.1988525390625,752.7286376953125,756.046875,1034.56982421875,962.2251586914062,1309.8314208984375
4510,622.5370483398438,758.392822265625,762.7421264648438,1032.7989501953125,983.6817626953125,1285.055419921875
4511,622.7409057617188,764.922607421875,730.619873046875,1036.3585205078125,975.1190795898438,1246.0958251953125
4512,605.711669921875,785.9110107421875,691.73095703125,1042.5989990234375,958.3505859375,1214.468505859375
4513,606.273193359375,806.65234375,654.3530883789062,1062.726318359375,911.1744384765625,1227.4783935546875
4514,605.6896362304688,814.4751586914062,598.8538208007812,1049.6358642578125,866.813232421875,1213.0367431640625
4515,623.3911743164062,793.8582153320312,579.3075561523438,1053.48046875,814.4774780273438,1247.040771484375
4516,620.7020263671875,792.1815185546875,546.8018188476562,1071.7083740234375,787.529296875,1285.8966064453125
4517,608.4848022460938,789.3103637695312,490.1602783203125,1047.59814453125,650.85498046875,1268.2047119140625
4518,605.2201538085938,766.98779296875,501.47216796875,1048.4351806640625,612.5944213867188,1319.87890625
4519,602.2831420898438,751.4564208984375,489.8467712402344,1039.0654296875,539.7662963867188,1328.337890625
4520,604.3553466796875,754.8360595703125,491.2205505371094,1058.4962158203125,477.68023681640625,1343.5859375
4521,616.5664672851562,768.6160278320312,486.6199035644531,1089.4537353515625,448.8403015136719,1364.294189453125
4522,628.2141723632812,779.4743041992188,484.0511169433594,1127.2586669921875,463.1351623535156,1363.377685546875
4523,622.8709716796875,803.9306030273438,476.7466735839844,1176.836181640625,516.385498046875,1348.22998046875
4524,593.5986938476562,832.5223999023438,477.8935546875,1190.995361328125,589.3569946289062,1351.73974609375
4525,603.5042724609375,836.111083984375,488.7386474609375,1168.8388671875,652.31396484375,1342.684326171875
4526,620.9143676757812,828.7830200195312,543.3270874023438,1135.7972412109375,764.9575805664062,1330.6805419921875
4527,629.2484741210938,810.3593139648438,546.5118408203125,1106.556640625,793.6300048828125,1327.4130859375
4528,651.513671875,774.3519287109375,613.8312377929688,1088.8323974609375,855.163330078125,1357.4227294921875
4529,648.07470703125,752.0553588867188,686.351806640625,1093.2022705078125,924.4158935546875,1399.743896484375
4530,628.2409057617188,720.4920654296875,735.68115234375,1044.477294921875,930.844482421875,1352.5184326171875
4531,612.9127807617188,739.1600341796875,746.6246337890625,1027.8167724609375,967.51708984375,1306.9083251953125
4532,609.5933227539062,750.1343994140625,755.7647094726562,1026.044677734375,982.1723022460938,1279.8297119140625
4533,608.267578125,757.202880859375,726.9782104492188,1032.76220703125,978.2034301757812,1240.064697265625
4534,597.5613403320312,789.9935913085938,693.8412475585938,1048.3878173828125,972.4362182617188,1202.72216796875
4535,592.4190063476562,796.5880737304688,647.6030883789062,1057.6065673828125,906.9797973632812,1222.515869140625
4536,599.1674194335938,806.173828125,603.717529296875,1048.6004638671875,869.1685791015625,1210.43701171875
4537,610.8984375,783.7219848632812,577.777587890625,1058.72119140625,806.4688110351562,1254.8192138671875
4538,612.1680908203125,793.6616821289062,540.379150390625,1086.4239501953125,781.2257080078125,1318.8380126953125
4539,602.5550537109375,793.6139526367188,489.5964050292969,1045.4998779296875,647.3827514648438,1258.83447265625
4540,596.8084716796875,772.8990478515625,496.63909912109375,1046.317138671875,608.4844360351562,1306.8204345703125
4541,595.9094848632812,760.8795776367188,480.9448547363281,1041.13330078125,534.2222900390625,1318.5369873046875
4542,600.3567504882812,760.3837890625,480.462890625,1058.900634765625,464.3266296386719,1344.1773681640625
4543,611.984619140625,773.17919921875,478.4501953125,1087.6444091796875,437.2786560058594,1359.4322509765625
4544,618.3687133789062,783.186767578125,475.1905517578125,1122.303955078125,450.6390380859375,1352.0816650390625
4545,621.1907958984375,801.8102416992188,466.72210693359375,1166.440185546875,495.5420227050781,1351.46728515625
4546,595.2864990234375,833.8050537109375,467.4954528808594,1190.076171875,569.3734130859375,1347.712646484375
4547,589.4385986328125,846.0536499023438,477.4344482421875,1177.4736328125,635.1751708984375,1340.9693603515625
4548,612.7421875,839.0689086914062,539.3216552734375,1133.12109375,765.315185546875,1314.1585693359375
4549,619.10400390625,817.0789184570312,534.9161376953125,1100.889404296875,788.4268798828125,1297.7093505859375
4550,658.803466796875,789.2125854492188,597.6702270507812,1094.3892822265625,817.43359375,1356.4639892578125
4551,651.5741577148438,759.0877075195312,668.6181030273438,1089.9437255859375,873.241943359375,1403.287841796875
4552,639.4425659179688,744.4238891601562,719.2586669921875,1062.2291259765625,937.89990234375,1349.4576416015625
4553,616.6016235351562,743.8064575195312,735.1036376953125,1031.810302734375,937.0501098632812,1307.609619140625
4554,609.3975219726562,752.0501098632812,749.6461181640625,1026.24072265625,974.7321166992188,1278.34814453125
4555,609.5152587890625,765.7056274414062,730.0061645507812,1038.1348876953125,967.5774536132812,1251.8878173828125
4556,596.4967041015625,786.1963500976562,689.2539672851562,1046.7373046875,952.4641723632812,1215.828369140625
4557,590.0588989257812,807.7869873046875,651.3539428710938,1062.817138671875,911.326904296875,1215.669921875
4558,599.8973388671875,815.7111206054688,603.4814453125,1051.0748291015625,870.2177734375,1212.4833984375
4559,617.8975219726562,794.5936889648438,578.466064453125,1043.894287109375,811.7715454101562,1227.099853515625
4560,613.7864990234375,799.0966796875,540.5799560546875,1085.8023681640625,773.04638671875,1311.52294921875
4561,618.6220703125,786.226318359375,495.4312438964844,1042.837646484375,651.7736206054688,1261.5718994140625
4562,610.1376953125,771.6251220703125,489.3583679199219,1042.939697265625,589.7200927734375,1303.8709716796875
4563,613.1207275390625,755.3343505859375,484.5270080566406,1030.5784912109375,524.565185546875,1308.0511474609375
4564,614.2296752929688,755.9655151367188,478.9967956542969,1053.091064453125,460.1393127441406,1347.4705810546875
4565,622.707275390625,765.0427856445312,475.6180419921875,1076.18896484375,437.822509765625,1350.4002685546875
4566,633.6591796875,769.0457763671875,472.6837463378906,1107.540283203125,458.46954345703125,1346.0379638671875
4567,637.655517578125,791.69384765625,473.8728332519531,1156.2305908203125,498.7343444824219,1343.8699951171875
4568,614.7432861328125,818.0960083007812,474.107666015625,1182.560546875,567.2554321289062,1342.294677734375
4569,603.4779052734375,846.6409301757812,487.0160827636719,1180.7825927734375,638.764892578125,1345.7032470703125
4570,628.5608520507812,841.1114501953125,553.2451171875,1115.0198974609375,787.8162231445312,1290.9959716796875
4571,629.1476440429688,822.547119140625,524.9644775390625,1098.038818359375,790.1441040039062,1301.7694091796875
4572,654.0150146484375,796.4877319335938,580.0715942382812,1093.3109130859375,828.2268676757812,1338.7430419921875
4573,671.5435791015625,780.5098266601562,672.2630615234375,1094.3580322265625,915.6046752929688,1388.6259765625
4574,669.043212890625,755.9237060546875,720.0291748046875,1062.327392578125,930.5770263671875,1375.621337890625
4575,643.8644409179688,750.5828857421875,752.8218994140625,1039.7447509765625,960.2684936523438,1329.78955078125
4576,626.0516967773438,756.5657958984375,762.9408569335938,1031.131103515625,989.3545532226562,1295.101318359375
4577,627.86279296875,765.8390502929688,743.250732421875,1035.762451171875,983.09716796875,1264.2283935546875
4578,615.2310791015625,782.9328002929688,706.6038818359375,1041.284423828125,989.3922729492188,1219.6883544921875
4579,606.6194458007812,796.2337646484375,669.0631713867188,1054.982666015625,936.2880249023438,1221.9832763671875
4580,621.0819091796875,807.6926879882812,622.4409790039062,1044.990234375,884.2738647460938,1204.541748046875
4581,636.8378295898438,795.6548461914062,586.7310791015625,1040.841796875,828.2926025390625,1226.8302001953125
4582,621.7633056640625,802.3350830078125,551.1340942382812,1061.1683349609375,794.007080078125,1264.1878662109375
4583,615.208740234375,788.77099609375,497.4854736328125,1041.8145751953125,663.090576171875,1264.951171875
4584,629.9995727539062,773.5155029296875,503.2801208496094,1037.7681884765625,601.35107421875,1305.1849365234375
4585,616.2438354492188,762.0355834960938,486.72381591796875,1026.431884765625,523.2206420898438,1304.797119140625
4586,626.66015625,758.994384765625,492.8594970703125,1055.7744140625,459.7987060546875,1346.15234375
4587,636.9933471679688,764.879150390625,489.6026306152344,1071.71484375,447.462158203125,1346.029541015625
4588,650.3098754882812,769.8182983398438,491.51361083984375,1092.3255615234375,466.7318420410156,1332.4716796875
4589,650.7984008789062,791.4999389648438,492.4187927246094,1153.43115234375,503.67279052734375,1352.9227294921875
4590,638.6072998046875,817.8922729492188,492.0457763671875,1184.5609130859375,567.2451782226562,1335.930908203125
4591,605.3025512695312,836.8368530273438,502.6424560546875,1157.6767578125,653.0987548828125,1311.813720703125
4592,645.7904663085938,843.4636840820312,577.3828735351562,1133.923828125,803.9679565429688,1309.2198486328125
4593,643.2689819335938,824.4913940429688,548.634521484375,1098.94091796875,810.2202758789062,1293.3482666015625
4594,678.9990234375,797.5463256835938,580.6381225585938,1093.6871337890625,824.7188110351562,1336.927734375
4595,686.9547119140625,779.651611328125,678.88720703125,1094.5843505859375,905.6656494140625,1386.845947265625
4596,682.0364379882812,755.4627075195312,721.150634765625,1069.8482666015625,934.3341674804688,1379.1236572265625
4597,670.380615234375,745.534423828125,758.494873046875,1043.5008544921875,964.0285034179688,1333.49609375
4598,657.4176635742188,776.16162109375,772.8872680664062,1034.6612548828125,978.343505859375,1303.5294189453125
4599,643.6744995117188,758.886962890625,759.628662109375,1037.4005126953125,988.169921875,1276.92919921875
4600,639.6785278320312,777.9344482421875,725.3692626953125,1041.822265625,981.3462524414062,1237.182861328125
4601,634.2465209960938,794.0381469726562,691.6906127929688,1054.0045166015625,952.56005859375,1227.2330322265625
4602,619.935791015625,814.718505859375,633.45751953125,1051.6168212890625,904.6525268554688,1202.0760498046875
4603,645.1756591796875,785.1588134765625,611.5783081054688,1056.03857421875,844.7186889648438,1241.707275390625
4604,626.0908813476562,784.2017211914062,583.1182250976562,1067.4188232421875,818.50048828125,1267.5875244140625
4605,625.5472412109375,789.4464111328125,524.0382080078125,1040.85791015625,696.6730346679688,1249.67431640625
4606,633.65380859375,778.1017456054688,520.5936279296875,1039.6300048828125,633.68701171875,1293.0216064453125
4607,616.0506591796875,769.560302734375,496.24493408203125,1036.0028076171875,550.646484375,1322.2100830078125
4608,627.2747802734375,759.2415161132812,494.7449645996094,1049.6109619140625,478.2632751464844,1340.321044921875
4609,644.729736328125,767.2459716796875,500.41619873046875,1075.244384765625,457.7260437011719,1345.942138671875
4610,645.2943725585938,775.06884765625,493.9373779296875,1101.7425537109375,473.94744873046875,1334.989013671875
4611,651.4830322265625,796.4741821289062,495.7059020996094,1147.2056884765625,501.8687438964844,1348.4940185546875
4612,625.4730834960938,821.7511596679688,464.61328125,1171.2001953125,552.6502075195312,1306.9930419921875
4613,610.4492797851562,844.6060180664062,484.1800231933594,1161.3087158203125,649.7760620117188,1296.605712890625
4614,657.2880859375,848.7079467773438,582.991943359375,1135.74560546875,814.6915283203125,1309.59716796875
4615,649.6912841796875,818.5632934570312,559.0965576171875,1097.966552734375,815.8331909179688,1293.5234375
4616,679.9387817382812,802.3829956054688,589.7904663085938,1102.0130615234375,824.3746948242188,1347.38671875
4617,689.3944091796875,790.125,679.4652099609375,1092.8299560546875,909.8903198242188,1380.798095703125
4618,691.0354614257812,755.6954956054688,730.1481323242188,1063.116455078125,931.5169067382812,1371.3592529296875
4619,684.626953125,742.8176879882812,770.3617553710938,1036.32666015625,965.0540771484375,1332.298583984375
4620,656.2079467773438,748.0899658203125,782.140380859375,1030.0462646484375,995.9716186523438,1294.75244140625
4621,650.6493530273438,778.6422729492188,761.8927612304688,1034.3592529296875,988.68896484375,1274.0010986328125
4622,646.6597290039062,772.6957397460938,737.3588256835938,1035.4595947265625,981.7423095703125,1230.0626220703125
4623,636.5073852539062,790.914794921875,700.4981079101562,1049.7060546875,960.413818359375,1221.3333740234375
4624,629.8419799804688,818.2955932617188,650.4603881835938,1055.5838623046875,908.4129638671875,1216.2279052734375
4625,646.9401245117188,794.9419555664062,613.5751953125,1057.29931640625,848.8663940429688,1230.48193359375
4626,643.23046875,809.734130859375,578.3677978515625,1055.9466552734375,813.5570068359375,1244.0419921875
4627,631.93408203125,798.2697143554688,535.6141967773438,1052.2781982421875,739.10546875,1257.29296875
4628,639.9532470703125,781.1568603515625,529.636962890625,1041.302734375,648.3215942382812,1282.46240234375
4629,643.6842041015625,758.240966796875,525.5571899414062,1034.6690673828125,569.1513671875,1321.6893310546875
4630,642.72021484375,762.9299926757812,509.230224609375,1039.1961669921875,488.76739501953125,1322.8546142578125
4631,657.780029296875,761.6904296875,513.5159912109375,1067.93408203125,465.3873596191406,1346.1192626953125
4632,657.453857421875,774.6110229492188,504.62493896484375,1094.83935546875,479.7859802246094,1341.110595703125
4633,662.9601440429688,779.3248901367188,504.19403076171875,1132.9736328125,501.1651916503906,1339.325439453125
4634,642.0986938476562,804.1828002929688,485.9533996582031,1169.4173583984375,553.5498657226562,1318.454345703125
4635,623.725341796875,839.2098999023438,496.7176208496094,1177.2725830078125,645.5198974609375,1307.708740234375
4636,654.6002197265625,848.6688232421875,599.5770874023438,1129.5194091796875,831.720947265625,1292.64453125
4637,652.99072265625,837.7932739257812,566.5786743164062,1107.87451171875,825.1680908203125,1296.52490234375
4638,673.7861938476562,806.2705688476562,593.8024291992188,1114.796875,819.3687744140625,1358.6043701171875
4639,688.906982421875,781.4198608398438,679.8027954101562,1094.330078125,905.8489990234375,1380.5692138671875
4640,687.4537963867188,759.3571166992188,725.4993896484375,1066.3056640625,946.0636596679688,1372.2725830078125
4641,678.2371215820312,752.3232421875,765.2045288085938,1046.3409423828125,968.28173828125,1335.0985107421875
4642,664.8541259765625,780.2421264648438,776.4199829101562,1033.203369140625,980.341064453125,1300.418701171875
4643,643.2630615234375,782.1026000976562,758.5281982421875,1041.7381591796875,994.8898315429688,1279.925537109375
4644,635.5618896484375,784.4281005859375,732.003662109375,1045.205810546875,989.5360717773438,1242.3138427734375
4645,621.4835815429688,797.940673828125,692.422119140625,1054.6361083984375,960.6893920898438,1222.5391845703125
4646,625.5089721679688,813.97119140625,642.1232299804688,1053.2977294921875,909.9431762695312,1211.0604248046875
4647,640.3855590820312,808.058349609375,611.8441772460938,1053.95166015625,864.5061645507812,1227.70947265625
4648,631.3246459960938,807.1353149414062,582.8439331054688,1063.352783203125,820.7635498046875,1251.6805419921875
4649,617.1119384765625,801.6697998046875,522.4164428710938,1056.2061767578125,741.8903198242188,1262.0765380859375
4650,622.5822143554688,786.605224609375,513.0758056640625,1050.4888916015625,649.2702026367188,1292.657958984375
4651,612.059326171875,774.6005859375,496.7026062011719,1050.697265625,572.4754028320312,1328.7718505859375
4652,617.5226440429688,768.7784423828125,497.63818359375,1058.667236328125,491.5894775390625,1346.4595947265625
4653,639.6011352539062,768.3358154296875,488.955078125,1076.3331298828125,447.23309326171875,1350.4837646484375
4654,643.7422485351562,780.2495727539062,482.7527160644531,1100.7982177734375,445.7877502441406,1345.202392578125
4655,646.0167846679688,791.8369140625,482.4644470214844,1136.91943359375,487.68048095703125,1340.2781982421875
4656,622.3004760742188,824.47265625,480.8656311035156,1181.6632080078125,543.0764770507812,1337.5565185546875
4657,613.185791015625,846.3963012695312,493.1037902832031,1181.732177734375,618.8555297851562,1349.0723876953125
4658,632.1270141601562,854.6424560546875,535.9951171875,1168.884033203125,723.6163330078125,1341.8968505859375
4659,629.3773193359375,826.1233520507812,557.6405639648438,1108.6160888671875,802.9613037109375,1307.2498779296875
4660,667.5331420898438,793.0469970703125,579.9736938476562,1105.890380859375,803.4618530273438,1352.8756103515625
4661,661.0658569335938,771.992431640625,660.4307250976562,1095.5277099609375,888.0396118164062,1387.961669921875
4662,661.1864624023438,750.24853515625,707.1588134765625,1066.662353515625,920.3460083007812,1376.681884765625
4663,644.6105346679688,743.1103515625,742.1477661132812,1035.949951171875,942.9752197265625,1321.461669921875
4664,626.9103393554688,750.4359741210938,761.4867553710938,1031.03564453125,978.7192993164062,1299.4527587890625
4665,627.2037963867188,758.2468872070312,743.8991088867188,1031.93701171875,982.9171142578125,1269.3839111328125
4666,622.4027099609375,773.9022216796875,711.0825805664062,1035.6639404296875,973.3436279296875,1229.26318359375
4667,604.2352905273438,790.8422241210938,674.7056884765625,1048.651123046875,943.1217651367188,1214.271728515625
4668,613.54736328125,803.6694946289062,635.0451049804688,1046.283447265625,896.4490966796875,1204.27587890625
4669,626.4878540039062,802.4751586914062,592.8014526367188,1049.261474609375,836.21484375,1229.724853515625
4670,621.6134643554688,799.3884887695312,567.30126953125,1053.7950439453125,801.2906494140625,1239.2359619140625
4671,609.1441040039062,793.7548828125,512.2517700195312,1051.8134765625,733.9227905273438,1267.4683837890625
4672,615.4682006835938,778.9011840820312,509.06854248046875,1037.8221435546875,632.9586181640625,1283.9063720703125
4673,611.7529907226562,766.2896118164062,495.3010559082031,1041.1629638671875,563.6574096679688,1321.3055419921875
4674,613.9979858398438,754.5855102539062,491.6654052734375,1050.794921875,484.3081359863281,1349.608154296875
4675,630.8043212890625,758.052978515625,489.173583984375,1070.7464599609375,450.64208984375,1354.8631591796875
4676,635.5475463867188,773.6801147460938,487.3504333496094,1096.9952392578125,461.99725341796875,1340.0592041015625
4677,643.94873046875,789.651123046875,489.2381286621094,1136.82470703125,497.37799072265625,1349.6368408203125
4678,624.0125732421875,819.7073974609375,481.24578857421875,1180.677978515625,558.2590942382812,1342.8948974609375
4679,608.7598266601562,846.06689453125,494.9830017089844,1178.0843505859375,642.5400390625,1347.037109375
4680,631.2791137695312,845.2723388671875,568.1505737304688,1131.5380859375,796.9378051757812,1297.4722900390625
4681,632.3763427734375,821.5947875976562,550.6278076171875,1114.8883056640625,796.6328125,1314.9901123046875
4682,659.3590087890625,802.4798583984375,577.4180297851562,1103.5828857421875,828.7218017578125,1355.9122314453125
4683,668.1123657226562,786.703125,668.7921752929688,1093.0413818359375,912.7789916992188,1379.813720703125
4684,666.4103393554688,751.2760009765625,719.0889282226562,1063.8013916015625,925.9136352539062,1374.4595947265625
4685,639.3680419921875,749.0143432617188,754.4227294921875,1042.770263671875,951.1748657226562,1327.279541015625
4686,628.8580322265625,753.2188110351562,764.6814575195312,1032.7576904296875,983.23095703125,1304.019775390625
4687,616.6287231445312,765.9005126953125,735.0789794921875,1030.8106689453125,979.4705200195312,1259.6251220703125
4688,614.0443115234375,779.3439331054688,702.4738159179688,1041.9388427734375,984.0414428710938,1231.666015625
4689,601.3324584960938,796.2174682617188,663.6976318359375,1056.2191162109375,925.5751342773438,1220.62109375
4690,611.203369140625,811.4349975585938,617.750244140625,1046.3909912109375,881.7830200195312,1203.524169921875
4691,627.6106567382812,798.8544311523438,583.98193359375,1041.611328125,823.515380859375,1224.5311279296875
4692,617.9515991210938,801.6980590820312,548.5029907226562,1061.2313232421875,790.5849609375,1269.99755859375
4693,604.3092651367188,784.1163940429688,490.05670166015625,1040.872314453125,664.9430541992188,1263.774169921875
4694,605.8362426757812,774.4304809570312,500.1361083984375,1038.0977783203125,609.3590698242188,1301.2200927734375
4695,607.3775634765625,760.7360229492188,485.48199462890625,1037.694580078125,536.7684326171875,1313.3477783203125
4696,611.7725219726562,755.3201293945312,483.19000244140625,1056.8367919921875,465.15582275390625,1354.000732421875
4697,621.4564819335938,763.482421875,480.5497131347656,1079.634765625,442.8950500488281,1355.6905517578125
4698,628.4586181640625,768.058837890625,479.9579162597656,1098.8668212890625,467.10736083984375,1340.8870849609375
4699,634.0604858398438,790.6190795898438,479.77679443359375,1148.2811279296875,507.0091857910156,1342.029541015625
4700,610.3546752929688,826.0247192382812,476.5494689941406,1180.5914306640625,565.4486694335938,1337.921630859375
4701,603.7384643554688,851.0468139648438,491.7804870605469,1166.169921875,656.4452514648438,1326.61962890625
4702,629.7852172851562,842.2568359375,564.3631591796875,1119.614501953125,809.0400390625,1290.8048095703125
4703,626.03125,822.3960571289062,539.7672729492188,1107.5391845703125,793.9354248046875,1306.4163818359375
4704,657.9776000976562,799.8775634765625,582.64697265625,1100.3543701171875,832.775390625,1352.9144287109375
4705,671.2439575195312,783.6619262695312,672.4024658203125,1091.3345947265625,916.3148803710938,1378.204833984375
4706,661.9844970703125,753.8668823242188,717.6805419921875,1059.8375244140625,930.3231811523438,1365.9093017578125
4707,638.499267578125,747.7457885742188,749.2355346679688,1038.2984619140625,955.0960693359375,1324.552490234375
4708,628.3043823242188,756.0867919921875,761.3654174804688,1032.30224609375,986.1251220703125,1296.7445068359375
4709,621.6417846679688,766.6576538085938,739.968017578125,1036.7000732421875,979.177978515625,1264.0208740234375
4710,615.6724853515625,780.7603149414062,702.138427734375,1040.57275390625,980.4075317382812,1213.2877197265625
4711,608.2164916992188,800.4644775390625,660.42822265625,1062.03515625,926.8289794921875,1230.2542724609375
4712,611.8790283203125,812.9747314453125,613.3441162109375,1047.0157470703125,887.7528076171875,1202.7784423828125
4713,632.8397827148438,800.0835571289062,588.4607543945312,1048.3345947265625,816.8199462890625,1230.8726806640625
4714,617.2127075195312,803.5116577148438,552.9891967773438,1070.1767578125,796.9395141601562,1272.9949951171875
4715,611.7400512695312,792.3550415039062,497.6825866699219,1041.2535400390625,668.1016845703125,1258.932373046875
4716,615.7583618164062,768.60009765625,511.56060791015625,1036.640869140625,616.5908813476562,1301.635009765625
4717,611.7442016601562,756.1868896484375,491.5503234863281,1024.552490234375,537.6978149414062,1304.895263671875
4718,618.1236572265625,754.1552734375,490.9329528808594,1053.30419921875,471.2999572753906,1345.079833984375
4719,627.3955688476562,768.6167602539062,485.6268310546875,1084.28076171875,442.4446105957031,1351.22216796875
4720,637.796630859375,776.5045166015625,485.9369201660156,1111.8848876953125,461.0352478027344,1341.8902587890625
4721,631.6451416015625,798.46142578125,482.93804931640625,1158.48583984375,505.4568786621094,1345.3575439453125
4722,603.240966796875,828.4012451171875,481.08856201171875,1189.2567138671875,565.894775390625,1332.27099609375
4723,605.4814453125,843.2567138671875,490.1181640625,1171.75390625,640.2243041992188,1332.6075439453125
4724,630.0743408203125,839.774658203125,564.44677734375,1131.755859375,789.3600463867188,1299.8165283203125
4725,624.980224609375,816.2786865234375,541.5415649414062,1104.7718505859375,794.1207275390625,1303.0850830078125
4726,662.53515625,782.935791015625,593.7847290039062,1093.7589111328125,819.364990234375,1343.7908935546875
4727,658.0503540039062,764.6533813476562,663.6063842773438,1090.2069091796875,886.5787353515625,1386.8851318359375
4728,657.6517944335938,740.2610473632812,721.1961059570312,1064.4814453125,942.7395629882812,1361.7200927734375
4729,632.5508422851562,739.5204467773438,740.84326171875,1031.3470458984375,941.0711059570312,1317.15234375
4730,619.6175537109375,748.2376708984375,757.4690551757812,1025.340576171875,980.0711669921875,1290.8013916015625
4731,624.5265502929688,756.1010131835938,736.2366943359375,1027.755859375,970.96728515625,1255.9150390625
4732,624.3473510742188,772.7858276367188,704.306396484375,1027.1912841796875,963.9625854492188,1212.22900390625
4733,612.3804931640625,790.0579833984375,664.6334838867188,1051.1082763671875,926.6087036132812,1215.3349609375
4734,618.652587890625,800.7658081054688,619.8446655273438,1039.30224609375,887.0670776367188,1203.758056640625
4735,636.3340454101562,798.7813110351562,586.0717163085938,1041.4443359375,829.3939819335938,1224.375732421875
4736,614.7928466796875,811.87744140625,552.2433471679688,1062.5518798828125,799.847412109375,1249.559814453125
4737,610.4218139648438,798.2935180664062,508.4757385253906,1048.7174072265625,700.1769409179688,1259.5595703125
4738,626.2703247070312,777.904541015625,511.3149719238281,1041.6251220703125,631.6708374023438,1293.5760498046875
4739,617.34130859375,762.6033325195312,494.4671936035156,1036.8448486328125,560.552001953125,1323.9154052734375
4740,625.2903442382812,753.2420654296875,501.099365234375,1055.60986328125,485.92816162109375,1352.6402587890625
4741,629.29736328125,758.705810546875,497.3154602050781,1072.2239990234375,464.0002746582031,1347.7928466796875
4742,649.1266479492188,766.9224853515625,500.1397705078125,1097.8414306640625,466.1147766113281,1345.4583740234375
4743,655.6499633789062,788.6801147460938,495.538330078125,1145.0137939453125,499.6881408691406,1357.6600341796875
4744,630.5305786132812,815.0096435546875,488.65155029296875,1176.291748046875,558.3688354492188,1326.6595458984375
4745,591.1690673828125,836.0231323242188,482.17034912109375,1171.4195556640625,649.6538696289062,1300.3414306640625
4746,636.3973388671875,841.4156494140625,597.9140625,1125.4371337890625,835.3312377929688,1285.5552978515625
4747,635.157470703125,825.14208984375,570.4395141601562,1110.9998779296875,824.3060302734375,1304.889892578125
4748,646.4650268554688,802.462646484375,566.6025390625,1094.2615966796875,820.345703125,1329.0821533203125
4749,660.468994140625,769.5125122070312,675.8223266601562,1090.91455078125,910.9660034179688,1376.9796142578125
4750,664.3171997070312,746.5999755859375,712.5123291015625,1060.6619873046875,938.86181640625,1365.721923828125
4751,644.6372680664062,741.1111450195312,750.1583862304688,1036.4013671875,959.8598022460938,1324.0220947265625
4752,638.3467407226562,743.1011962890625,770.583251953125,1028.2471923828125,993.9473876953125,1298.729736328125
4753,631.6483764648438,756.5745849609375,753.16064453125,1032.864013671875,994.1511840820312,1267.821533203125
4754,619.159423828125,779.6943969726562,714.6204223632812,1038.6326904296875,977.67431640625,1226.0057373046875
4755,614.1472778320312,790.3890991210938,676.3775024414062,1051.95849609375,945.0325927734375,1227.1455078125
4756,615.4304809570312,804.2470703125,628.0435180664062,1045.807861328125,896.7756958007812,1207.3677978515625
4757,633.9539794921875,804.4531860351562,598.63134765625,1051.31005859375,829.6219482421875,1231.88671875
4758,617.159912109375,810.5614624023438,558.0117797851562,1073.56640625,803.9470825195312,1273.5120849609375
4759,613.5737915039062,794.4280395507812,502.92572021484375,1049.875244140625,672.744873046875,1267.5494384765625
4760,616.9281005859375,779.7733764648438,510.9624938964844,1046.5535888671875,627.2182006835938,1304.944091796875
4761,614.4083862304688,764.1597900390625,490.5439453125,1034.534423828125,543.4925537109375,1304.9344482421875
4762,616.9400024414062,760.5935668945312,490.5360107421875,1055.0203857421875,467.7340393066406,1348.51708984375
4763,625.6715698242188,773.3432006835938,483.72705078125,1087.259033203125,437.824951171875,1362.2926025390625
4764,629.8729248046875,783.211669921875,478.2951965332031,1117.557861328125,450.6303405761719,1356.5582275390625
4765,637.2133178710938,795.8984985351562,476.27264404296875,1158.2548828125,499.427490234375,1352.5032958984375
4766,617.786865234375,831.4896850585938,474.89996337890625,1188.0992431640625,560.816650390625,1343.935546875
4767,596.6396484375,849.8253173828125,485.9167785644531,1179.974609375,640.044677734375,1342.351318359375
4768,619.40283203125,844.6091918945312,558.5401611328125,1128.4697265625,799.9041748046875,1301.8397216796875
4769,615.1419067382812,826.80029296875,541.60498046875,1111.048828125,789.6383056640625,1306.0755615234375
4770,650.0377197265625,791.3811645507812,580.313232421875,1089.908447265625,821.2457885742188,1340.403076171875
4771,654.1127319335938,769.1502685546875,667.0779418945312,1090.5693359375,883.2343139648438,1401.474609375
4772,644.7554321289062,748.5431518554688,708.5452880859375,1059.3255615234375,919.5390625,1365.810791015625
4773,620.9544067382812,746.373291015625,736.7646484375,1035.216064453125,943.7109985351562,1306.6756591796875
4774,603.3092041015625,759.3726806640625,747.2314453125,1032.0869140625,981.1828002929688,1277.9241943359375
4775,606.1092529296875,763.223388671875,731.01904296875,1040.5245361328125,975.2603759765625,1249.6116943359375
4776,594.4220581054688,784.6885986328125,694.8974609375,1050.0428466796875,960.7967529296875,1215.2451171875
4777,583.8264770507812,802.3231201171875,643.2498779296875,1062.0509033203125,900.2670288085938,1208.2353515625
4778,587.4569091796875,810.7789306640625,598.8639526367188,1054.3663330078125,856.5518188476562,1203.9786376953125
4779,592.8516235351562,789.7284545898438,560.7664184570312,1038.171630859375,792.8771362304688,1209.19970703125
4780,592.07080078125,795.4625854492188,524.18603515625,1071.5726318359375,769.3050537109375,1286.8426513671875
4781,598.79345703125,793.2456665039062,472.5479736328125,1035.5789794921875,641.39208984375,1249.7452392578125
4782,591.3023071289062,765.6991577148438,476.15789794921875,1033.10888671875,580.6912841796875,1299.5689697265625
4783,575.9115600585938,761.3178100585938,461.8918762207031,1035.203125,515.4830322265625,1314.4500732421875
4784,578.7760620117188,762.7196655273438,460.7783203125,1058.3800048828125,442.9622497558594,1349.8670654296875
4785,595.7103271484375,765.2362670898438,453.322998046875,1083.3809814453125,416.1654968261719,1357.015869140625
4786,597.80126953125,771.8955688476562,446.347900390625,1118.242919921875,430.08233642578125,1355.60107421875
4787,603.6731567382812,795.3779296875,444.0608825683594,1161.37841796875,484.08721923828125,1344.2579345703125
4788,573.0201416015625,819.9749145507812,443.6296691894531,1182.6741943359375,528.5634765625,1330.222412109375
4789,551.991943359375,836.9801025390625,451.0234680175781,1178.26611328125,609.8316650390625,1322.148193359375
4790,589.7464599609375,845.2443237304688,516.4264526367188,1139.3778076171875,759.140625,1321.3699951171875
4791,592.209228515625,820.7900390625,507.1516418457031,1109.49365234375,768.4989624023438,1306.625732421875
4792,619.1596069335938,787.4608154296875,558.7766723632812,1094.995849609375,800.6980590820312,1346.8121337890625
4793,619.727294921875,769.6810913085938,640.736572265625,1097.176025390625,874.3693237304688,1401.296630859375
4794,599.8873901367188,740.8118286132812,677.38330078125,1049.7747802734375,880.4243774414062,1351.9993896484375
4795,584.4735717773438,766.97314453125,702.1849975585938,1030.42431640625,913.0623779296875,1305.07177734375
4796,571.3126831054688,771.5725708007812,703.2918090820312,1022.3150024414062,951.4993286132812,1266.5782470703125
4797,559.6589965820312,769.231201171875,697.546875,1040.8104248046875,940.9420776367188,1250.64501953125
4798,551.0452880859375,783.2039794921875,643.896240234375,1038.853271484375,919.8585815429688,1196.0877685546875
4799,541.8568725585938,801.48486328125,602.9310302734375,1063.5655517578125,875.5220947265625,1202.20458984375
4800,547.7413330078125,814.6382446289062,548.77294921875,1041.656494140625,816.3611450195312,1195.4393310546875
4801,558.8887939453125,803.8427734375,515.2952270507812,1064.576904296875,746.2430419921875,1253.5718994140625
4802,549.6029663085938,807.1809692382812,466.29412841796875,1087.1175537109375,704.276123046875,1311.2572021484375
4803,550.1680297851562,777.720703125,428.4727478027344,1040.6451416015625,584.158935546875,1272.6456298828125
4804,539.5549926757812,772.109130859375,418.7549133300781,1045.717041015625,514.9271240234375,1311.8968505859375
4805,527.6828002929688,756.5658569335938,401.1253967285156,1036.7130126953125,434.03558349609375,1322.97900390625
4806,529.4174194335938,758.849609375,395.2681579589844,1060.8360595703125,381.6273193359375,1346.8060302734375
4807,533.5491333007812,773.532958984375,387.86077880859375,1089.8807373046875,342.2433776855469,1353.9635009765625
4808,541.829833984375,770.990478515625,370.5162048339844,1126.2745361328125,352.24969482421875,1358.513671875
4809,542.0451049804688,792.9076538085938,383.34100341796875,1169.119873046875,412.2608642578125,1345.5513916015625
4810,512.1725463867188,830.7476806640625,375.4747009277344,1186.5916748046875,470.6120300292969,1343.3291015625
4811,506.1895751953125,839.4913330078125,386.0575866699219,1178.6650390625,535.9452514648438,1348.4866943359375
4812,507.5622253417969,842.6934814453125,434.3740539550781,1133.149658203125,652.0635375976562,1321.5120849609375
4813,519.9887084960938,823.2528076171875,446.35400390625,1117.5765380859375,683.3688354492188,1349.132568359375
4814,544.020263671875,792.4451293945312,522.0609130859375,1104.18505859375,756.4622192382812,1388.7052001953125
4815,554.4429931640625,766.3427124023438,586.625244140625,1106.6229248046875,815.9448852539062,1418.26953125
4816,537.916748046875,734.434814453125,610.6415405273438,1048.3558349609375,823.7874755859375,1351.8746337890625
4817,501.1648864746094,734.7389526367188,630.7391967773438,1025.457275390625,847.689697265625,1305.75732421875
4818,486.6345520019531,754.412841796875,634.3231811523438,1019.3567504882812,882.68408203125,1270.91650390625
4819,471.6119384765625,766.7718505859375,611.1493530273438,1033.259033203125,872.5153198242188,1242.7178955078125
4820,455.8433837890625,789.3236083984375,564.3461303710938,1047.665771484375,839.7510375976562,1210.6387939453125
4821,457.4937744140625,810.8844604492188,527.5607299804688,1049.2254638671875,800.3102416992188,1200.710205078125
4822,460.5816955566406,815.9972534179688,466.2115173339844,1047.856201171875,738.909912109375,1199.144775390625
4823,489.37921142578125,798.252685546875,446.7711181640625,1062.5281982421875,675.7970581054688,1256.166748046875
4824,471.0728759765625,801.2300415039062,398.5816955566406,1067.67333984375,640.2242431640625,1276.0821533203125
4825,459.721435546875,789.4228515625,355.93829345703125,1046.899658203125,520.9613647460938,1264.7747802734375
4826,457.8607177734375,775.5205078125,352.5187072753906,1048.56201171875,461.2312316894531,1294.6953125
4827,451.9742736816406,761.1762084960938,341.5059509277344,1055.7449951171875,375.7862548828125,1320.47314453125
4828,461.4583740234375,770.748046875,329.4066467285156,1059.427734375,317.13922119140625,1316.9293212890625
4829,467.56817626953125,776.8206176757812,327.2548522949219,1108.6842041015625,291.0967712402344,1354.1661376953125
4830,463.2265319824219,782.7394409179688,326.55084228515625,1139.68896484375,327.3685607910156,1362.961669921875
4831,442.7994079589844,807.1594848632812,322.5282287597656,1169.2955322265625,377.1462707519531,1338.6656494140625
4832,428.00262451171875,841.6629638671875,320.321533203125,1169.7664794921875,457.0565185546875,1316.5389404296875
4833,439.37322998046875,834.367919921875,354.83917236328125,1166.8480224609375,531.0841064453125,1329.2420654296875
4834,443.8116760253906,820.333251953125,399.4322509765625,1118.8974609375,627.5068359375,1327.5382080078125
4835,466.6723327636719,799.1396484375,428.0358581542969,1101.18359375,657.2817993164062,1354.6375732421875
4836,489.251953125,772.8422241210938,493.28973388671875,1094.845947265625,712.3193359375,1372.1473388671875
4837,485.28497314453125,752.06201171875,550.1270141601562,1067.5936279296875,759.1702880859375,1360.84716796875
4838,478.1331481933594,735.9690551757812,582.7124633789062,1040.40673828125,778.5401000976562,1323.602783203125
4839,456.2642517089844,753.057373046875,600.8175659179688,1029.487060546875,798.3069458007812,1291.959228515625
4840,457.0592041015625,761.8934936523438,597.9776611328125,1029.365234375,816.57666015625,1263.8409423828125
4841,465.07611083984375,765.3394775390625,577.6207275390625,1038.56591796875,806.2207641601562,1241.958251953125
4842,450.4430236816406,790.2374877929688,531.0816040039062,1048.4488525390625,793.990234375,1203.4384765625
4843,450.4150390625,802.4326171875,495.569091796875,1066.87353515625,744.24462890625,1221.3914794921875
4844,455.710693359375,821.6759643554688,453.43048095703125,1056.6728515625,696.8215942382812,1227.767333984375
4845,472.1245422363281,812.3298950195312,408.3677062988281,1074.67626953125,645.8313598632812,1281.000732421875
4846,459.33343505859375,806.2401123046875,375.5372314453125,1069.995849609375,609.33984375,1264.8382568359375
4847,462.2179870605469,796.2650756835938,344.2698059082031,1039.64453125,494.9684143066406,1250.1844482421875
4848,460.1910095214844,777.38525390625,349.6805419921875,1051.7978515625,429.1946716308594,1314.99755859375
4849,455.5968933105469,774.74853515625,339.0130615234375,1041.36669921875,360.3160400390625,1314.4200439453125
4850,464.6910095214844,771.319580078125,337.44403076171875,1078.8935546875,296.23980712890625,1348.1630859375
4851,475.760009765625,780.1893920898438,332.3565673828125,1105.2227783203125,294.4430847167969,1350.8585205078125
4852,466.51318359375,787.3627319335938,339.6764831542969,1145.6612548828125,348.21185302734375,1353.30859375
4853,457.836669921875,814.8206176757812,336.7962951660156,1166.176025390625,400.791259765625,1326.2799072265625
4854,451.5005798339844,843.7669067382812,359.2615661621094,1169.5283203125,482.95220947265625,1342.078125
4855,459.8040466308594,839.9723510742188,376.7552795410156,1167.9913330078125,560.4590454101562,1337.33056640625
4856,464.77935791015625,824.70703125,399.6099548339844,1114.0233154296875,646.4232177734375,1310.659423828125
4857,479.6855163574219,796.3817749023438,442.1012268066406,1108.8404541015625,666.5806274414062,1353.4542236328125
4858,493.3045349121094,776.73779296875,520.2131958007812,1093.811767578125,741.5924072265625,1389.5181884765625
4859,493.96063232421875,755.6177978515625,559.928466796875,1068.59765625,766.5023803710938,1368.6934814453125
4860,493.0983581542969,747.056640625,605.8159790039062,1037.30615234375,801.591796875,1327.28369140625
4861,485.6587829589844,755.7584838867188,632.880615234375,1031.4307861328125,836.5548706054688,1301.8135986328125
4862,482.7059326171875,766.4302978515625,633.22705078125,1035.8680419921875,866.9813232421875,1279.5948486328125
4863,468.4073181152344,773.6016235351562,604.201171875,1045.678466796875,861.9690551757812,1250.747802734375
4864,462.10089111328125,794.1110229492188,558.7097778320312,1058.17236328125,832.7259521484375,1220.7506103515625
4865,465.189697265625,821.868896484375,524.22607421875,1062.3988037109375,800.4100341796875,1219.1505126953125
4866,466.471923828125,810.0587768554688,480.34954833984375,1063.9324951171875,738.66064453125,1230.2821044921875
4867,481.8523864746094,801.2764892578125,438.6119384765625,1068.318359375,653.882080078125,1267.7674560546875
4868,479.4857482910156,794.857177734375,394.22845458984375,1058.7513427734375,608.4340209960938,1267.0594482421875
4869,479.07305908203125,787.0929565429688,375.9443664550781,1044.953369140625,514.513671875,1281.61572265625
4870,471.7394104003906,769.9341430664062,386.56329345703125,1046.046142578125,461.4407043457031,1322.51416015625
4871,472.2208557128906,763.5525512695312,377.8601989746094,1052.2203369140625,388.4636535644531,1331.28662109375
4872,489.1910095214844,761.6376953125,379.41754150390625,1083.5906982421875,338.8699951171875,1357.2891845703125
4873,500.983642578125,758.9213256835938,372.7525634765625,1109.3968505859375,347.58123779296875,1362.7596435546875
4874,511.5318908691406,778.0507202148438,367.25738525390625,1146.0675048828125,374.13720703125,1354.142333984375
4875,494.8020935058594,806.7021484375,362.003173828125,1174.482666015625,422.7243347167969,1334.9532470703125
4876,481.9031066894531,829.7733764648438,364.4835510253906,1176.5579833984375,476.3326110839844,1331.5328369140625
4877,505.2873229980469,842.4544067382812,397.1700439453125,1177.05078125,553.4761962890625,1350.6016845703125
4878,510.95928955078125,833.9344482421875,422.92724609375,1122.0340576171875,631.4085083007812,1323.80615234375
4879,554.0153198242188,799.1067504882812,454.41357421875,1098.8646240234375,671.8214721679688,1344.2625732421875
4880,563.5576171875,782.2091674804688,540.47705078125,1095.5218505859375,742.5831298828125,1387.0400390625
4881,565.8154907226562,745.376220703125,596.6369018554688,1079.59765625,780.5842895507812,1384.9739990234375
4882,559.0870971679688,725.9527587890625,635.9712524414062,1037.3873291015625,806.045654296875,1346.4656982421875
4883,539.3037719726562,733.9942016601562,659.259521484375,1028.5166015625,837.48779296875,1305.553955078125
4884,534.2492065429688,743.2214965820312,661.070068359375,1030.62353515625,871.2691650390625,1284.2724609375
4885,534.9412231445312,754.9722290039062,631.2429809570312,1027.601318359375,860.6614990234375,1245.779296875
4886,519.03076171875,778.5244140625,595.6780395507812,1040.2923583984375,850.0513916015625,1212.0587158203125
4887,522.363037109375,799.1775512695312,558.64892578125,1051.4736328125,813.8489379882812,1209.9031982421875
4888,526.145263671875,818.6070556640625,515.4912719726562,1048.6051025390625,793.0303344726562,1222.4979248046875
4889,550.3876342773438,804.6143798828125,498.6427917480469,1050.97119140625,722.3212890625,1232.6492919921875
4890,556.533203125,789.926025390625,468.2472839355469,1066.6834716796875,684.8785400390625,1287.912353515625
4891,542.02734375,772.4454345703125,446.7643737792969,1047.9136962890625,586.0436401367188,1272.4822998046875
4892,545.7683715820312,757.4357299804688,445.9373474121094,1040.7247314453125,531.7501831054688,1307.6099853515625
4893,537.6151123046875,758.351806640625,414.3952331542969,1035.8555908203125,466.12774658203125,1320.4671630859375
4894,543.891357421875,743.8729248046875,419.7455139160156,1045.5450439453125,401.7261657714844,1342.4169921875
4895,560.1964111328125,750.6992797851562,414.9419860839844,1068.0601806640625,374.1100158691406,1357.4986572265625
4896,562.7481689453125,760.7039794921875,408.667724609375,1097.1700439453125,388.39215087890625,1357.215576171875
4897,559.6156005859375,775.2720947265625,406.9730529785156,1134.43212890625,427.8570861816406,1348.9417724609375
4898,543.2420654296875,805.6260375976562,387.3351745605469,1165.5364990234375,465.43524169921875,1323.0010986328125
4899,536.8355712890625,846.407470703125,421.0433654785156,1183.236083984375,548.4759521484375,1357.69091796875
4900,560.2282104492188,846.1030883789062,468.9972229003906,1162.2392578125,669.1567993164062,1354.7032470703125
4901,563.86376953125,831.273193359375,479.0386047363281,1126.025390625,719.5559692382812,1331.447509765625
4902,585.2081909179688,792.7556762695312,492.4142761230469,1099.34228515625,735.236083984375,1341.24365234375
4903,587.8112182617188,775.1647338867188,573.050537109375,1097.447265625,793.409423828125,1375.9041748046875
4904,591.2127075195312,753.374755859375,622.887451171875,1075.52490234375,834.1264038085938,1379.2318115234375
4905,592.8309936523438,732.6666870117188,661.3755493164062,1037.09326171875,859.7239990234375,1326.24365234375
4906,567.0051879882812,734.6160278320312,684.298583984375,1029.0850830078125,896.4765014648438,1305.2347412109375
4907,564.6331787109375,767.7789306640625,674.2203369140625,1019.3450317382812,905.0579223632812,1275.74072265625
4908,557.6465454101562,774.3425903320312,637.54345703125,1035.81591796875,899.3265991210938,1251.2396240234375
4909,541.5117797851562,779.5904541015625,623.6826782226562,1048.755126953125,895.6851196289062,1214.351806640625
4910,539.3950805664062,792.550048828125,588.8682861328125,1068.3138427734375,847.1539916992188,1225.0655517578125
4911,552.275390625,803.0869140625,544.0567016601562,1066.3369140625,802.2769775390625,1227.018310546875
4912,559.5390014648438,787.4315795898438,524.282470703125,1067.645263671875,752.072998046875,1254.292724609375
4913,560.8760986328125,796.0872802734375,492.92559814453125,1091.0582275390625,722.0431518554688,1314.7626953125
4914,538.1798706054688,774.175048828125,462.2783203125,1059.502685546875,613.6011962890625,1292.0050048828125
4915,547.5181274414062,769.2803344726562,444.100830078125,1049.629150390625,558.37548828125,1308.6650390625
4916,536.7378540039062,748.4027709960938,435.7342529296875,1045.5025634765625,490.30352783203125,1333.3956298828125
4917,551.9059448242188,746.8216552734375,435.47735595703125,1054.990966796875,424.85369873046875,1347.1070556640625
4918,559.6856079101562,754.6106567382812,428.9960021972656,1075.4813232421875,394.1961364746094,1356.3741455078125
4919,564.150146484375,762.889404296875,419.2912292480469,1101.4072265625,404.27655029296875,1363.118408203125
4920,553.4378662109375,779.35693359375,409.0701599121094,1139.26318359375,450.6953430175781,1361.6231689453125
4921,538.6404418945312,814.4089965820312,392.7938232421875,1169.5301513671875,469.3426208496094,1336.430908203125
4922,523.2637329101562,846.1344604492188,400.76934814453125,1182.094970703125,544.968017578125,1330.99169921875
4923,557.1614990234375,856.535400390625,464.572265625,1170.2957763671875,655.8768920898438,1364.23388671875
